{"level":"info","message":"MongoDB Connected Successfully","timestamp":"2025-01-24T06:36:54.806Z"}
{"level":"info","message":"MongoDB Connected Successfully","timestamp":"2025-01-24T06:37:51.713Z"}
{"level":"info","message":"Server running on port 3001","timestamp":"2025-01-24T06:37:51.725Z"}
{"level":"warn","message":"MongoDB disconnected. Attempting to reconnect...","timestamp":"2025-01-24T09:02:51.667Z"}
{"level":"warn","message":"MongoDB disconnected. Attempting to reconnect...","timestamp":"2025-01-24T09:04:07.639Z"}
{"level":"warn","message":"MongoDB disconnected. Attempting to reconnect...","timestamp":"2025-01-24T09:05:37.668Z"}
{"level":"warn","message":"MongoDB disconnected. Attempting to reconnect...","timestamp":"2025-01-24T09:09:38.316Z"}
{"level":"warn","message":"MongoDB disconnected. Attempting to reconnect...","timestamp":"2025-01-24T09:27:12.458Z"}
{"level":"warn","message":"MongoDB disconnected. Attempting to reconnect...","timestamp":"2025-01-24T09:45:30.942Z"}
{"level":"warn","message":"MongoDB disconnected. Attempting to reconnect...","timestamp":"2025-01-24T10:04:51.208Z"}
{"level":"warn","message":"MongoDB disconnected. Attempting to reconnect...","timestamp":"2025-01-24T10:24:09.146Z"}
{"level":"warn","message":"MongoDB disconnected. Attempting to reconnect...","timestamp":"2025-01-24T10:32:58.964Z"}
{"level":"warn","message":"MongoDB disconnected. Attempting to reconnect...","timestamp":"2025-01-24T10:38:20.225Z"}
{"level":"warn","message":"MongoDB disconnected. Attempting to reconnect...","timestamp":"2025-01-24T11:00:39.272Z"}
{"level":"warn","message":"MongoDB disconnected. Attempting to reconnect...","timestamp":"2025-01-24T12:32:31.652Z"}
{"level":"warn","message":"MongoDB disconnected. Attempting to reconnect...","timestamp":"2025-01-24T12:46:05.674Z"}
{"level":"warn","message":"MongoDB disconnected. Attempting to reconnect...","timestamp":"2025-01-24T12:47:44.033Z"}
{"level":"warn","message":"MongoDB disconnected. Attempting to reconnect...","timestamp":"2025-01-24T13:56:21.476Z"}
{"level":"info","message":"MongoDB Connected Successfully","timestamp":"2025-01-24T15:00:52.193Z"}
{"level":"info","message":"Server running on port 3001","timestamp":"2025-01-24T15:00:52.204Z"}
{"level":"warn","message":"MongoDB disconnected. Attempting to reconnect...","timestamp":"2025-01-24T15:35:02.501Z"}
{"level":"info","message":"MongoDB Connected Successfully","timestamp":"2025-01-24T15:57:01.042Z"}
{"level":"info","message":"Server running on port 3001","timestamp":"2025-01-24T15:57:01.060Z"}
{"level":"info","message":"MongoDB Connected Successfully","timestamp":"2025-01-24T15:59:19.242Z"}
{"level":"info","message":"Server running on port 3001","timestamp":"2025-01-24T15:59:19.253Z"}
{"level":"info","message":"MongoDB Connected Successfully","timestamp":"2025-01-24T16:01:26.961Z"}
{"level":"info","message":"MongoDB Connected Successfully","timestamp":"2025-01-24T16:02:05.616Z"}
{"level":"info","message":"Server running on port 3002","timestamp":"2025-01-24T16:02:05.623Z"}
{"level":"warn","message":"MongoDB disconnected. Attempting to reconnect...","timestamp":"2025-01-24T16:28:09.281Z"}
{"level":"warn","message":"MongoDB disconnected. Attempting to reconnect...","timestamp":"2025-01-24T16:28:14.561Z"}
{"level":"warn","message":"MongoDB disconnected. Attempting to reconnect...","timestamp":"2025-01-24T16:44:29.053Z"}
{"level":"warn","message":"MongoDB disconnected. Attempting to reconnect...","timestamp":"2025-01-24T16:44:50.937Z"}
{"level":"warn","message":"MongoDB disconnected. Attempting to reconnect...","timestamp":"2025-01-24T17:01:34.741Z"}
{"level":"warn","message":"MongoDB disconnected. Attempting to reconnect...","timestamp":"2025-01-24T17:02:10.733Z"}
{"level":"warn","message":"MongoDB disconnected. Attempting to reconnect...","timestamp":"2025-01-24T17:18:42.204Z"}
{"level":"warn","message":"MongoDB disconnected. Attempting to reconnect...","timestamp":"2025-01-24T17:19:52.104Z"}
{"level":"warn","message":"MongoDB disconnected. Attempting to reconnect...","timestamp":"2025-01-24T17:21:01.863Z"}
{"level":"warn","message":"MongoDB disconnected. Attempting to reconnect...","timestamp":"2025-01-24T17:39:14.457Z"}
{"level":"warn","message":"MongoDB disconnected. Attempting to reconnect...","timestamp":"2025-01-24T17:40:48.593Z"}
{"level":"warn","message":"MongoDB disconnected. Attempting to reconnect...","timestamp":"2025-01-24T17:51:02.629Z"}
{"level":"info","message":"MongoDB Connected Successfully","timestamp":"2025-01-24T17:55:22.872Z"}
{"level":"info","message":"Server running on port 3002","timestamp":"2025-01-24T17:55:22.879Z"}
{"level":"info","message":"MongoDB Connected Successfully","timestamp":"2025-01-24T17:59:14.650Z"}
{"level":"info","message":"Server running on port 3002","timestamp":"2025-01-24T17:59:14.659Z"}
{"level":"info","message":"MongoDB Connected Successfully","timestamp":"2025-01-24T18:03:01.646Z"}
{"level":"info","message":"MongoDB Connected Successfully","timestamp":"2025-02-08T10:45:46.907Z"}
{"level":"info","message":"Server running on port 3002","timestamp":"2025-02-08T10:45:46.914Z"}
{"level":"info","message":"MongoDB Connected Successfully","timestamp":"2025-02-08T10:48:34.765Z"}
{"level":"info","message":"Server running on port 3002","timestamp":"2025-02-08T10:48:34.775Z"}
{"level":"info","message":"MongoDB Connected Successfully","timestamp":"2025-02-08T10:49:00.796Z"}
{"level":"info","message":"Server running on port 3002","timestamp":"2025-02-08T10:49:00.801Z"}
{"level":"info","message":"MongoDB Connected Successfully","timestamp":"2025-02-08T10:56:37.188Z"}
{"level":"info","message":"Server running on port 3002","timestamp":"2025-02-08T10:56:37.195Z"}
{"level":"info","message":"MongoDB Connected Successfully","timestamp":"2025-02-08T10:59:36.683Z"}
{"level":"info","message":"Server running on port 3002","timestamp":"2025-02-08T10:59:36.688Z"}
{"level":"info","message":"MongoDB Connected Successfully","timestamp":"2025-02-08T11:01:32.792Z"}
{"level":"info","message":"Server running on port 3002","timestamp":"2025-02-08T11:01:32.799Z"}
{"level":"info","message":"MongoDB Connected Successfully","timestamp":"2025-02-08T11:01:34.076Z"}
{"level":"info","message":"Server running on port 3002","timestamp":"2025-02-08T11:01:34.079Z"}
{"level":"info","message":"MongoDB Connected Successfully","timestamp":"2025-02-08T11:05:07.198Z"}
{"level":"info","message":"Server running on port 3002","timestamp":"2025-02-08T11:05:07.210Z"}
{"level":"info","message":"MongoDB Connected Successfully","timestamp":"2025-02-08T11:05:23.072Z"}
{"level":"info","message":"Server running on port 3002","timestamp":"2025-02-08T11:05:23.075Z"}
{"level":"info","message":"MongoDB Connected Successfully","timestamp":"2025-02-08T11:06:36.999Z"}
{"level":"info","message":"Server running on port 3002","timestamp":"2025-02-08T11:06:37.005Z"}
{"level":"info","message":"MongoDB Connected Successfully","timestamp":"2025-02-08T11:06:42.851Z"}
{"level":"info","message":"Server running on port 3002","timestamp":"2025-02-08T11:06:42.857Z"}
{"level":"info","message":"MongoDB Connected Successfully","timestamp":"2025-02-08T11:11:13.757Z"}
{"level":"info","message":"Server running on port 3002","timestamp":"2025-02-08T11:11:13.764Z"}
{"level":"info","message":"MongoDB Connected Successfully","timestamp":"2025-02-08T11:11:30.313Z"}
{"level":"info","message":"Server running on port 3002","timestamp":"2025-02-08T11:11:30.320Z"}
{"level":"info","message":"MongoDB Connected Successfully","timestamp":"2025-02-08T11:11:52.817Z"}
{"level":"info","message":"Server running on port 3002","timestamp":"2025-02-08T11:11:52.824Z"}
{"level":"info","message":"MongoDB Connected Successfully","timestamp":"2025-02-08T11:11:54.885Z"}
{"level":"info","message":"Server running on port 3002","timestamp":"2025-02-08T11:11:54.891Z"}
{"level":"info","message":"MongoDB Connected Successfully","timestamp":"2025-02-08T11:12:39.717Z"}
{"level":"info","message":"Server running on port 3002","timestamp":"2025-02-08T11:12:39.724Z"}
{"level":"info","message":"MongoDB Connected Successfully","timestamp":"2025-02-08T11:19:15.927Z"}
{"level":"info","message":"Server running on port 3002","timestamp":"2025-02-08T11:19:15.934Z"}
{"level":"info","message":"MongoDB Connected Successfully","timestamp":"2025-02-08T11:31:57.143Z"}
{"level":"info","message":"Server running on port 3002","timestamp":"2025-02-08T11:31:57.153Z"}
{"level":"info","message":"MongoDB Connected Successfully","timestamp":"2025-02-08T20:49:27.831Z"}
{"level":"info","message":"Server running on port 3002","timestamp":"2025-02-08T20:49:27.840Z"}
{"level":"info","message":"MongoDB Connected Successfully","timestamp":"2025-02-08T20:56:11.138Z"}
{"level":"info","message":"Server running on port 3002","timestamp":"2025-02-08T20:56:11.151Z"}
{"level":"info","message":"MongoDB Connected Successfully","timestamp":"2025-02-08T20:57:09.025Z"}
{"level":"info","message":"Server running on port 3002","timestamp":"2025-02-08T20:57:09.031Z"}
{"level":"info","message":"MongoDB Connected Successfully","timestamp":"2025-02-08T20:57:31.690Z"}
{"level":"info","message":"Server running on port 3002","timestamp":"2025-02-08T20:57:31.694Z"}
{"level":"info","message":"MongoDB Connected Successfully","timestamp":"2025-02-08T20:57:33.794Z"}
{"level":"info","message":"Server running on port 3002","timestamp":"2025-02-08T20:57:33.801Z"}
{"level":"info","message":"MongoDB Connected Successfully","timestamp":"2025-02-08T20:57:44.066Z"}
{"level":"info","message":"Server running on port 3002","timestamp":"2025-02-08T20:57:44.072Z"}
{"level":"info","message":"MongoDB Connected Successfully","timestamp":"2025-02-08T20:57:46.413Z"}
{"level":"info","message":"Server running on port 3002","timestamp":"2025-02-08T20:57:46.418Z"}
{"level":"info","message":"MongoDB Connected Successfully","timestamp":"2025-02-08T20:57:48.661Z"}
{"level":"info","message":"Server running on port 3002","timestamp":"2025-02-08T20:57:48.667Z"}
{"_message":"Block validation failed","errors":{"blockCardSize":{"kind":"enum","message":"`SM` is not a valid enum value for path `blockCardSize`.","name":"ValidatorError","path":"blockCardSize","properties":{"enumValues":["NA","Small","Medium","Large"],"message":"`SM` is not a valid enum value for path `blockCardSize`.","path":"blockCardSize","type":"enum","value":"SM"},"value":"SM"}},"level":"error","message":"Error in createBlock: Block validation failed: blockCardSize: `SM` is not a valid enum value for path `blockCardSize`.","stack":"ValidationError: Block validation failed: blockCardSize: `SM` is not a valid enum value for path `blockCardSize`.\n    at model.Document.invalidate (/Users/keshavv/Desktop/dodo/dodo_be_new/node_modules/.pnpm/mongoose@8.9.5/node_modules/mongoose/lib/document.js:3334:32)\n    at /Users/keshavv/Desktop/dodo/dodo_be_new/node_modules/.pnpm/mongoose@8.9.5/node_modules/mongoose/lib/document.js:3095:17\n    at /Users/keshavv/Desktop/dodo/dodo_be_new/node_modules/.pnpm/mongoose@8.9.5/node_modules/mongoose/lib/schemaType.js:1407:9\n    at processTicksAndRejections (node:internal/process/task_queues:77:11)","timestamp":"2025-02-08T20:59:51.753Z"}
{"level":"info","message":"MongoDB Connected Successfully","timestamp":"2025-02-08T20:59:57.203Z"}
{"level":"info","message":"Server running on port 3002","timestamp":"2025-02-08T20:59:57.214Z"}
{"level":"info","message":"MongoDB Connected Successfully","timestamp":"2025-02-08T21:07:11.177Z"}
{"level":"info","message":"Server running on port 3002","timestamp":"2025-02-08T21:07:11.187Z"}
{"level":"info","message":"MongoDB Connected Successfully","timestamp":"2025-02-08T21:07:26.451Z"}
{"level":"info","message":"Server running on port 3002","timestamp":"2025-02-08T21:07:26.455Z"}
{"level":"info","message":"MongoDB Connected Successfully","timestamp":"2025-02-08T21:07:37.551Z"}
{"level":"info","message":"Server running on port 3002","timestamp":"2025-02-08T21:07:37.553Z"}
{"level":"info","message":"MongoDB Connected Successfully","timestamp":"2025-02-08T21:07:40.147Z"}
{"level":"info","message":"Server running on port 3002","timestamp":"2025-02-08T21:07:40.153Z"}
{"level":"info","message":"MongoDB Connected Successfully","timestamp":"2025-02-08T21:08:22.669Z"}
{"level":"info","message":"Server running on port 3002","timestamp":"2025-02-08T21:08:22.674Z"}
{"level":"info","message":"MongoDB Connected Successfully","timestamp":"2025-02-08T21:08:43.583Z"}
{"level":"info","message":"Server running on port 3002","timestamp":"2025-02-08T21:08:43.588Z"}
{"level":"info","message":"MongoDB Connected Successfully","timestamp":"2025-02-08T21:08:50.480Z"}
{"level":"info","message":"Server running on port 3002","timestamp":"2025-02-08T21:08:50.486Z"}
{"level":"info","message":"MongoDB Connected Successfully","timestamp":"2025-02-08T21:09:38.672Z"}
{"level":"info","message":"Server running on port 3002","timestamp":"2025-02-08T21:09:38.679Z"}
{"level":"info","message":"MongoDB Connected Successfully","timestamp":"2025-02-08T21:27:08.862Z"}
{"level":"info","message":"Server running on port 3002","timestamp":"2025-02-08T21:27:08.871Z"}
{"level":"info","message":"MongoDB Connected Successfully","timestamp":"2025-02-08T21:27:41.550Z"}
{"level":"info","message":"Server running on port 3002","timestamp":"2025-02-08T21:27:41.558Z"}
{"level":"info","message":"MongoDB Connected Successfully","timestamp":"2025-02-08T21:27:58.611Z"}
{"level":"info","message":"Server running on port 3002","timestamp":"2025-02-08T21:27:58.618Z"}
{"level":"info","message":"MongoDB Connected Successfully","timestamp":"2025-02-08T21:28:00.282Z"}
{"level":"info","message":"Server running on port 3002","timestamp":"2025-02-08T21:28:00.285Z"}
{"level":"info","message":"MongoDB Connected Successfully","timestamp":"2025-02-08T21:28:02.922Z"}
{"level":"info","message":"Server running on port 3002","timestamp":"2025-02-08T21:28:02.926Z"}
{"level":"info","message":"MongoDB Connected Successfully","timestamp":"2025-02-08T21:28:04.645Z"}
{"level":"info","message":"Server running on port 3002","timestamp":"2025-02-08T21:28:04.650Z"}
{"level":"info","message":"MongoDB Connected Successfully","timestamp":"2025-02-08T21:28:28.831Z"}
{"level":"info","message":"Server running on port 3002","timestamp":"2025-02-08T21:28:28.834Z"}
{"level":"info","message":"MongoDB Connected Successfully","timestamp":"2025-02-08T21:28:59.484Z"}
{"level":"info","message":"Server running on port 3002","timestamp":"2025-02-08T21:28:59.487Z"}
{"level":"info","message":"MongoDB Connected Successfully","timestamp":"2025-02-08T21:29:09.472Z"}
{"level":"info","message":"Server running on port 3002","timestamp":"2025-02-08T21:29:09.479Z"}
{"level":"info","message":"MongoDB Connected Successfully","timestamp":"2025-02-08T21:29:14.428Z"}
{"level":"info","message":"Server running on port 3002","timestamp":"2025-02-08T21:29:14.435Z"}
{"level":"info","message":"MongoDB Connected Successfully","timestamp":"2025-02-08T21:29:53.886Z"}
{"level":"info","message":"Server running on port 3002","timestamp":"2025-02-08T21:29:53.894Z"}
{"level":"info","message":"MongoDB Connected Successfully","timestamp":"2025-02-08T21:30:09.701Z"}
{"level":"info","message":"Server running on port 3002","timestamp":"2025-02-08T21:30:09.705Z"}
{"level":"info","message":"MongoDB Connected Successfully","timestamp":"2025-02-08T21:31:14.434Z"}
{"level":"info","message":"Server running on port 3002","timestamp":"2025-02-08T21:31:14.442Z"}
{"level":"info","message":"MongoDB Connected Successfully","timestamp":"2025-02-08T21:35:18.951Z"}
{"level":"info","message":"Server running on port 3002","timestamp":"2025-02-08T21:35:18.961Z"}
{"level":"info","message":"MongoDB Connected Successfully","timestamp":"2025-02-08T21:37:36.664Z"}
{"level":"info","message":"Server running on port 3002","timestamp":"2025-02-08T21:37:36.676Z"}
{"_message":"Block validation failed","errors":{"blockType":{"kind":"enum","message":"`SEPARATOR` is not a valid enum value for path `blockType`.","name":"ValidatorError","path":"blockType","properties":{"enumValues":["LINK","POLL","PRODUCT","Separator","HEADING"],"message":"`SEPARATOR` is not a valid enum value for path `blockType`.","path":"blockType","type":"enum","value":"SEPARATOR"},"value":"SEPARATOR"}},"level":"error","message":"Error in createBlock: Block validation failed: blockType: `SEPARATOR` is not a valid enum value for path `blockType`.","stack":"ValidationError: Block validation failed: blockType: `SEPARATOR` is not a valid enum value for path `blockType`.\n    at model.Document.invalidate (/Users/keshavv/Desktop/dodo/dodo_be_new/node_modules/.pnpm/mongoose@8.9.5/node_modules/mongoose/lib/document.js:3334:32)\n    at /Users/keshavv/Desktop/dodo/dodo_be_new/node_modules/.pnpm/mongoose@8.9.5/node_modules/mongoose/lib/document.js:3095:17\n    at /Users/keshavv/Desktop/dodo/dodo_be_new/node_modules/.pnpm/mongoose@8.9.5/node_modules/mongoose/lib/schemaType.js:1407:9\n    at processTicksAndRejections (node:internal/process/task_queues:77:11)","timestamp":"2025-02-08T21:37:38.426Z"}
{"level":"info","message":"MongoDB Connected Successfully","timestamp":"2025-02-08T21:37:53.957Z"}
{"level":"info","message":"Server running on port 3002","timestamp":"2025-02-08T21:37:53.960Z"}
{"level":"info","message":"MongoDB Connected Successfully","timestamp":"2025-02-08T21:37:55.606Z"}
{"level":"info","message":"Server running on port 3002","timestamp":"2025-02-08T21:37:55.612Z"}
{"level":"info","message":"MongoDB Connected Successfully","timestamp":"2025-02-08T21:38:00.520Z"}
{"level":"info","message":"Server running on port 3002","timestamp":"2025-02-08T21:38:00.527Z"}
{"level":"info","message":"MongoDB Connected Successfully","timestamp":"2025-02-08T21:38:04.209Z"}
{"level":"info","message":"Server running on port 3002","timestamp":"2025-02-08T21:38:04.212Z"}
{"level":"info","message":"MongoDB Connected Successfully","timestamp":"2025-02-08T21:38:10.367Z"}
{"level":"info","message":"Server running on port 3002","timestamp":"2025-02-08T21:38:10.370Z"}
{"level":"info","message":"MongoDB Connected Successfully","timestamp":"2025-02-08T21:38:13.778Z"}
{"level":"info","message":"Server running on port 3002","timestamp":"2025-02-08T21:38:13.785Z"}
{"level":"info","message":"MongoDB Connected Successfully","timestamp":"2025-02-08T21:38:27.920Z"}
{"level":"info","message":"Server running on port 3002","timestamp":"2025-02-08T21:38:27.926Z"}
{"level":"info","message":"MongoDB Connected Successfully","timestamp":"2025-02-08T21:38:31.885Z"}
{"level":"info","message":"Server running on port 3002","timestamp":"2025-02-08T21:38:31.892Z"}
{"level":"info","message":"MongoDB Connected Successfully","timestamp":"2025-02-08T21:38:34.766Z"}
{"level":"info","message":"Server running on port 3002","timestamp":"2025-02-08T21:38:34.773Z"}
{"level":"info","message":"MongoDB Connected Successfully","timestamp":"2025-02-08T21:38:44.952Z"}
{"level":"info","message":"Server running on port 3002","timestamp":"2025-02-08T21:38:44.958Z"}
{"level":"info","message":"MongoDB Connected Successfully","timestamp":"2025-02-08T21:39:45.204Z"}
{"level":"info","message":"Server running on port 3002","timestamp":"2025-02-08T21:39:45.206Z"}
{"level":"info","message":"MongoDB Connected Successfully","timestamp":"2025-02-08T21:39:46.201Z"}
{"level":"info","message":"Server running on port 3002","timestamp":"2025-02-08T21:39:46.209Z"}
{"_message":"HeadingBlock validation failed","errors":{"title":{"kind":"required","message":"Path `title` is required.","name":"ValidatorError","path":"title","properties":{"message":"Path `title` is required.","path":"title","type":"required"}}},"level":"error","message":"Error in createBlock: HeadingBlock validation failed: title: Path `title` is required.","stack":"ValidationError: HeadingBlock validation failed: title: Path `title` is required.\n    at model.Document.invalidate (/Users/keshavv/Desktop/dodo/dodo_be_new/node_modules/.pnpm/mongoose@8.9.5/node_modules/mongoose/lib/document.js:3334:32)\n    at /Users/keshavv/Desktop/dodo/dodo_be_new/node_modules/.pnpm/mongoose@8.9.5/node_modules/mongoose/lib/document.js:3095:17\n    at /Users/keshavv/Desktop/dodo/dodo_be_new/node_modules/.pnpm/mongoose@8.9.5/node_modules/mongoose/lib/schemaType.js:1407:9\n    at processTicksAndRejections (node:internal/process/task_queues:77:11)","timestamp":"2025-02-08T22:14:34.117Z"}
{"level":"info","message":"MongoDB Connected Successfully","timestamp":"2025-02-08T22:14:39.347Z"}
{"level":"info","message":"Server running on port 3002","timestamp":"2025-02-08T22:14:39.355Z"}
{"level":"info","message":"MongoDB Connected Successfully","timestamp":"2025-02-08T22:14:41.678Z"}
{"level":"info","message":"Server running on port 3002","timestamp":"2025-02-08T22:14:41.685Z"}
{"_message":"HeadingBlock validation failed","errors":{"title":{"kind":"required","message":"Path `title` is required.","name":"ValidatorError","path":"title","properties":{"message":"Path `title` is required.","path":"title","type":"required"}}},"level":"error","message":"Error in createBlock: HeadingBlock validation failed: title: Path `title` is required.","stack":"ValidationError: HeadingBlock validation failed: title: Path `title` is required.\n    at model.Document.invalidate (/Users/keshavv/Desktop/dodo/dodo_be_new/node_modules/.pnpm/mongoose@8.9.5/node_modules/mongoose/lib/document.js:3334:32)\n    at /Users/keshavv/Desktop/dodo/dodo_be_new/node_modules/.pnpm/mongoose@8.9.5/node_modules/mongoose/lib/document.js:3095:17\n    at /Users/keshavv/Desktop/dodo/dodo_be_new/node_modules/.pnpm/mongoose@8.9.5/node_modules/mongoose/lib/schemaType.js:1407:9\n    at processTicksAndRejections (node:internal/process/task_queues:77:11)","timestamp":"2025-02-08T22:14:42.972Z"}
{"level":"info","message":"MongoDB Connected Successfully","timestamp":"2025-02-08T22:15:36.188Z"}
{"level":"info","message":"Server running on port 3002","timestamp":"2025-02-08T22:15:36.191Z"}
{"level":"info","message":"MongoDB Connected Successfully","timestamp":"2025-02-08T22:15:37.714Z"}
{"level":"info","message":"Server running on port 3002","timestamp":"2025-02-08T22:15:37.717Z"}
{"level":"warn","message":"MongoDB disconnected. Attempting to reconnect...","timestamp":"2025-02-08T22:38:55.600Z"}
{"level":"error","message":"Error in createBlock: First argument to `Model` constructor must be an object, **not** a string. Make sure you're calling `mongoose.model()`, not `mongoose.Model()`.","stack":"TypeError: First argument to `Model` constructor must be an object, **not** a string. Make sure you're calling `mongoose.model()`, not `mongoose.Model()`.\n    at model.Model (/Users/keshavv/Desktop/dodo/dodo_be_new/node_modules/.pnpm/mongoose@8.9.5/node_modules/mongoose/lib/model.js:125:11)\n    at new model (/Users/keshavv/Desktop/dodo/dodo_be_new/node_modules/.pnpm/mongoose@8.9.5/node_modules/mongoose/lib/model.js:4656:15)\n    at /Users/keshavv/Desktop/dodo/dodo_be_new/node_modules/.pnpm/mongoose@8.9.5/node_modules/mongoose/lib/model.js:2691:20\n    at Array.map (<anonymous>)\n    at Function.create (/Users/keshavv/Desktop/dodo/dodo_be_new/node_modules/.pnpm/mongoose@8.9.5/node_modules/mongoose/lib/model.js:2679:34)\n    at createBlock (/Users/keshavv/Desktop/dodo/dodo_be_new/src/controllers/block/blockController.ts:67:44)\n    at processTicksAndRejections (node:internal/process/task_queues:95:5)","timestamp":"2025-02-08T22:41:02.930Z"}
{"level":"error","message":"Error in createBlock: First argument to `Model` constructor must be an object, **not** a string. Make sure you're calling `mongoose.model()`, not `mongoose.Model()`.","stack":"TypeError: First argument to `Model` constructor must be an object, **not** a string. Make sure you're calling `mongoose.model()`, not `mongoose.Model()`.\n    at model.Model (/Users/keshavv/Desktop/dodo/dodo_be_new/node_modules/.pnpm/mongoose@8.9.5/node_modules/mongoose/lib/model.js:125:11)\n    at new model (/Users/keshavv/Desktop/dodo/dodo_be_new/node_modules/.pnpm/mongoose@8.9.5/node_modules/mongoose/lib/model.js:4656:15)\n    at /Users/keshavv/Desktop/dodo/dodo_be_new/node_modules/.pnpm/mongoose@8.9.5/node_modules/mongoose/lib/model.js:2691:20\n    at Array.map (<anonymous>)\n    at Function.create (/Users/keshavv/Desktop/dodo/dodo_be_new/node_modules/.pnpm/mongoose@8.9.5/node_modules/mongoose/lib/model.js:2679:34)\n    at createBlock (/Users/keshavv/Desktop/dodo/dodo_be_new/src/controllers/block/blockController.ts:67:44)\n    at processTicksAndRejections (node:internal/process/task_queues:95:5)","timestamp":"2025-02-08T22:41:13.809Z"}
{"level":"info","message":"MongoDB Connected Successfully","timestamp":"2025-02-08T22:41:24.757Z"}
{"level":"info","message":"Server running on port 3002","timestamp":"2025-02-08T22:41:24.764Z"}
{"level":"info","message":"MongoDB Connected Successfully","timestamp":"2025-02-08T22:41:26.915Z"}
{"level":"info","message":"Server running on port 3002","timestamp":"2025-02-08T22:41:26.921Z"}
{"level":"error","message":"Error in createBlock: First argument to `Model` constructor must be an object, **not** a string. Make sure you're calling `mongoose.model()`, not `mongoose.Model()`.","stack":"TypeError: First argument to `Model` constructor must be an object, **not** a string. Make sure you're calling `mongoose.model()`, not `mongoose.Model()`.\n    at model.Model (/Users/keshavv/Desktop/dodo/dodo_be_new/node_modules/.pnpm/mongoose@8.9.5/node_modules/mongoose/lib/model.js:125:11)\n    at new model (/Users/keshavv/Desktop/dodo/dodo_be_new/node_modules/.pnpm/mongoose@8.9.5/node_modules/mongoose/lib/model.js:4656:15)\n    at /Users/keshavv/Desktop/dodo/dodo_be_new/node_modules/.pnpm/mongoose@8.9.5/node_modules/mongoose/lib/model.js:2691:20\n    at Array.map (<anonymous>)\n    at Function.create (/Users/keshavv/Desktop/dodo/dodo_be_new/node_modules/.pnpm/mongoose@8.9.5/node_modules/mongoose/lib/model.js:2679:34)\n    at createBlock (/Users/keshavv/Desktop/dodo/dodo_be_new/src/controllers/block/blockController.ts:67:44)\n    at processTicksAndRejections (node:internal/process/task_queues:95:5)","timestamp":"2025-02-08T22:41:29.969Z"}
{"level":"info","message":"MongoDB Connected Successfully","timestamp":"2025-02-08T22:45:18.333Z"}
{"level":"info","message":"Server running on port 3002","timestamp":"2025-02-08T22:45:18.339Z"}
{"level":"error","message":"Error in createBlock: First argument to `Model` constructor must be an object, **not** a string. Make sure you're calling `mongoose.model()`, not `mongoose.Model()`.","stack":"TypeError: First argument to `Model` constructor must be an object, **not** a string. Make sure you're calling `mongoose.model()`, not `mongoose.Model()`.\n    at model.Model (/Users/keshavv/Desktop/dodo/dodo_be_new/node_modules/.pnpm/mongoose@8.9.5/node_modules/mongoose/lib/model.js:125:11)\n    at new model (/Users/keshavv/Desktop/dodo/dodo_be_new/node_modules/.pnpm/mongoose@8.9.5/node_modules/mongoose/lib/model.js:4656:15)\n    at /Users/keshavv/Desktop/dodo/dodo_be_new/node_modules/.pnpm/mongoose@8.9.5/node_modules/mongoose/lib/model.js:2691:20\n    at Array.map (<anonymous>)\n    at Function.create (/Users/keshavv/Desktop/dodo/dodo_be_new/node_modules/.pnpm/mongoose@8.9.5/node_modules/mongoose/lib/model.js:2679:34)\n    at createBlock (/Users/keshavv/Desktop/dodo/dodo_be_new/src/controllers/block/blockController.ts:67:44)\n    at processTicksAndRejections (node:internal/process/task_queues:95:5)","timestamp":"2025-02-08T22:46:06.626Z"}
{"level":"info","message":"MongoDB Connected Successfully","timestamp":"2025-02-08T22:47:08.843Z"}
{"level":"info","message":"Server running on port 3002","timestamp":"2025-02-08T22:47:08.850Z"}
{"level":"error","message":"Error in createBlock: First argument to `Model` constructor must be an object, **not** a string. Make sure you're calling `mongoose.model()`, not `mongoose.Model()`.","stack":"TypeError: First argument to `Model` constructor must be an object, **not** a string. Make sure you're calling `mongoose.model()`, not `mongoose.Model()`.\n    at model.Model (/Users/keshavv/Desktop/dodo/dodo_be_new/node_modules/.pnpm/mongoose@8.9.5/node_modules/mongoose/lib/model.js:125:11)\n    at new model (/Users/keshavv/Desktop/dodo/dodo_be_new/node_modules/.pnpm/mongoose@8.9.5/node_modules/mongoose/lib/model.js:4656:15)\n    at /Users/keshavv/Desktop/dodo/dodo_be_new/node_modules/.pnpm/mongoose@8.9.5/node_modules/mongoose/lib/model.js:2691:20\n    at Array.map (<anonymous>)\n    at Function.create (/Users/keshavv/Desktop/dodo/dodo_be_new/node_modules/.pnpm/mongoose@8.9.5/node_modules/mongoose/lib/model.js:2679:34)\n    at createBlock (/Users/keshavv/Desktop/dodo/dodo_be_new/src/controllers/block/blockController.ts:74:44)\n    at processTicksAndRejections (node:internal/process/task_queues:95:5)","timestamp":"2025-02-08T22:47:15.761Z"}
{"level":"info","message":"MongoDB Connected Successfully","timestamp":"2025-02-08T22:47:26.768Z"}
{"level":"info","message":"Server running on port 3002","timestamp":"2025-02-08T22:47:26.774Z"}
{"level":"info","message":"MongoDB Connected Successfully","timestamp":"2025-02-08T22:47:45.214Z"}
{"level":"info","message":"Server running on port 3002","timestamp":"2025-02-08T22:47:45.219Z"}
{"level":"info","message":"MongoDB Connected Successfully","timestamp":"2025-02-08T22:47:48.160Z"}
{"level":"info","message":"Server running on port 3002","timestamp":"2025-02-08T22:47:48.164Z"}
{"level":"info","message":"MongoDB Connected Successfully","timestamp":"2025-02-08T22:47:49.807Z"}
{"level":"info","message":"Server running on port 3002","timestamp":"2025-02-08T22:47:49.812Z"}
{"level":"info","message":"MongoDB Connected Successfully","timestamp":"2025-02-08T22:47:52.793Z"}
{"level":"info","message":"Server running on port 3002","timestamp":"2025-02-08T22:47:52.801Z"}
{"level":"info","message":"MongoDB Connected Successfully","timestamp":"2025-02-08T22:47:55.779Z"}
{"level":"info","message":"Server running on port 3002","timestamp":"2025-02-08T22:47:55.783Z"}
{"level":"info","message":"MongoDB Connected Successfully","timestamp":"2025-02-08T22:47:57.450Z"}
{"level":"info","message":"Server running on port 3002","timestamp":"2025-02-08T22:47:57.456Z"}
{"level":"error","message":"Error in createBlock: First argument to `Model` constructor must be an object, **not** a string. Make sure you're calling `mongoose.model()`, not `mongoose.Model()`.","stack":"TypeError: First argument to `Model` constructor must be an object, **not** a string. Make sure you're calling `mongoose.model()`, not `mongoose.Model()`.\n    at model.Model (/Users/keshavv/Desktop/dodo/dodo_be_new/node_modules/.pnpm/mongoose@8.9.5/node_modules/mongoose/lib/model.js:125:11)\n    at new model (/Users/keshavv/Desktop/dodo/dodo_be_new/node_modules/.pnpm/mongoose@8.9.5/node_modules/mongoose/lib/model.js:4656:15)\n    at /Users/keshavv/Desktop/dodo/dodo_be_new/node_modules/.pnpm/mongoose@8.9.5/node_modules/mongoose/lib/model.js:2691:20\n    at Array.map (<anonymous>)\n    at Function.create (/Users/keshavv/Desktop/dodo/dodo_be_new/node_modules/.pnpm/mongoose@8.9.5/node_modules/mongoose/lib/model.js:2679:34)\n    at createBlock (/Users/keshavv/Desktop/dodo/dodo_be_new/src/controllers/block/blockController.ts:70:44)\n    at processTicksAndRejections (node:internal/process/task_queues:95:5)","timestamp":"2025-02-08T22:47:59.962Z"}
{"level":"info","message":"MongoDB Connected Successfully","timestamp":"2025-02-08T22:48:20.799Z"}
{"level":"info","message":"Server running on port 3002","timestamp":"2025-02-08T22:48:20.806Z"}
{"level":"info","message":"MongoDB Connected Successfully","timestamp":"2025-02-08T22:48:29.479Z"}
{"level":"info","message":"Server running on port 3002","timestamp":"2025-02-08T22:48:29.482Z"}
{"level":"error","message":"Error in createBlock: First argument to `Model` constructor must be an object, **not** a string. Make sure you're calling `mongoose.model()`, not `mongoose.Model()`.","stack":"TypeError: First argument to `Model` constructor must be an object, **not** a string. Make sure you're calling `mongoose.model()`, not `mongoose.Model()`.\n    at model.Model (/Users/keshavv/Desktop/dodo/dodo_be_new/node_modules/.pnpm/mongoose@8.9.5/node_modules/mongoose/lib/model.js:125:11)\n    at new model (/Users/keshavv/Desktop/dodo/dodo_be_new/node_modules/.pnpm/mongoose@8.9.5/node_modules/mongoose/lib/model.js:4656:15)\n    at /Users/keshavv/Desktop/dodo/dodo_be_new/node_modules/.pnpm/mongoose@8.9.5/node_modules/mongoose/lib/model.js:2691:20\n    at Array.map (<anonymous>)\n    at Function.create (/Users/keshavv/Desktop/dodo/dodo_be_new/node_modules/.pnpm/mongoose@8.9.5/node_modules/mongoose/lib/model.js:2679:34)\n    at createBlock (/Users/keshavv/Desktop/dodo/dodo_be_new/src/controllers/block/blockController.ts:68:44)\n    at processTicksAndRejections (node:internal/process/task_queues:95:5)","timestamp":"2025-02-08T22:48:31.689Z"}
{"level":"info","message":"MongoDB Connected Successfully","timestamp":"2025-02-08T22:49:32.799Z"}
{"level":"info","message":"Server running on port 3002","timestamp":"2025-02-08T22:49:32.806Z"}
{"level":"info","message":"MongoDB Connected Successfully","timestamp":"2025-02-08T22:49:35.433Z"}
{"level":"info","message":"Server running on port 3002","timestamp":"2025-02-08T22:49:35.440Z"}
{"level":"info","message":"MongoDB Connected Successfully","timestamp":"2025-02-08T23:06:34.927Z"}
{"level":"info","message":"Server running on port 3002","timestamp":"2025-02-08T23:06:34.940Z"}
{"level":"info","message":"MongoDB Connected Successfully","timestamp":"2025-02-08T23:06:37.872Z"}
{"level":"info","message":"Server running on port 3002","timestamp":"2025-02-08T23:06:37.878Z"}
{"level":"warn","message":"MongoDB disconnected. Attempting to reconnect...","timestamp":"2025-02-08T23:41:10.579Z"}
{"level":"warn","message":"MongoDB disconnected. Attempting to reconnect...","timestamp":"2025-02-09T00:30:00.599Z"}
{"level":"warn","message":"MongoDB disconnected. Attempting to reconnect...","timestamp":"2025-02-09T01:42:01.079Z"}
{"level":"warn","message":"MongoDB disconnected. Attempting to reconnect...","timestamp":"2025-02-09T06:22:50.999Z"}
{"level":"warn","message":"MongoDB disconnected. Attempting to reconnect...","timestamp":"2025-02-09T07:06:01.098Z"}
{"level":"warn","message":"MongoDB disconnected. Attempting to reconnect...","timestamp":"2025-02-09T07:48:05.469Z"}
{"level":"warn","message":"MongoDB disconnected. Attempting to reconnect...","timestamp":"2025-02-09T09:03:52.781Z"}
{"level":"warn","message":"MongoDB disconnected. Attempting to reconnect...","timestamp":"2025-02-09T09:21:40.053Z"}
{"level":"info","message":"MongoDB Connected Successfully","timestamp":"2025-02-09T09:27:42.042Z"}
{"level":"info","message":"Server running on port 3002","timestamp":"2025-02-09T09:27:42.051Z"}
{"_message":"ProductBlock validation failed","errors":{"productImage":{"kind":"required","message":"Path `productImage` is required.","name":"ValidatorError","path":"productImage","properties":{"message":"Path `productImage` is required.","path":"productImage","type":"required"}}},"level":"error","message":"Error in createBlock: ProductBlock validation failed: productImage: Path `productImage` is required.","stack":"ValidationError: ProductBlock validation failed: productImage: Path `productImage` is required.\n    at model.Document.invalidate (/Users/keshavv/Desktop/dodo/dodo_be_new/node_modules/.pnpm/mongoose@8.9.5/node_modules/mongoose/lib/document.js:3334:32)\n    at /Users/keshavv/Desktop/dodo/dodo_be_new/node_modules/.pnpm/mongoose@8.9.5/node_modules/mongoose/lib/document.js:3095:17\n    at /Users/keshavv/Desktop/dodo/dodo_be_new/node_modules/.pnpm/mongoose@8.9.5/node_modules/mongoose/lib/schemaType.js:1407:9\n    at processTicksAndRejections (node:internal/process/task_queues:77:11)","timestamp":"2025-02-09T10:03:51.441Z"}
{"code":"ENOENT","errno":-2,"level":"error","message":"Unhandled error: ENOENT: no such file or directory, open 'uploads/productImage-1739095567631-355227749.png'","path":"uploads/productImage-1739095567631-355227749.png","stack":"Error: ENOENT: no such file or directory, open 'uploads/productImage-1739095567631-355227749.png'","storageErrors":[],"syscall":"open","timestamp":"2025-02-09T10:06:07.640Z"}
{"_message":"HeadingBlock validation failed","errors":{"title":{"kind":"required","message":"Path `title` is required.","name":"ValidatorError","path":"title","properties":{"message":"Path `title` is required.","path":"title","type":"required"}}},"level":"error","message":"Error in createBlock: HeadingBlock validation failed: title: Path `title` is required.","stack":"ValidationError: HeadingBlock validation failed: title: Path `title` is required.\n    at model.Document.invalidate (/Users/keshavv/Desktop/dodo/dodo_be_new/node_modules/.pnpm/mongoose@8.9.5/node_modules/mongoose/lib/document.js:3334:32)\n    at /Users/keshavv/Desktop/dodo/dodo_be_new/node_modules/.pnpm/mongoose@8.9.5/node_modules/mongoose/lib/document.js:3095:17\n    at /Users/keshavv/Desktop/dodo/dodo_be_new/node_modules/.pnpm/mongoose@8.9.5/node_modules/mongoose/lib/schemaType.js:1407:9\n    at processTicksAndRejections (node:internal/process/task_queues:77:11)","timestamp":"2025-02-09T10:09:59.144Z"}
{"level":"error","message":"Error in createBlock: First argument to `Model` constructor must be an object, **not** a string. Make sure you're calling `mongoose.model()`, not `mongoose.Model()`.","stack":"TypeError: First argument to `Model` constructor must be an object, **not** a string. Make sure you're calling `mongoose.model()`, not `mongoose.Model()`.\n    at model.Model (/Users/keshavv/Desktop/dodo/dodo_be_new/node_modules/.pnpm/mongoose@8.9.5/node_modules/mongoose/lib/model.js:125:11)\n    at new model (/Users/keshavv/Desktop/dodo/dodo_be_new/node_modules/.pnpm/mongoose@8.9.5/node_modules/mongoose/lib/model.js:4656:15)\n    at /Users/keshavv/Desktop/dodo/dodo_be_new/node_modules/.pnpm/mongoose@8.9.5/node_modules/mongoose/lib/model.js:2691:20\n    at Array.map (<anonymous>)\n    at Function.create (/Users/keshavv/Desktop/dodo/dodo_be_new/node_modules/.pnpm/mongoose@8.9.5/node_modules/mongoose/lib/model.js:2679:34)\n    at createBlock (/Users/keshavv/Desktop/dodo/dodo_be_new/src/controllers/block/blockController.ts:73:44)\n    at processTicksAndRejections (node:internal/process/task_queues:95:5)","timestamp":"2025-02-09T10:31:24.858Z"}
{"level":"error","message":"Error in createBlock: First argument to `Model` constructor must be an object, **not** a string. Make sure you're calling `mongoose.model()`, not `mongoose.Model()`.","stack":"TypeError: First argument to `Model` constructor must be an object, **not** a string. Make sure you're calling `mongoose.model()`, not `mongoose.Model()`.\n    at model.Model (/Users/keshavv/Desktop/dodo/dodo_be_new/node_modules/.pnpm/mongoose@8.9.5/node_modules/mongoose/lib/model.js:125:11)\n    at new model (/Users/keshavv/Desktop/dodo/dodo_be_new/node_modules/.pnpm/mongoose@8.9.5/node_modules/mongoose/lib/model.js:4656:15)\n    at /Users/keshavv/Desktop/dodo/dodo_be_new/node_modules/.pnpm/mongoose@8.9.5/node_modules/mongoose/lib/model.js:2691:20\n    at Array.map (<anonymous>)\n    at Function.create (/Users/keshavv/Desktop/dodo/dodo_be_new/node_modules/.pnpm/mongoose@8.9.5/node_modules/mongoose/lib/model.js:2679:34)\n    at createBlock (/Users/keshavv/Desktop/dodo/dodo_be_new/src/controllers/block/blockController.ts:73:44)\n    at processTicksAndRejections (node:internal/process/task_queues:95:5)","timestamp":"2025-02-09T10:31:58.643Z"}
{"level":"info","message":"MongoDB Connected Successfully","timestamp":"2025-02-09T10:33:00.964Z"}
{"level":"info","message":"Server running on port 3002","timestamp":"2025-02-09T10:33:00.973Z"}
{"level":"info","message":"MongoDB Connected Successfully","timestamp":"2025-02-09T10:53:47.018Z"}
{"level":"info","message":"Server running on port 3002","timestamp":"2025-02-09T10:53:47.029Z"}
{"level":"info","message":"MongoDB Connected Successfully","timestamp":"2025-02-09T10:53:50.916Z"}
{"level":"info","message":"Server running on port 3002","timestamp":"2025-02-09T10:53:50.919Z"}
{"level":"info","message":"MongoDB Connected Successfully","timestamp":"2025-02-09T10:53:55.128Z"}
{"level":"info","message":"Server running on port 3002","timestamp":"2025-02-09T10:53:55.134Z"}
{"level":"error","message":"Error in createBlock: First argument to `Model` constructor must be an object, **not** a string. Make sure you're calling `mongoose.model()`, not `mongoose.Model()`.","stack":"TypeError: First argument to `Model` constructor must be an object, **not** a string. Make sure you're calling `mongoose.model()`, not `mongoose.Model()`.\n    at model.Model (/Users/keshavv/Desktop/dodo/dodo_be_new/node_modules/.pnpm/mongoose@8.9.5/node_modules/mongoose/lib/model.js:125:11)\n    at new model (/Users/keshavv/Desktop/dodo/dodo_be_new/node_modules/.pnpm/mongoose@8.9.5/node_modules/mongoose/lib/model.js:4656:15)\n    at /Users/keshavv/Desktop/dodo/dodo_be_new/node_modules/.pnpm/mongoose@8.9.5/node_modules/mongoose/lib/model.js:2691:20\n    at Array.map (<anonymous>)\n    at Function.create (/Users/keshavv/Desktop/dodo/dodo_be_new/node_modules/.pnpm/mongoose@8.9.5/node_modules/mongoose/lib/model.js:2679:34)\n    at createBlock (/Users/keshavv/Desktop/dodo/dodo_be_new/src/controllers/block/blockController.ts:74:44)\n    at processTicksAndRejections (node:internal/process/task_queues:95:5)","timestamp":"2025-02-09T10:53:58.092Z"}
{"level":"info","message":"MongoDB Connected Successfully","timestamp":"2025-02-09T10:54:45.456Z"}
{"level":"info","message":"Server running on port 3002","timestamp":"2025-02-09T10:54:45.462Z"}
{"level":"info","message":"MongoDB Connected Successfully","timestamp":"2025-02-09T10:54:48.306Z"}
{"level":"info","message":"Server running on port 3002","timestamp":"2025-02-09T10:54:48.310Z"}
{"level":"error","message":"Error in createBlock: First argument to `Model` constructor must be an object, **not** a string. Make sure you're calling `mongoose.model()`, not `mongoose.Model()`.","stack":"TypeError: First argument to `Model` constructor must be an object, **not** a string. Make sure you're calling `mongoose.model()`, not `mongoose.Model()`.\n    at model.Model (/Users/keshavv/Desktop/dodo/dodo_be_new/node_modules/.pnpm/mongoose@8.9.5/node_modules/mongoose/lib/model.js:125:11)\n    at new model (/Users/keshavv/Desktop/dodo/dodo_be_new/node_modules/.pnpm/mongoose@8.9.5/node_modules/mongoose/lib/model.js:4656:15)\n    at /Users/keshavv/Desktop/dodo/dodo_be_new/node_modules/.pnpm/mongoose@8.9.5/node_modules/mongoose/lib/model.js:2691:20\n    at Array.map (<anonymous>)\n    at Function.create (/Users/keshavv/Desktop/dodo/dodo_be_new/node_modules/.pnpm/mongoose@8.9.5/node_modules/mongoose/lib/model.js:2679:34)\n    at createBlock (/Users/keshavv/Desktop/dodo/dodo_be_new/src/controllers/block/blockController.ts:76:44)\n    at processTicksAndRejections (node:internal/process/task_queues:95:5)","timestamp":"2025-02-09T10:54:55.759Z"}
{"level":"error","message":"Error in createBlock: First argument to `Model` constructor must be an object, **not** a string. Make sure you're calling `mongoose.model()`, not `mongoose.Model()`.","stack":"TypeError: First argument to `Model` constructor must be an object, **not** a string. Make sure you're calling `mongoose.model()`, not `mongoose.Model()`.\n    at model.Model (/Users/keshavv/Desktop/dodo/dodo_be_new/node_modules/.pnpm/mongoose@8.9.5/node_modules/mongoose/lib/model.js:125:11)\n    at new model (/Users/keshavv/Desktop/dodo/dodo_be_new/node_modules/.pnpm/mongoose@8.9.5/node_modules/mongoose/lib/model.js:4656:15)\n    at /Users/keshavv/Desktop/dodo/dodo_be_new/node_modules/.pnpm/mongoose@8.9.5/node_modules/mongoose/lib/model.js:2691:20\n    at Array.map (<anonymous>)\n    at Function.create (/Users/keshavv/Desktop/dodo/dodo_be_new/node_modules/.pnpm/mongoose@8.9.5/node_modules/mongoose/lib/model.js:2679:34)\n    at createBlock (/Users/keshavv/Desktop/dodo/dodo_be_new/src/controllers/block/blockController.ts:76:44)\n    at processTicksAndRejections (node:internal/process/task_queues:95:5)","timestamp":"2025-02-09T10:56:13.351Z"}
{"level":"info","message":"MongoDB Connected Successfully","timestamp":"2025-02-09T10:57:37.592Z"}
{"level":"info","message":"Server running on port 3002","timestamp":"2025-02-09T10:57:37.604Z"}
{"level":"info","message":"MongoDB Connected Successfully","timestamp":"2025-02-09T10:57:42.047Z"}
{"level":"info","message":"Server running on port 3002","timestamp":"2025-02-09T10:57:42.050Z"}
{"level":"info","message":"MongoDB Connected Successfully","timestamp":"2025-02-09T10:57:45.528Z"}
{"level":"info","message":"Server running on port 3002","timestamp":"2025-02-09T10:57:45.534Z"}
{"level":"info","message":"MongoDB Connected Successfully","timestamp":"2025-02-09T10:57:46.460Z"}
{"level":"info","message":"Server running on port 3002","timestamp":"2025-02-09T10:57:46.467Z"}
{"level":"error","message":"Error in createBlock: First argument to `Model` constructor must be an object, **not** a string. Make sure you're calling `mongoose.model()`, not `mongoose.Model()`.","stack":"TypeError: First argument to `Model` constructor must be an object, **not** a string. Make sure you're calling `mongoose.model()`, not `mongoose.Model()`.\n    at model.Model (/Users/keshavv/Desktop/dodo/dodo_be_new/node_modules/.pnpm/mongoose@8.9.5/node_modules/mongoose/lib/model.js:125:11)\n    at new model (/Users/keshavv/Desktop/dodo/dodo_be_new/node_modules/.pnpm/mongoose@8.9.5/node_modules/mongoose/lib/model.js:4656:15)\n    at /Users/keshavv/Desktop/dodo/dodo_be_new/node_modules/.pnpm/mongoose@8.9.5/node_modules/mongoose/lib/model.js:2691:20\n    at Array.map (<anonymous>)\n    at Function.create (/Users/keshavv/Desktop/dodo/dodo_be_new/node_modules/.pnpm/mongoose@8.9.5/node_modules/mongoose/lib/model.js:2679:34)\n    at createBlock (/Users/keshavv/Desktop/dodo/dodo_be_new/src/controllers/block/blockController.ts:78:44)\n    at processTicksAndRejections (node:internal/process/task_queues:95:5)","timestamp":"2025-02-09T10:57:48.370Z"}
{"level":"info","message":"MongoDB Connected Successfully","timestamp":"2025-02-09T10:58:32.525Z"}
{"level":"info","message":"Server running on port 3002","timestamp":"2025-02-09T10:58:32.529Z"}
{"level":"info","message":"MongoDB Connected Successfully","timestamp":"2025-02-09T11:00:40.034Z"}
{"level":"info","message":"Server running on port 3002","timestamp":"2025-02-09T11:00:40.042Z"}
{"level":"info","message":"MongoDB Connected Successfully","timestamp":"2025-02-09T11:00:40.832Z"}
{"level":"info","message":"Server running on port 3002","timestamp":"2025-02-09T11:00:40.836Z"}
{"level":"error","message":"Error in createBlock: Cannot use 'in' operator to search for 'badge' in undefined","stack":"TypeError: Cannot use 'in' operator to search for 'badge' in undefined\n    at createBlock (/Users/keshavv/Desktop/dodo/dodo_be_new/src/controllers/block/blockController.ts:73:22)\n    at processTicksAndRejections (node:internal/process/task_queues:95:5)","timestamp":"2025-02-09T11:00:49.297Z"}
{"_message":"Badge validation failed","errors":{"text":{"kind":"required","message":"Path `text` is required.","name":"ValidatorError","path":"text","properties":{"message":"Path `text` is required.","path":"text","type":"required"}}},"level":"error","message":"Error in createBlock: Badge validation failed: text: Path `text` is required.","stack":"ValidationError: Badge validation failed: text: Path `text` is required.\n    at model.Document.invalidate (/Users/keshavv/Desktop/dodo/dodo_be_new/node_modules/.pnpm/mongoose@8.9.5/node_modules/mongoose/lib/document.js:3334:32)\n    at /Users/keshavv/Desktop/dodo/dodo_be_new/node_modules/.pnpm/mongoose@8.9.5/node_modules/mongoose/lib/document.js:3095:17\n    at /Users/keshavv/Desktop/dodo/dodo_be_new/node_modules/.pnpm/mongoose@8.9.5/node_modules/mongoose/lib/schemaType.js:1407:9\n    at processTicksAndRejections (node:internal/process/task_queues:77:11)","timestamp":"2025-02-09T11:07:15.524Z"}
{"level":"info","message":"MongoDB Connected Successfully","timestamp":"2025-02-09T11:07:35.171Z"}
{"level":"info","message":"Server running on port 3002","timestamp":"2025-02-09T11:07:35.182Z"}
{"level":"info","message":"MongoDB Connected Successfully","timestamp":"2025-02-09T11:08:31.382Z"}
{"level":"info","message":"Server running on port 3002","timestamp":"2025-02-09T11:08:31.396Z"}
{"_message":"Badge validation failed","errors":{"text":{"kind":"required","message":"Path `text` is required.","name":"ValidatorError","path":"text","properties":{"message":"Path `text` is required.","path":"text","type":"required"}}},"level":"error","message":"Error in createBlock: Badge validation failed: text: Path `text` is required.","stack":"ValidationError: Badge validation failed: text: Path `text` is required.\n    at model.Document.invalidate (/Users/keshavv/Desktop/dodo/dodo_be_new/node_modules/.pnpm/mongoose@8.9.5/node_modules/mongoose/lib/document.js:3334:32)\n    at /Users/keshavv/Desktop/dodo/dodo_be_new/node_modules/.pnpm/mongoose@8.9.5/node_modules/mongoose/lib/document.js:3095:17\n    at /Users/keshavv/Desktop/dodo/dodo_be_new/node_modules/.pnpm/mongoose@8.9.5/node_modules/mongoose/lib/schemaType.js:1407:9\n    at processTicksAndRejections (node:internal/process/task_queues:77:11)","timestamp":"2025-02-09T11:08:32.220Z"}
{"level":"info","message":"MongoDB Connected Successfully","timestamp":"2025-02-09T11:08:42.013Z"}
{"level":"info","message":"Server running on port 3002","timestamp":"2025-02-09T11:08:42.018Z"}
{"level":"info","message":"MongoDB Connected Successfully","timestamp":"2025-02-09T11:08:45.240Z"}
{"level":"info","message":"Server running on port 3002","timestamp":"2025-02-09T11:08:45.247Z"}
{"level":"info","message":"MongoDB Connected Successfully","timestamp":"2025-02-09T11:08:48.156Z"}
{"level":"info","message":"Server running on port 3002","timestamp":"2025-02-09T11:08:48.160Z"}
{"level":"info","message":"MongoDB Connected Successfully","timestamp":"2025-02-09T11:08:49.939Z"}
{"level":"info","message":"Server running on port 3002","timestamp":"2025-02-09T11:08:49.941Z"}
{"level":"info","message":"MongoDB Connected Successfully","timestamp":"2025-02-09T11:08:50.813Z"}
{"level":"info","message":"Server running on port 3002","timestamp":"2025-02-09T11:08:50.815Z"}
{"level":"info","message":"MongoDB Connected Successfully","timestamp":"2025-02-09T11:08:55.323Z"}
{"level":"info","message":"Server running on port 3002","timestamp":"2025-02-09T11:08:55.329Z"}
{"_message":"Badge validation failed","errors":{"text":{"kind":"required","message":"Path `text` is required.","name":"ValidatorError","path":"text","properties":{"message":"Path `text` is required.","path":"text","type":"required"}}},"level":"error","message":"Error in createBlock: Badge validation failed: text: Path `text` is required.","stack":"ValidationError: Badge validation failed: text: Path `text` is required.\n    at model.Document.invalidate (/Users/keshavv/Desktop/dodo/dodo_be_new/node_modules/.pnpm/mongoose@8.9.5/node_modules/mongoose/lib/document.js:3334:32)\n    at /Users/keshavv/Desktop/dodo/dodo_be_new/node_modules/.pnpm/mongoose@8.9.5/node_modules/mongoose/lib/document.js:3095:17\n    at /Users/keshavv/Desktop/dodo/dodo_be_new/node_modules/.pnpm/mongoose@8.9.5/node_modules/mongoose/lib/schemaType.js:1407:9\n    at processTicksAndRejections (node:internal/process/task_queues:77:11)","timestamp":"2025-02-09T11:08:59.720Z"}
{"level":"info","message":"MongoDB Connected Successfully","timestamp":"2025-02-09T11:10:21.030Z"}
{"level":"info","message":"Server running on port 3002","timestamp":"2025-02-09T11:10:21.038Z"}
{"kind":"ObjectId","level":"error","message":"Error in getBlocksByDodoPageUrl: Cast to ObjectId failed for value \"undefined\" (type string) at path \"_id\" for model \"DodoPage\"","path":"_id","reason":{},"stack":"CastError: Cast to ObjectId failed for value \"undefined\" (type string) at path \"_id\" for model \"DodoPage\"\n    at SchemaObjectId.cast (/Users/keshavv/Desktop/dodo/dodo_be_new/node_modules/.pnpm/mongoose@8.9.5/node_modules/mongoose/lib/schema/objectId.js:250:11)\n    at SchemaObjectId.SchemaType.applySetters (/Users/keshavv/Desktop/dodo/dodo_be_new/node_modules/.pnpm/mongoose@8.9.5/node_modules/mongoose/lib/schemaType.js:1255:12)\n    at SchemaObjectId.SchemaType.castForQuery (/Users/keshavv/Desktop/dodo/dodo_be_new/node_modules/.pnpm/mongoose@8.9.5/node_modules/mongoose/lib/schemaType.js:1673:17)\n    at cast (/Users/keshavv/Desktop/dodo/dodo_be_new/node_modules/.pnpm/mongoose@8.9.5/node_modules/mongoose/lib/cast.js:390:32)\n    at model.Query.Query.cast (/Users/keshavv/Desktop/dodo/dodo_be_new/node_modules/.pnpm/mongoose@8.9.5/node_modules/mongoose/lib/query.js:4889:12)\n    at model.Query.Query._castConditions (/Users/keshavv/Desktop/dodo/dodo_be_new/node_modules/.pnpm/mongoose@8.9.5/node_modules/mongoose/lib/query.js:2306:10)\n    at model.Query._findOne (/Users/keshavv/Desktop/dodo/dodo_be_new/node_modules/.pnpm/mongoose@8.9.5/node_modules/mongoose/lib/query.js:2630:8)\n    at model.Query.exec (/Users/keshavv/Desktop/dodo/dodo_be_new/node_modules/.pnpm/mongoose@8.9.5/node_modules/mongoose/lib/query.js:4438:80)\n    at processTicksAndRejections (node:internal/process/task_queues:95:5)\n    at getBlocksByDodoPageUrl (/Users/keshavv/Desktop/dodo/dodo_be_new/src/controllers/block/blockController.ts:417:24)","stringValue":"\"undefined\"","timestamp":"2025-02-09T11:15:52.097Z","value":"undefined","valueType":"string"}
{"kind":"ObjectId","level":"error","message":"Error in getBlocksByDodoPageUrl: Cast to ObjectId failed for value \"undefined\" (type string) at path \"_id\" for model \"DodoPage\"","path":"_id","reason":{},"stack":"CastError: Cast to ObjectId failed for value \"undefined\" (type string) at path \"_id\" for model \"DodoPage\"\n    at SchemaObjectId.cast (/Users/keshavv/Desktop/dodo/dodo_be_new/node_modules/.pnpm/mongoose@8.9.5/node_modules/mongoose/lib/schema/objectId.js:250:11)\n    at SchemaObjectId.SchemaType.applySetters (/Users/keshavv/Desktop/dodo/dodo_be_new/node_modules/.pnpm/mongoose@8.9.5/node_modules/mongoose/lib/schemaType.js:1255:12)\n    at SchemaObjectId.SchemaType.castForQuery (/Users/keshavv/Desktop/dodo/dodo_be_new/node_modules/.pnpm/mongoose@8.9.5/node_modules/mongoose/lib/schemaType.js:1673:17)\n    at cast (/Users/keshavv/Desktop/dodo/dodo_be_new/node_modules/.pnpm/mongoose@8.9.5/node_modules/mongoose/lib/cast.js:390:32)\n    at model.Query.Query.cast (/Users/keshavv/Desktop/dodo/dodo_be_new/node_modules/.pnpm/mongoose@8.9.5/node_modules/mongoose/lib/query.js:4889:12)\n    at model.Query.Query._castConditions (/Users/keshavv/Desktop/dodo/dodo_be_new/node_modules/.pnpm/mongoose@8.9.5/node_modules/mongoose/lib/query.js:2306:10)\n    at model.Query._findOne (/Users/keshavv/Desktop/dodo/dodo_be_new/node_modules/.pnpm/mongoose@8.9.5/node_modules/mongoose/lib/query.js:2630:8)\n    at model.Query.exec (/Users/keshavv/Desktop/dodo/dodo_be_new/node_modules/.pnpm/mongoose@8.9.5/node_modules/mongoose/lib/query.js:4438:80)\n    at processTicksAndRejections (node:internal/process/task_queues:95:5)\n    at getBlocksByDodoPageUrl (/Users/keshavv/Desktop/dodo/dodo_be_new/src/controllers/block/blockController.ts:417:24)","stringValue":"\"undefined\"","timestamp":"2025-02-09T11:15:52.112Z","value":"undefined","valueType":"string"}
{"level":"info","message":"MongoDB Connected Successfully","timestamp":"2025-02-09T11:16:40.520Z"}
{"level":"info","message":"Server running on port 3002","timestamp":"2025-02-09T11:16:40.529Z"}
{"kind":"ObjectId","level":"error","message":"Error in getBlocksByDodoPageUrl: Cast to ObjectId failed for value \"undefined\" (type string) at path \"_id\" for model \"DodoPage\"","path":"_id","reason":{},"stack":"CastError: Cast to ObjectId failed for value \"undefined\" (type string) at path \"_id\" for model \"DodoPage\"\n    at SchemaObjectId.cast (/Users/keshavv/Desktop/dodo/dodo_be_new/node_modules/.pnpm/mongoose@8.9.5/node_modules/mongoose/lib/schema/objectId.js:250:11)\n    at SchemaObjectId.SchemaType.applySetters (/Users/keshavv/Desktop/dodo/dodo_be_new/node_modules/.pnpm/mongoose@8.9.5/node_modules/mongoose/lib/schemaType.js:1255:12)\n    at SchemaObjectId.SchemaType.castForQuery (/Users/keshavv/Desktop/dodo/dodo_be_new/node_modules/.pnpm/mongoose@8.9.5/node_modules/mongoose/lib/schemaType.js:1673:17)\n    at cast (/Users/keshavv/Desktop/dodo/dodo_be_new/node_modules/.pnpm/mongoose@8.9.5/node_modules/mongoose/lib/cast.js:390:32)\n    at model.Query.Query.cast (/Users/keshavv/Desktop/dodo/dodo_be_new/node_modules/.pnpm/mongoose@8.9.5/node_modules/mongoose/lib/query.js:4889:12)\n    at model.Query.Query._castConditions (/Users/keshavv/Desktop/dodo/dodo_be_new/node_modules/.pnpm/mongoose@8.9.5/node_modules/mongoose/lib/query.js:2306:10)\n    at model.Query._findOne (/Users/keshavv/Desktop/dodo/dodo_be_new/node_modules/.pnpm/mongoose@8.9.5/node_modules/mongoose/lib/query.js:2630:8)\n    at model.Query.exec (/Users/keshavv/Desktop/dodo/dodo_be_new/node_modules/.pnpm/mongoose@8.9.5/node_modules/mongoose/lib/query.js:4438:80)\n    at processTicksAndRejections (node:internal/process/task_queues:95:5)\n    at getBlocksByDodoPageUrl (/Users/keshavv/Desktop/dodo/dodo_be_new/src/controllers/block/blockController.ts:417:24)","stringValue":"\"undefined\"","timestamp":"2025-02-09T11:18:07.488Z","value":"undefined","valueType":"string"}
{"kind":"ObjectId","level":"error","message":"Error in getBlocksByDodoPageUrl: Cast to ObjectId failed for value \"undefined\" (type string) at path \"_id\" for model \"DodoPage\"","path":"_id","reason":{},"stack":"CastError: Cast to ObjectId failed for value \"undefined\" (type string) at path \"_id\" for model \"DodoPage\"\n    at SchemaObjectId.cast (/Users/keshavv/Desktop/dodo/dodo_be_new/node_modules/.pnpm/mongoose@8.9.5/node_modules/mongoose/lib/schema/objectId.js:250:11)\n    at SchemaObjectId.SchemaType.applySetters (/Users/keshavv/Desktop/dodo/dodo_be_new/node_modules/.pnpm/mongoose@8.9.5/node_modules/mongoose/lib/schemaType.js:1255:12)\n    at SchemaObjectId.SchemaType.castForQuery (/Users/keshavv/Desktop/dodo/dodo_be_new/node_modules/.pnpm/mongoose@8.9.5/node_modules/mongoose/lib/schemaType.js:1673:17)\n    at cast (/Users/keshavv/Desktop/dodo/dodo_be_new/node_modules/.pnpm/mongoose@8.9.5/node_modules/mongoose/lib/cast.js:390:32)\n    at model.Query.Query.cast (/Users/keshavv/Desktop/dodo/dodo_be_new/node_modules/.pnpm/mongoose@8.9.5/node_modules/mongoose/lib/query.js:4889:12)\n    at model.Query.Query._castConditions (/Users/keshavv/Desktop/dodo/dodo_be_new/node_modules/.pnpm/mongoose@8.9.5/node_modules/mongoose/lib/query.js:2306:10)\n    at model.Query._findOne (/Users/keshavv/Desktop/dodo/dodo_be_new/node_modules/.pnpm/mongoose@8.9.5/node_modules/mongoose/lib/query.js:2630:8)\n    at model.Query.exec (/Users/keshavv/Desktop/dodo/dodo_be_new/node_modules/.pnpm/mongoose@8.9.5/node_modules/mongoose/lib/query.js:4438:80)\n    at processTicksAndRejections (node:internal/process/task_queues:95:5)\n    at getBlocksByDodoPageUrl (/Users/keshavv/Desktop/dodo/dodo_be_new/src/controllers/block/blockController.ts:417:24)","stringValue":"\"undefined\"","timestamp":"2025-02-09T11:18:07.493Z","value":"undefined","valueType":"string"}
{"kind":"ObjectId","level":"error","message":"Error in getBlocksByDodoPageUrl: Cast to ObjectId failed for value \"undefined\" (type string) at path \"_id\" for model \"DodoPage\"","path":"_id","reason":{},"stack":"CastError: Cast to ObjectId failed for value \"undefined\" (type string) at path \"_id\" for model \"DodoPage\"\n    at SchemaObjectId.cast (/Users/keshavv/Desktop/dodo/dodo_be_new/node_modules/.pnpm/mongoose@8.9.5/node_modules/mongoose/lib/schema/objectId.js:250:11)\n    at SchemaObjectId.SchemaType.applySetters (/Users/keshavv/Desktop/dodo/dodo_be_new/node_modules/.pnpm/mongoose@8.9.5/node_modules/mongoose/lib/schemaType.js:1255:12)\n    at SchemaObjectId.SchemaType.castForQuery (/Users/keshavv/Desktop/dodo/dodo_be_new/node_modules/.pnpm/mongoose@8.9.5/node_modules/mongoose/lib/schemaType.js:1673:17)\n    at cast (/Users/keshavv/Desktop/dodo/dodo_be_new/node_modules/.pnpm/mongoose@8.9.5/node_modules/mongoose/lib/cast.js:390:32)\n    at model.Query.Query.cast (/Users/keshavv/Desktop/dodo/dodo_be_new/node_modules/.pnpm/mongoose@8.9.5/node_modules/mongoose/lib/query.js:4889:12)\n    at model.Query.Query._castConditions (/Users/keshavv/Desktop/dodo/dodo_be_new/node_modules/.pnpm/mongoose@8.9.5/node_modules/mongoose/lib/query.js:2306:10)\n    at model.Query._findOne (/Users/keshavv/Desktop/dodo/dodo_be_new/node_modules/.pnpm/mongoose@8.9.5/node_modules/mongoose/lib/query.js:2630:8)\n    at model.Query.exec (/Users/keshavv/Desktop/dodo/dodo_be_new/node_modules/.pnpm/mongoose@8.9.5/node_modules/mongoose/lib/query.js:4438:80)\n    at processTicksAndRejections (node:internal/process/task_queues:95:5)\n    at getBlocksByDodoPageUrl (/Users/keshavv/Desktop/dodo/dodo_be_new/src/controllers/block/blockController.ts:417:24)","stringValue":"\"undefined\"","timestamp":"2025-02-09T11:18:34.884Z","value":"undefined","valueType":"string"}
{"kind":"ObjectId","level":"error","message":"Error in getBlocksByDodoPageUrl: Cast to ObjectId failed for value \"undefined\" (type string) at path \"_id\" for model \"DodoPage\"","path":"_id","reason":{},"stack":"CastError: Cast to ObjectId failed for value \"undefined\" (type string) at path \"_id\" for model \"DodoPage\"\n    at SchemaObjectId.cast (/Users/keshavv/Desktop/dodo/dodo_be_new/node_modules/.pnpm/mongoose@8.9.5/node_modules/mongoose/lib/schema/objectId.js:250:11)\n    at SchemaObjectId.SchemaType.applySetters (/Users/keshavv/Desktop/dodo/dodo_be_new/node_modules/.pnpm/mongoose@8.9.5/node_modules/mongoose/lib/schemaType.js:1255:12)\n    at SchemaObjectId.SchemaType.castForQuery (/Users/keshavv/Desktop/dodo/dodo_be_new/node_modules/.pnpm/mongoose@8.9.5/node_modules/mongoose/lib/schemaType.js:1673:17)\n    at cast (/Users/keshavv/Desktop/dodo/dodo_be_new/node_modules/.pnpm/mongoose@8.9.5/node_modules/mongoose/lib/cast.js:390:32)\n    at model.Query.Query.cast (/Users/keshavv/Desktop/dodo/dodo_be_new/node_modules/.pnpm/mongoose@8.9.5/node_modules/mongoose/lib/query.js:4889:12)\n    at model.Query.Query._castConditions (/Users/keshavv/Desktop/dodo/dodo_be_new/node_modules/.pnpm/mongoose@8.9.5/node_modules/mongoose/lib/query.js:2306:10)\n    at model.Query._findOne (/Users/keshavv/Desktop/dodo/dodo_be_new/node_modules/.pnpm/mongoose@8.9.5/node_modules/mongoose/lib/query.js:2630:8)\n    at model.Query.exec (/Users/keshavv/Desktop/dodo/dodo_be_new/node_modules/.pnpm/mongoose@8.9.5/node_modules/mongoose/lib/query.js:4438:80)\n    at processTicksAndRejections (node:internal/process/task_queues:95:5)\n    at getBlocksByDodoPageUrl (/Users/keshavv/Desktop/dodo/dodo_be_new/src/controllers/block/blockController.ts:417:24)","stringValue":"\"undefined\"","timestamp":"2025-02-09T11:18:34.892Z","value":"undefined","valueType":"string"}
{"kind":"ObjectId","level":"error","message":"Error in getBlocksByDodoPageUrl: Cast to ObjectId failed for value \"undefined\" (type string) at path \"_id\" for model \"DodoPage\"","path":"_id","reason":{},"stack":"CastError: Cast to ObjectId failed for value \"undefined\" (type string) at path \"_id\" for model \"DodoPage\"\n    at SchemaObjectId.cast (/Users/keshavv/Desktop/dodo/dodo_be_new/node_modules/.pnpm/mongoose@8.9.5/node_modules/mongoose/lib/schema/objectId.js:250:11)\n    at SchemaObjectId.SchemaType.applySetters (/Users/keshavv/Desktop/dodo/dodo_be_new/node_modules/.pnpm/mongoose@8.9.5/node_modules/mongoose/lib/schemaType.js:1255:12)\n    at SchemaObjectId.SchemaType.castForQuery (/Users/keshavv/Desktop/dodo/dodo_be_new/node_modules/.pnpm/mongoose@8.9.5/node_modules/mongoose/lib/schemaType.js:1673:17)\n    at cast (/Users/keshavv/Desktop/dodo/dodo_be_new/node_modules/.pnpm/mongoose@8.9.5/node_modules/mongoose/lib/cast.js:390:32)\n    at model.Query.Query.cast (/Users/keshavv/Desktop/dodo/dodo_be_new/node_modules/.pnpm/mongoose@8.9.5/node_modules/mongoose/lib/query.js:4889:12)\n    at model.Query.Query._castConditions (/Users/keshavv/Desktop/dodo/dodo_be_new/node_modules/.pnpm/mongoose@8.9.5/node_modules/mongoose/lib/query.js:2306:10)\n    at model.Query._findOne (/Users/keshavv/Desktop/dodo/dodo_be_new/node_modules/.pnpm/mongoose@8.9.5/node_modules/mongoose/lib/query.js:2630:8)\n    at model.Query.exec (/Users/keshavv/Desktop/dodo/dodo_be_new/node_modules/.pnpm/mongoose@8.9.5/node_modules/mongoose/lib/query.js:4438:80)\n    at processTicksAndRejections (node:internal/process/task_queues:95:5)\n    at getBlocksByDodoPageUrl (/Users/keshavv/Desktop/dodo/dodo_be_new/src/controllers/block/blockController.ts:417:24)","stringValue":"\"undefined\"","timestamp":"2025-02-09T11:18:44.990Z","value":"undefined","valueType":"string"}
{"kind":"ObjectId","level":"error","message":"Error in getBlocksByDodoPageUrl: Cast to ObjectId failed for value \"undefined\" (type string) at path \"_id\" for model \"DodoPage\"","path":"_id","reason":{},"stack":"CastError: Cast to ObjectId failed for value \"undefined\" (type string) at path \"_id\" for model \"DodoPage\"\n    at SchemaObjectId.cast (/Users/keshavv/Desktop/dodo/dodo_be_new/node_modules/.pnpm/mongoose@8.9.5/node_modules/mongoose/lib/schema/objectId.js:250:11)\n    at SchemaObjectId.SchemaType.applySetters (/Users/keshavv/Desktop/dodo/dodo_be_new/node_modules/.pnpm/mongoose@8.9.5/node_modules/mongoose/lib/schemaType.js:1255:12)\n    at SchemaObjectId.SchemaType.castForQuery (/Users/keshavv/Desktop/dodo/dodo_be_new/node_modules/.pnpm/mongoose@8.9.5/node_modules/mongoose/lib/schemaType.js:1673:17)\n    at cast (/Users/keshavv/Desktop/dodo/dodo_be_new/node_modules/.pnpm/mongoose@8.9.5/node_modules/mongoose/lib/cast.js:390:32)\n    at model.Query.Query.cast (/Users/keshavv/Desktop/dodo/dodo_be_new/node_modules/.pnpm/mongoose@8.9.5/node_modules/mongoose/lib/query.js:4889:12)\n    at model.Query.Query._castConditions (/Users/keshavv/Desktop/dodo/dodo_be_new/node_modules/.pnpm/mongoose@8.9.5/node_modules/mongoose/lib/query.js:2306:10)\n    at model.Query._findOne (/Users/keshavv/Desktop/dodo/dodo_be_new/node_modules/.pnpm/mongoose@8.9.5/node_modules/mongoose/lib/query.js:2630:8)\n    at model.Query.exec (/Users/keshavv/Desktop/dodo/dodo_be_new/node_modules/.pnpm/mongoose@8.9.5/node_modules/mongoose/lib/query.js:4438:80)\n    at processTicksAndRejections (node:internal/process/task_queues:95:5)\n    at getBlocksByDodoPageUrl (/Users/keshavv/Desktop/dodo/dodo_be_new/src/controllers/block/blockController.ts:417:24)","stringValue":"\"undefined\"","timestamp":"2025-02-09T11:18:44.996Z","value":"undefined","valueType":"string"}
{"kind":"ObjectId","level":"error","message":"Error in getBlocksByDodoPageUrl: Cast to ObjectId failed for value \"undefined\" (type string) at path \"_id\" for model \"DodoPage\"","path":"_id","reason":{},"stack":"CastError: Cast to ObjectId failed for value \"undefined\" (type string) at path \"_id\" for model \"DodoPage\"\n    at SchemaObjectId.cast (/Users/keshavv/Desktop/dodo/dodo_be_new/node_modules/.pnpm/mongoose@8.9.5/node_modules/mongoose/lib/schema/objectId.js:250:11)\n    at SchemaObjectId.SchemaType.applySetters (/Users/keshavv/Desktop/dodo/dodo_be_new/node_modules/.pnpm/mongoose@8.9.5/node_modules/mongoose/lib/schemaType.js:1255:12)\n    at SchemaObjectId.SchemaType.castForQuery (/Users/keshavv/Desktop/dodo/dodo_be_new/node_modules/.pnpm/mongoose@8.9.5/node_modules/mongoose/lib/schemaType.js:1673:17)\n    at cast (/Users/keshavv/Desktop/dodo/dodo_be_new/node_modules/.pnpm/mongoose@8.9.5/node_modules/mongoose/lib/cast.js:390:32)\n    at model.Query.Query.cast (/Users/keshavv/Desktop/dodo/dodo_be_new/node_modules/.pnpm/mongoose@8.9.5/node_modules/mongoose/lib/query.js:4889:12)\n    at model.Query.Query._castConditions (/Users/keshavv/Desktop/dodo/dodo_be_new/node_modules/.pnpm/mongoose@8.9.5/node_modules/mongoose/lib/query.js:2306:10)\n    at model.Query._findOne (/Users/keshavv/Desktop/dodo/dodo_be_new/node_modules/.pnpm/mongoose@8.9.5/node_modules/mongoose/lib/query.js:2630:8)\n    at model.Query.exec (/Users/keshavv/Desktop/dodo/dodo_be_new/node_modules/.pnpm/mongoose@8.9.5/node_modules/mongoose/lib/query.js:4438:80)\n    at processTicksAndRejections (node:internal/process/task_queues:95:5)\n    at getBlocksByDodoPageUrl (/Users/keshavv/Desktop/dodo/dodo_be_new/src/controllers/block/blockController.ts:417:24)","stringValue":"\"undefined\"","timestamp":"2025-02-09T11:19:06.394Z","value":"undefined","valueType":"string"}
{"kind":"ObjectId","level":"error","message":"Error in getBlocksByDodoPageUrl: Cast to ObjectId failed for value \"undefined\" (type string) at path \"_id\" for model \"DodoPage\"","path":"_id","reason":{},"stack":"CastError: Cast to ObjectId failed for value \"undefined\" (type string) at path \"_id\" for model \"DodoPage\"\n    at SchemaObjectId.cast (/Users/keshavv/Desktop/dodo/dodo_be_new/node_modules/.pnpm/mongoose@8.9.5/node_modules/mongoose/lib/schema/objectId.js:250:11)\n    at SchemaObjectId.SchemaType.applySetters (/Users/keshavv/Desktop/dodo/dodo_be_new/node_modules/.pnpm/mongoose@8.9.5/node_modules/mongoose/lib/schemaType.js:1255:12)\n    at SchemaObjectId.SchemaType.castForQuery (/Users/keshavv/Desktop/dodo/dodo_be_new/node_modules/.pnpm/mongoose@8.9.5/node_modules/mongoose/lib/schemaType.js:1673:17)\n    at cast (/Users/keshavv/Desktop/dodo/dodo_be_new/node_modules/.pnpm/mongoose@8.9.5/node_modules/mongoose/lib/cast.js:390:32)\n    at model.Query.Query.cast (/Users/keshavv/Desktop/dodo/dodo_be_new/node_modules/.pnpm/mongoose@8.9.5/node_modules/mongoose/lib/query.js:4889:12)\n    at model.Query.Query._castConditions (/Users/keshavv/Desktop/dodo/dodo_be_new/node_modules/.pnpm/mongoose@8.9.5/node_modules/mongoose/lib/query.js:2306:10)\n    at model.Query._findOne (/Users/keshavv/Desktop/dodo/dodo_be_new/node_modules/.pnpm/mongoose@8.9.5/node_modules/mongoose/lib/query.js:2630:8)\n    at model.Query.exec (/Users/keshavv/Desktop/dodo/dodo_be_new/node_modules/.pnpm/mongoose@8.9.5/node_modules/mongoose/lib/query.js:4438:80)\n    at processTicksAndRejections (node:internal/process/task_queues:95:5)\n    at getBlocksByDodoPageUrl (/Users/keshavv/Desktop/dodo/dodo_be_new/src/controllers/block/blockController.ts:417:24)","stringValue":"\"undefined\"","timestamp":"2025-02-09T11:19:06.407Z","value":"undefined","valueType":"string"}
{"kind":"ObjectId","level":"error","message":"Error in getBlocksByDodoPageUrl: Cast to ObjectId failed for value \"[object Object]\" (type string) at path \"_id\" for model \"DodoPage\"","path":"_id","reason":{},"stack":"CastError: Cast to ObjectId failed for value \"[object Object]\" (type string) at path \"_id\" for model \"DodoPage\"\n    at SchemaObjectId.cast (/Users/keshavv/Desktop/dodo/dodo_be_new/node_modules/.pnpm/mongoose@8.9.5/node_modules/mongoose/lib/schema/objectId.js:250:11)\n    at SchemaObjectId.SchemaType.applySetters (/Users/keshavv/Desktop/dodo/dodo_be_new/node_modules/.pnpm/mongoose@8.9.5/node_modules/mongoose/lib/schemaType.js:1255:12)\n    at SchemaObjectId.SchemaType.castForQuery (/Users/keshavv/Desktop/dodo/dodo_be_new/node_modules/.pnpm/mongoose@8.9.5/node_modules/mongoose/lib/schemaType.js:1673:17)\n    at cast (/Users/keshavv/Desktop/dodo/dodo_be_new/node_modules/.pnpm/mongoose@8.9.5/node_modules/mongoose/lib/cast.js:390:32)\n    at model.Query.Query.cast (/Users/keshavv/Desktop/dodo/dodo_be_new/node_modules/.pnpm/mongoose@8.9.5/node_modules/mongoose/lib/query.js:4889:12)\n    at model.Query.Query._castConditions (/Users/keshavv/Desktop/dodo/dodo_be_new/node_modules/.pnpm/mongoose@8.9.5/node_modules/mongoose/lib/query.js:2306:10)\n    at model.Query._findOne (/Users/keshavv/Desktop/dodo/dodo_be_new/node_modules/.pnpm/mongoose@8.9.5/node_modules/mongoose/lib/query.js:2630:8)\n    at model.Query.exec (/Users/keshavv/Desktop/dodo/dodo_be_new/node_modules/.pnpm/mongoose@8.9.5/node_modules/mongoose/lib/query.js:4438:80)\n    at processTicksAndRejections (node:internal/process/task_queues:95:5)\n    at getBlocksByDodoPageUrl (/Users/keshavv/Desktop/dodo/dodo_be_new/src/controllers/block/blockController.ts:417:24)","stringValue":"\"[object Object]\"","timestamp":"2025-02-09T11:19:31.117Z","value":"[object Object]","valueType":"string"}
{"kind":"ObjectId","level":"error","message":"Error in getBlocksByDodoPageUrl: Cast to ObjectId failed for value \"[object Object]\" (type string) at path \"_id\" for model \"DodoPage\"","path":"_id","reason":{},"stack":"CastError: Cast to ObjectId failed for value \"[object Object]\" (type string) at path \"_id\" for model \"DodoPage\"\n    at SchemaObjectId.cast (/Users/keshavv/Desktop/dodo/dodo_be_new/node_modules/.pnpm/mongoose@8.9.5/node_modules/mongoose/lib/schema/objectId.js:250:11)\n    at SchemaObjectId.SchemaType.applySetters (/Users/keshavv/Desktop/dodo/dodo_be_new/node_modules/.pnpm/mongoose@8.9.5/node_modules/mongoose/lib/schemaType.js:1255:12)\n    at SchemaObjectId.SchemaType.castForQuery (/Users/keshavv/Desktop/dodo/dodo_be_new/node_modules/.pnpm/mongoose@8.9.5/node_modules/mongoose/lib/schemaType.js:1673:17)\n    at cast (/Users/keshavv/Desktop/dodo/dodo_be_new/node_modules/.pnpm/mongoose@8.9.5/node_modules/mongoose/lib/cast.js:390:32)\n    at model.Query.Query.cast (/Users/keshavv/Desktop/dodo/dodo_be_new/node_modules/.pnpm/mongoose@8.9.5/node_modules/mongoose/lib/query.js:4889:12)\n    at model.Query.Query._castConditions (/Users/keshavv/Desktop/dodo/dodo_be_new/node_modules/.pnpm/mongoose@8.9.5/node_modules/mongoose/lib/query.js:2306:10)\n    at model.Query._findOne (/Users/keshavv/Desktop/dodo/dodo_be_new/node_modules/.pnpm/mongoose@8.9.5/node_modules/mongoose/lib/query.js:2630:8)\n    at model.Query.exec (/Users/keshavv/Desktop/dodo/dodo_be_new/node_modules/.pnpm/mongoose@8.9.5/node_modules/mongoose/lib/query.js:4438:80)\n    at processTicksAndRejections (node:internal/process/task_queues:95:5)\n    at getBlocksByDodoPageUrl (/Users/keshavv/Desktop/dodo/dodo_be_new/src/controllers/block/blockController.ts:417:24)","stringValue":"\"[object Object]\"","timestamp":"2025-02-09T11:19:31.121Z","value":"[object Object]","valueType":"string"}
{"kind":"ObjectId","level":"error","message":"Error in getBlocksByDodoPageUrl: Cast to ObjectId failed for value \"[object Object]\" (type string) at path \"_id\" for model \"DodoPage\"","path":"_id","reason":{},"stack":"CastError: Cast to ObjectId failed for value \"[object Object]\" (type string) at path \"_id\" for model \"DodoPage\"\n    at SchemaObjectId.cast (/Users/keshavv/Desktop/dodo/dodo_be_new/node_modules/.pnpm/mongoose@8.9.5/node_modules/mongoose/lib/schema/objectId.js:250:11)\n    at SchemaObjectId.SchemaType.applySetters (/Users/keshavv/Desktop/dodo/dodo_be_new/node_modules/.pnpm/mongoose@8.9.5/node_modules/mongoose/lib/schemaType.js:1255:12)\n    at SchemaObjectId.SchemaType.castForQuery (/Users/keshavv/Desktop/dodo/dodo_be_new/node_modules/.pnpm/mongoose@8.9.5/node_modules/mongoose/lib/schemaType.js:1673:17)\n    at cast (/Users/keshavv/Desktop/dodo/dodo_be_new/node_modules/.pnpm/mongoose@8.9.5/node_modules/mongoose/lib/cast.js:390:32)\n    at model.Query.Query.cast (/Users/keshavv/Desktop/dodo/dodo_be_new/node_modules/.pnpm/mongoose@8.9.5/node_modules/mongoose/lib/query.js:4889:12)\n    at model.Query.Query._castConditions (/Users/keshavv/Desktop/dodo/dodo_be_new/node_modules/.pnpm/mongoose@8.9.5/node_modules/mongoose/lib/query.js:2306:10)\n    at model.Query._findOne (/Users/keshavv/Desktop/dodo/dodo_be_new/node_modules/.pnpm/mongoose@8.9.5/node_modules/mongoose/lib/query.js:2630:8)\n    at model.Query.exec (/Users/keshavv/Desktop/dodo/dodo_be_new/node_modules/.pnpm/mongoose@8.9.5/node_modules/mongoose/lib/query.js:4438:80)\n    at processTicksAndRejections (node:internal/process/task_queues:95:5)\n    at getBlocksByDodoPageUrl (/Users/keshavv/Desktop/dodo/dodo_be_new/src/controllers/block/blockController.ts:417:24)","stringValue":"\"[object Object]\"","timestamp":"2025-02-09T11:20:06.895Z","value":"[object Object]","valueType":"string"}
{"kind":"ObjectId","level":"error","message":"Error in getBlocksByDodoPageUrl: Cast to ObjectId failed for value \"[object Object]\" (type string) at path \"_id\" for model \"DodoPage\"","path":"_id","reason":{},"stack":"CastError: Cast to ObjectId failed for value \"[object Object]\" (type string) at path \"_id\" for model \"DodoPage\"\n    at SchemaObjectId.cast (/Users/keshavv/Desktop/dodo/dodo_be_new/node_modules/.pnpm/mongoose@8.9.5/node_modules/mongoose/lib/schema/objectId.js:250:11)\n    at SchemaObjectId.SchemaType.applySetters (/Users/keshavv/Desktop/dodo/dodo_be_new/node_modules/.pnpm/mongoose@8.9.5/node_modules/mongoose/lib/schemaType.js:1255:12)\n    at SchemaObjectId.SchemaType.castForQuery (/Users/keshavv/Desktop/dodo/dodo_be_new/node_modules/.pnpm/mongoose@8.9.5/node_modules/mongoose/lib/schemaType.js:1673:17)\n    at cast (/Users/keshavv/Desktop/dodo/dodo_be_new/node_modules/.pnpm/mongoose@8.9.5/node_modules/mongoose/lib/cast.js:390:32)\n    at model.Query.Query.cast (/Users/keshavv/Desktop/dodo/dodo_be_new/node_modules/.pnpm/mongoose@8.9.5/node_modules/mongoose/lib/query.js:4889:12)\n    at model.Query.Query._castConditions (/Users/keshavv/Desktop/dodo/dodo_be_new/node_modules/.pnpm/mongoose@8.9.5/node_modules/mongoose/lib/query.js:2306:10)\n    at model.Query._findOne (/Users/keshavv/Desktop/dodo/dodo_be_new/node_modules/.pnpm/mongoose@8.9.5/node_modules/mongoose/lib/query.js:2630:8)\n    at model.Query.exec (/Users/keshavv/Desktop/dodo/dodo_be_new/node_modules/.pnpm/mongoose@8.9.5/node_modules/mongoose/lib/query.js:4438:80)\n    at processTicksAndRejections (node:internal/process/task_queues:95:5)\n    at getBlocksByDodoPageUrl (/Users/keshavv/Desktop/dodo/dodo_be_new/src/controllers/block/blockController.ts:417:24)","stringValue":"\"[object Object]\"","timestamp":"2025-02-09T11:20:06.898Z","value":"[object Object]","valueType":"string"}
{"kind":"ObjectId","level":"error","message":"Error in getBlocksByDodoPageUrl: Cast to ObjectId failed for value \"undefined\" (type string) at path \"_id\" for model \"DodoPage\"","path":"_id","reason":{},"stack":"CastError: Cast to ObjectId failed for value \"undefined\" (type string) at path \"_id\" for model \"DodoPage\"\n    at SchemaObjectId.cast (/Users/keshavv/Desktop/dodo/dodo_be_new/node_modules/.pnpm/mongoose@8.9.5/node_modules/mongoose/lib/schema/objectId.js:250:11)\n    at SchemaObjectId.SchemaType.applySetters (/Users/keshavv/Desktop/dodo/dodo_be_new/node_modules/.pnpm/mongoose@8.9.5/node_modules/mongoose/lib/schemaType.js:1255:12)\n    at SchemaObjectId.SchemaType.castForQuery (/Users/keshavv/Desktop/dodo/dodo_be_new/node_modules/.pnpm/mongoose@8.9.5/node_modules/mongoose/lib/schemaType.js:1673:17)\n    at cast (/Users/keshavv/Desktop/dodo/dodo_be_new/node_modules/.pnpm/mongoose@8.9.5/node_modules/mongoose/lib/cast.js:390:32)\n    at model.Query.Query.cast (/Users/keshavv/Desktop/dodo/dodo_be_new/node_modules/.pnpm/mongoose@8.9.5/node_modules/mongoose/lib/query.js:4889:12)\n    at model.Query.Query._castConditions (/Users/keshavv/Desktop/dodo/dodo_be_new/node_modules/.pnpm/mongoose@8.9.5/node_modules/mongoose/lib/query.js:2306:10)\n    at model.Query._findOne (/Users/keshavv/Desktop/dodo/dodo_be_new/node_modules/.pnpm/mongoose@8.9.5/node_modules/mongoose/lib/query.js:2630:8)\n    at model.Query.exec (/Users/keshavv/Desktop/dodo/dodo_be_new/node_modules/.pnpm/mongoose@8.9.5/node_modules/mongoose/lib/query.js:4438:80)\n    at processTicksAndRejections (node:internal/process/task_queues:95:5)\n    at getBlocksByDodoPageUrl (/Users/keshavv/Desktop/dodo/dodo_be_new/src/controllers/block/blockController.ts:417:24)","stringValue":"\"undefined\"","timestamp":"2025-02-09T11:20:46.991Z","value":"undefined","valueType":"string"}
{"kind":"ObjectId","level":"error","message":"Error in getBlocksByDodoPageUrl: Cast to ObjectId failed for value \"undefined\" (type string) at path \"_id\" for model \"DodoPage\"","path":"_id","reason":{},"stack":"CastError: Cast to ObjectId failed for value \"undefined\" (type string) at path \"_id\" for model \"DodoPage\"\n    at SchemaObjectId.cast (/Users/keshavv/Desktop/dodo/dodo_be_new/node_modules/.pnpm/mongoose@8.9.5/node_modules/mongoose/lib/schema/objectId.js:250:11)\n    at SchemaObjectId.SchemaType.applySetters (/Users/keshavv/Desktop/dodo/dodo_be_new/node_modules/.pnpm/mongoose@8.9.5/node_modules/mongoose/lib/schemaType.js:1255:12)\n    at SchemaObjectId.SchemaType.castForQuery (/Users/keshavv/Desktop/dodo/dodo_be_new/node_modules/.pnpm/mongoose@8.9.5/node_modules/mongoose/lib/schemaType.js:1673:17)\n    at cast (/Users/keshavv/Desktop/dodo/dodo_be_new/node_modules/.pnpm/mongoose@8.9.5/node_modules/mongoose/lib/cast.js:390:32)\n    at model.Query.Query.cast (/Users/keshavv/Desktop/dodo/dodo_be_new/node_modules/.pnpm/mongoose@8.9.5/node_modules/mongoose/lib/query.js:4889:12)\n    at model.Query.Query._castConditions (/Users/keshavv/Desktop/dodo/dodo_be_new/node_modules/.pnpm/mongoose@8.9.5/node_modules/mongoose/lib/query.js:2306:10)\n    at model.Query._findOne (/Users/keshavv/Desktop/dodo/dodo_be_new/node_modules/.pnpm/mongoose@8.9.5/node_modules/mongoose/lib/query.js:2630:8)\n    at model.Query.exec (/Users/keshavv/Desktop/dodo/dodo_be_new/node_modules/.pnpm/mongoose@8.9.5/node_modules/mongoose/lib/query.js:4438:80)\n    at processTicksAndRejections (node:internal/process/task_queues:95:5)\n    at getBlocksByDodoPageUrl (/Users/keshavv/Desktop/dodo/dodo_be_new/src/controllers/block/blockController.ts:417:24)","stringValue":"\"undefined\"","timestamp":"2025-02-09T11:20:46.995Z","value":"undefined","valueType":"string"}
{"kind":"ObjectId","level":"error","message":"Error in getBlocksByDodoPageUrl: Cast to ObjectId failed for value \"undefined\" (type string) at path \"_id\" for model \"DodoPage\"","path":"_id","reason":{},"stack":"CastError: Cast to ObjectId failed for value \"undefined\" (type string) at path \"_id\" for model \"DodoPage\"\n    at SchemaObjectId.cast (/Users/keshavv/Desktop/dodo/dodo_be_new/node_modules/.pnpm/mongoose@8.9.5/node_modules/mongoose/lib/schema/objectId.js:250:11)\n    at SchemaObjectId.SchemaType.applySetters (/Users/keshavv/Desktop/dodo/dodo_be_new/node_modules/.pnpm/mongoose@8.9.5/node_modules/mongoose/lib/schemaType.js:1255:12)\n    at SchemaObjectId.SchemaType.castForQuery (/Users/keshavv/Desktop/dodo/dodo_be_new/node_modules/.pnpm/mongoose@8.9.5/node_modules/mongoose/lib/schemaType.js:1673:17)\n    at cast (/Users/keshavv/Desktop/dodo/dodo_be_new/node_modules/.pnpm/mongoose@8.9.5/node_modules/mongoose/lib/cast.js:390:32)\n    at model.Query.Query.cast (/Users/keshavv/Desktop/dodo/dodo_be_new/node_modules/.pnpm/mongoose@8.9.5/node_modules/mongoose/lib/query.js:4889:12)\n    at model.Query.Query._castConditions (/Users/keshavv/Desktop/dodo/dodo_be_new/node_modules/.pnpm/mongoose@8.9.5/node_modules/mongoose/lib/query.js:2306:10)\n    at model.Query._findOne (/Users/keshavv/Desktop/dodo/dodo_be_new/node_modules/.pnpm/mongoose@8.9.5/node_modules/mongoose/lib/query.js:2630:8)\n    at model.Query.exec (/Users/keshavv/Desktop/dodo/dodo_be_new/node_modules/.pnpm/mongoose@8.9.5/node_modules/mongoose/lib/query.js:4438:80)\n    at processTicksAndRejections (node:internal/process/task_queues:95:5)\n    at getBlocksByDodoPageUrl (/Users/keshavv/Desktop/dodo/dodo_be_new/src/controllers/block/blockController.ts:417:24)","stringValue":"\"undefined\"","timestamp":"2025-02-09T11:29:06.796Z","value":"undefined","valueType":"string"}
{"kind":"ObjectId","level":"error","message":"Error in getBlocksByDodoPageUrl: Cast to ObjectId failed for value \"undefined\" (type string) at path \"_id\" for model \"DodoPage\"","path":"_id","reason":{},"stack":"CastError: Cast to ObjectId failed for value \"undefined\" (type string) at path \"_id\" for model \"DodoPage\"\n    at SchemaObjectId.cast (/Users/keshavv/Desktop/dodo/dodo_be_new/node_modules/.pnpm/mongoose@8.9.5/node_modules/mongoose/lib/schema/objectId.js:250:11)\n    at SchemaObjectId.SchemaType.applySetters (/Users/keshavv/Desktop/dodo/dodo_be_new/node_modules/.pnpm/mongoose@8.9.5/node_modules/mongoose/lib/schemaType.js:1255:12)\n    at SchemaObjectId.SchemaType.castForQuery (/Users/keshavv/Desktop/dodo/dodo_be_new/node_modules/.pnpm/mongoose@8.9.5/node_modules/mongoose/lib/schemaType.js:1673:17)\n    at cast (/Users/keshavv/Desktop/dodo/dodo_be_new/node_modules/.pnpm/mongoose@8.9.5/node_modules/mongoose/lib/cast.js:390:32)\n    at model.Query.Query.cast (/Users/keshavv/Desktop/dodo/dodo_be_new/node_modules/.pnpm/mongoose@8.9.5/node_modules/mongoose/lib/query.js:4889:12)\n    at model.Query.Query._castConditions (/Users/keshavv/Desktop/dodo/dodo_be_new/node_modules/.pnpm/mongoose@8.9.5/node_modules/mongoose/lib/query.js:2306:10)\n    at model.Query._findOne (/Users/keshavv/Desktop/dodo/dodo_be_new/node_modules/.pnpm/mongoose@8.9.5/node_modules/mongoose/lib/query.js:2630:8)\n    at model.Query.exec (/Users/keshavv/Desktop/dodo/dodo_be_new/node_modules/.pnpm/mongoose@8.9.5/node_modules/mongoose/lib/query.js:4438:80)\n    at processTicksAndRejections (node:internal/process/task_queues:95:5)\n    at getBlocksByDodoPageUrl (/Users/keshavv/Desktop/dodo/dodo_be_new/src/controllers/block/blockController.ts:417:24)","stringValue":"\"undefined\"","timestamp":"2025-02-09T11:29:06.801Z","value":"undefined","valueType":"string"}
{"kind":"ObjectId","level":"error","message":"Error in getBlocksByDodoPageUrl: Cast to ObjectId failed for value \"undefined\" (type string) at path \"_id\" for model \"DodoPage\"","path":"_id","reason":{},"stack":"CastError: Cast to ObjectId failed for value \"undefined\" (type string) at path \"_id\" for model \"DodoPage\"\n    at SchemaObjectId.cast (/Users/keshavv/Desktop/dodo/dodo_be_new/node_modules/.pnpm/mongoose@8.9.5/node_modules/mongoose/lib/schema/objectId.js:250:11)\n    at SchemaObjectId.SchemaType.applySetters (/Users/keshavv/Desktop/dodo/dodo_be_new/node_modules/.pnpm/mongoose@8.9.5/node_modules/mongoose/lib/schemaType.js:1255:12)\n    at SchemaObjectId.SchemaType.castForQuery (/Users/keshavv/Desktop/dodo/dodo_be_new/node_modules/.pnpm/mongoose@8.9.5/node_modules/mongoose/lib/schemaType.js:1673:17)\n    at cast (/Users/keshavv/Desktop/dodo/dodo_be_new/node_modules/.pnpm/mongoose@8.9.5/node_modules/mongoose/lib/cast.js:390:32)\n    at model.Query.Query.cast (/Users/keshavv/Desktop/dodo/dodo_be_new/node_modules/.pnpm/mongoose@8.9.5/node_modules/mongoose/lib/query.js:4889:12)\n    at model.Query.Query._castConditions (/Users/keshavv/Desktop/dodo/dodo_be_new/node_modules/.pnpm/mongoose@8.9.5/node_modules/mongoose/lib/query.js:2306:10)\n    at model.Query._findOne (/Users/keshavv/Desktop/dodo/dodo_be_new/node_modules/.pnpm/mongoose@8.9.5/node_modules/mongoose/lib/query.js:2630:8)\n    at model.Query.exec (/Users/keshavv/Desktop/dodo/dodo_be_new/node_modules/.pnpm/mongoose@8.9.5/node_modules/mongoose/lib/query.js:4438:80)\n    at processTicksAndRejections (node:internal/process/task_queues:95:5)\n    at getBlocksByDodoPageUrl (/Users/keshavv/Desktop/dodo/dodo_be_new/src/controllers/block/blockController.ts:417:24)","stringValue":"\"undefined\"","timestamp":"2025-02-09T11:29:58.175Z","value":"undefined","valueType":"string"}
{"kind":"ObjectId","level":"error","message":"Error in getBlocksByDodoPageUrl: Cast to ObjectId failed for value \"undefined\" (type string) at path \"_id\" for model \"DodoPage\"","path":"_id","reason":{},"stack":"CastError: Cast to ObjectId failed for value \"undefined\" (type string) at path \"_id\" for model \"DodoPage\"\n    at SchemaObjectId.cast (/Users/keshavv/Desktop/dodo/dodo_be_new/node_modules/.pnpm/mongoose@8.9.5/node_modules/mongoose/lib/schema/objectId.js:250:11)\n    at SchemaObjectId.SchemaType.applySetters (/Users/keshavv/Desktop/dodo/dodo_be_new/node_modules/.pnpm/mongoose@8.9.5/node_modules/mongoose/lib/schemaType.js:1255:12)\n    at SchemaObjectId.SchemaType.castForQuery (/Users/keshavv/Desktop/dodo/dodo_be_new/node_modules/.pnpm/mongoose@8.9.5/node_modules/mongoose/lib/schemaType.js:1673:17)\n    at cast (/Users/keshavv/Desktop/dodo/dodo_be_new/node_modules/.pnpm/mongoose@8.9.5/node_modules/mongoose/lib/cast.js:390:32)\n    at model.Query.Query.cast (/Users/keshavv/Desktop/dodo/dodo_be_new/node_modules/.pnpm/mongoose@8.9.5/node_modules/mongoose/lib/query.js:4889:12)\n    at model.Query.Query._castConditions (/Users/keshavv/Desktop/dodo/dodo_be_new/node_modules/.pnpm/mongoose@8.9.5/node_modules/mongoose/lib/query.js:2306:10)\n    at model.Query._findOne (/Users/keshavv/Desktop/dodo/dodo_be_new/node_modules/.pnpm/mongoose@8.9.5/node_modules/mongoose/lib/query.js:2630:8)\n    at model.Query.exec (/Users/keshavv/Desktop/dodo/dodo_be_new/node_modules/.pnpm/mongoose@8.9.5/node_modules/mongoose/lib/query.js:4438:80)\n    at processTicksAndRejections (node:internal/process/task_queues:95:5)\n    at getBlocksByDodoPageUrl (/Users/keshavv/Desktop/dodo/dodo_be_new/src/controllers/block/blockController.ts:417:24)","stringValue":"\"undefined\"","timestamp":"2025-02-09T11:29:58.179Z","value":"undefined","valueType":"string"}
{"kind":"ObjectId","level":"error","message":"Error in getBlocksByDodoPageUrl: Cast to ObjectId failed for value \"undefined\" (type string) at path \"_id\" for model \"DodoPage\"","path":"_id","reason":{},"stack":"CastError: Cast to ObjectId failed for value \"undefined\" (type string) at path \"_id\" for model \"DodoPage\"\n    at SchemaObjectId.cast (/Users/keshavv/Desktop/dodo/dodo_be_new/node_modules/.pnpm/mongoose@8.9.5/node_modules/mongoose/lib/schema/objectId.js:250:11)\n    at SchemaObjectId.SchemaType.applySetters (/Users/keshavv/Desktop/dodo/dodo_be_new/node_modules/.pnpm/mongoose@8.9.5/node_modules/mongoose/lib/schemaType.js:1255:12)\n    at SchemaObjectId.SchemaType.castForQuery (/Users/keshavv/Desktop/dodo/dodo_be_new/node_modules/.pnpm/mongoose@8.9.5/node_modules/mongoose/lib/schemaType.js:1673:17)\n    at cast (/Users/keshavv/Desktop/dodo/dodo_be_new/node_modules/.pnpm/mongoose@8.9.5/node_modules/mongoose/lib/cast.js:390:32)\n    at model.Query.Query.cast (/Users/keshavv/Desktop/dodo/dodo_be_new/node_modules/.pnpm/mongoose@8.9.5/node_modules/mongoose/lib/query.js:4889:12)\n    at model.Query.Query._castConditions (/Users/keshavv/Desktop/dodo/dodo_be_new/node_modules/.pnpm/mongoose@8.9.5/node_modules/mongoose/lib/query.js:2306:10)\n    at model.Query._findOne (/Users/keshavv/Desktop/dodo/dodo_be_new/node_modules/.pnpm/mongoose@8.9.5/node_modules/mongoose/lib/query.js:2630:8)\n    at model.Query.exec (/Users/keshavv/Desktop/dodo/dodo_be_new/node_modules/.pnpm/mongoose@8.9.5/node_modules/mongoose/lib/query.js:4438:80)\n    at processTicksAndRejections (node:internal/process/task_queues:95:5)\n    at getBlocksByDodoPageUrl (/Users/keshavv/Desktop/dodo/dodo_be_new/src/controllers/block/blockController.ts:417:24)","stringValue":"\"undefined\"","timestamp":"2025-02-09T11:30:41.968Z","value":"undefined","valueType":"string"}
{"kind":"ObjectId","level":"error","message":"Error in getBlocksByDodoPageUrl: Cast to ObjectId failed for value \"undefined\" (type string) at path \"_id\" for model \"DodoPage\"","path":"_id","reason":{},"stack":"CastError: Cast to ObjectId failed for value \"undefined\" (type string) at path \"_id\" for model \"DodoPage\"\n    at SchemaObjectId.cast (/Users/keshavv/Desktop/dodo/dodo_be_new/node_modules/.pnpm/mongoose@8.9.5/node_modules/mongoose/lib/schema/objectId.js:250:11)\n    at SchemaObjectId.SchemaType.applySetters (/Users/keshavv/Desktop/dodo/dodo_be_new/node_modules/.pnpm/mongoose@8.9.5/node_modules/mongoose/lib/schemaType.js:1255:12)\n    at SchemaObjectId.SchemaType.castForQuery (/Users/keshavv/Desktop/dodo/dodo_be_new/node_modules/.pnpm/mongoose@8.9.5/node_modules/mongoose/lib/schemaType.js:1673:17)\n    at cast (/Users/keshavv/Desktop/dodo/dodo_be_new/node_modules/.pnpm/mongoose@8.9.5/node_modules/mongoose/lib/cast.js:390:32)\n    at model.Query.Query.cast (/Users/keshavv/Desktop/dodo/dodo_be_new/node_modules/.pnpm/mongoose@8.9.5/node_modules/mongoose/lib/query.js:4889:12)\n    at model.Query.Query._castConditions (/Users/keshavv/Desktop/dodo/dodo_be_new/node_modules/.pnpm/mongoose@8.9.5/node_modules/mongoose/lib/query.js:2306:10)\n    at model.Query._findOne (/Users/keshavv/Desktop/dodo/dodo_be_new/node_modules/.pnpm/mongoose@8.9.5/node_modules/mongoose/lib/query.js:2630:8)\n    at model.Query.exec (/Users/keshavv/Desktop/dodo/dodo_be_new/node_modules/.pnpm/mongoose@8.9.5/node_modules/mongoose/lib/query.js:4438:80)\n    at processTicksAndRejections (node:internal/process/task_queues:95:5)\n    at getBlocksByDodoPageUrl (/Users/keshavv/Desktop/dodo/dodo_be_new/src/controllers/block/blockController.ts:417:24)","stringValue":"\"undefined\"","timestamp":"2025-02-09T11:30:41.974Z","value":"undefined","valueType":"string"}
{"level":"warn","message":"MongoDB disconnected. Attempting to reconnect...","timestamp":"2025-02-09T11:37:46.916Z"}
{"kind":"ObjectId","level":"error","message":"Error in getBlocksByDodoPageUrl: Cast to ObjectId failed for value \"undefined\" (type string) at path \"_id\" for model \"DodoPage\"","path":"_id","reason":{},"stack":"CastError: Cast to ObjectId failed for value \"undefined\" (type string) at path \"_id\" for model \"DodoPage\"\n    at SchemaObjectId.cast (/Users/keshavv/Desktop/dodo/dodo_be_new/node_modules/.pnpm/mongoose@8.9.5/node_modules/mongoose/lib/schema/objectId.js:250:11)\n    at SchemaObjectId.SchemaType.applySetters (/Users/keshavv/Desktop/dodo/dodo_be_new/node_modules/.pnpm/mongoose@8.9.5/node_modules/mongoose/lib/schemaType.js:1255:12)\n    at SchemaObjectId.SchemaType.castForQuery (/Users/keshavv/Desktop/dodo/dodo_be_new/node_modules/.pnpm/mongoose@8.9.5/node_modules/mongoose/lib/schemaType.js:1673:17)\n    at cast (/Users/keshavv/Desktop/dodo/dodo_be_new/node_modules/.pnpm/mongoose@8.9.5/node_modules/mongoose/lib/cast.js:390:32)\n    at model.Query.Query.cast (/Users/keshavv/Desktop/dodo/dodo_be_new/node_modules/.pnpm/mongoose@8.9.5/node_modules/mongoose/lib/query.js:4889:12)\n    at model.Query.Query._castConditions (/Users/keshavv/Desktop/dodo/dodo_be_new/node_modules/.pnpm/mongoose@8.9.5/node_modules/mongoose/lib/query.js:2306:10)\n    at model.Query._findOne (/Users/keshavv/Desktop/dodo/dodo_be_new/node_modules/.pnpm/mongoose@8.9.5/node_modules/mongoose/lib/query.js:2630:8)\n    at model.Query.exec (/Users/keshavv/Desktop/dodo/dodo_be_new/node_modules/.pnpm/mongoose@8.9.5/node_modules/mongoose/lib/query.js:4438:80)\n    at processTicksAndRejections (node:internal/process/task_queues:95:5)\n    at getBlocksByDodoPageUrl (/Users/keshavv/Desktop/dodo/dodo_be_new/src/controllers/block/blockController.ts:417:24)","stringValue":"\"undefined\"","timestamp":"2025-02-09T12:12:18.779Z","value":"undefined","valueType":"string"}
{"kind":"ObjectId","level":"error","message":"Error in getBlocksByDodoPageUrl: Cast to ObjectId failed for value \"undefined\" (type string) at path \"_id\" for model \"DodoPage\"","path":"_id","reason":{},"stack":"CastError: Cast to ObjectId failed for value \"undefined\" (type string) at path \"_id\" for model \"DodoPage\"\n    at SchemaObjectId.cast (/Users/keshavv/Desktop/dodo/dodo_be_new/node_modules/.pnpm/mongoose@8.9.5/node_modules/mongoose/lib/schema/objectId.js:250:11)\n    at SchemaObjectId.SchemaType.applySetters (/Users/keshavv/Desktop/dodo/dodo_be_new/node_modules/.pnpm/mongoose@8.9.5/node_modules/mongoose/lib/schemaType.js:1255:12)\n    at SchemaObjectId.SchemaType.castForQuery (/Users/keshavv/Desktop/dodo/dodo_be_new/node_modules/.pnpm/mongoose@8.9.5/node_modules/mongoose/lib/schemaType.js:1673:17)\n    at cast (/Users/keshavv/Desktop/dodo/dodo_be_new/node_modules/.pnpm/mongoose@8.9.5/node_modules/mongoose/lib/cast.js:390:32)\n    at model.Query.Query.cast (/Users/keshavv/Desktop/dodo/dodo_be_new/node_modules/.pnpm/mongoose@8.9.5/node_modules/mongoose/lib/query.js:4889:12)\n    at model.Query.Query._castConditions (/Users/keshavv/Desktop/dodo/dodo_be_new/node_modules/.pnpm/mongoose@8.9.5/node_modules/mongoose/lib/query.js:2306:10)\n    at model.Query._findOne (/Users/keshavv/Desktop/dodo/dodo_be_new/node_modules/.pnpm/mongoose@8.9.5/node_modules/mongoose/lib/query.js:2630:8)\n    at model.Query.exec (/Users/keshavv/Desktop/dodo/dodo_be_new/node_modules/.pnpm/mongoose@8.9.5/node_modules/mongoose/lib/query.js:4438:80)\n    at processTicksAndRejections (node:internal/process/task_queues:95:5)\n    at getBlocksByDodoPageUrl (/Users/keshavv/Desktop/dodo/dodo_be_new/src/controllers/block/blockController.ts:417:24)","stringValue":"\"undefined\"","timestamp":"2025-02-09T12:12:18.798Z","value":"undefined","valueType":"string"}
{"kind":"ObjectId","level":"error","message":"Error in getBlocksByDodoPageUrl: Cast to ObjectId failed for value \"undefined\" (type string) at path \"_id\" for model \"DodoPage\"","path":"_id","reason":{},"stack":"CastError: Cast to ObjectId failed for value \"undefined\" (type string) at path \"_id\" for model \"DodoPage\"\n    at SchemaObjectId.cast (/Users/keshavv/Desktop/dodo/dodo_be_new/node_modules/.pnpm/mongoose@8.9.5/node_modules/mongoose/lib/schema/objectId.js:250:11)\n    at SchemaObjectId.SchemaType.applySetters (/Users/keshavv/Desktop/dodo/dodo_be_new/node_modules/.pnpm/mongoose@8.9.5/node_modules/mongoose/lib/schemaType.js:1255:12)\n    at SchemaObjectId.SchemaType.castForQuery (/Users/keshavv/Desktop/dodo/dodo_be_new/node_modules/.pnpm/mongoose@8.9.5/node_modules/mongoose/lib/schemaType.js:1673:17)\n    at cast (/Users/keshavv/Desktop/dodo/dodo_be_new/node_modules/.pnpm/mongoose@8.9.5/node_modules/mongoose/lib/cast.js:390:32)\n    at model.Query.Query.cast (/Users/keshavv/Desktop/dodo/dodo_be_new/node_modules/.pnpm/mongoose@8.9.5/node_modules/mongoose/lib/query.js:4889:12)\n    at model.Query.Query._castConditions (/Users/keshavv/Desktop/dodo/dodo_be_new/node_modules/.pnpm/mongoose@8.9.5/node_modules/mongoose/lib/query.js:2306:10)\n    at model.Query._findOne (/Users/keshavv/Desktop/dodo/dodo_be_new/node_modules/.pnpm/mongoose@8.9.5/node_modules/mongoose/lib/query.js:2630:8)\n    at model.Query.exec (/Users/keshavv/Desktop/dodo/dodo_be_new/node_modules/.pnpm/mongoose@8.9.5/node_modules/mongoose/lib/query.js:4438:80)\n    at processTicksAndRejections (node:internal/process/task_queues:95:5)\n    at getBlocksByDodoPageUrl (/Users/keshavv/Desktop/dodo/dodo_be_new/src/controllers/block/blockController.ts:417:24)","stringValue":"\"undefined\"","timestamp":"2025-02-09T12:14:42.711Z","value":"undefined","valueType":"string"}
{"kind":"ObjectId","level":"error","message":"Error in getBlocksByDodoPageUrl: Cast to ObjectId failed for value \"undefined\" (type string) at path \"_id\" for model \"DodoPage\"","path":"_id","reason":{},"stack":"CastError: Cast to ObjectId failed for value \"undefined\" (type string) at path \"_id\" for model \"DodoPage\"\n    at SchemaObjectId.cast (/Users/keshavv/Desktop/dodo/dodo_be_new/node_modules/.pnpm/mongoose@8.9.5/node_modules/mongoose/lib/schema/objectId.js:250:11)\n    at SchemaObjectId.SchemaType.applySetters (/Users/keshavv/Desktop/dodo/dodo_be_new/node_modules/.pnpm/mongoose@8.9.5/node_modules/mongoose/lib/schemaType.js:1255:12)\n    at SchemaObjectId.SchemaType.castForQuery (/Users/keshavv/Desktop/dodo/dodo_be_new/node_modules/.pnpm/mongoose@8.9.5/node_modules/mongoose/lib/schemaType.js:1673:17)\n    at cast (/Users/keshavv/Desktop/dodo/dodo_be_new/node_modules/.pnpm/mongoose@8.9.5/node_modules/mongoose/lib/cast.js:390:32)\n    at model.Query.Query.cast (/Users/keshavv/Desktop/dodo/dodo_be_new/node_modules/.pnpm/mongoose@8.9.5/node_modules/mongoose/lib/query.js:4889:12)\n    at model.Query.Query._castConditions (/Users/keshavv/Desktop/dodo/dodo_be_new/node_modules/.pnpm/mongoose@8.9.5/node_modules/mongoose/lib/query.js:2306:10)\n    at model.Query._findOne (/Users/keshavv/Desktop/dodo/dodo_be_new/node_modules/.pnpm/mongoose@8.9.5/node_modules/mongoose/lib/query.js:2630:8)\n    at model.Query.exec (/Users/keshavv/Desktop/dodo/dodo_be_new/node_modules/.pnpm/mongoose@8.9.5/node_modules/mongoose/lib/query.js:4438:80)\n    at processTicksAndRejections (node:internal/process/task_queues:95:5)\n    at getBlocksByDodoPageUrl (/Users/keshavv/Desktop/dodo/dodo_be_new/src/controllers/block/blockController.ts:417:24)","stringValue":"\"undefined\"","timestamp":"2025-02-09T12:14:42.719Z","value":"undefined","valueType":"string"}
{"level":"info","message":"MongoDB Connected Successfully","timestamp":"2025-02-09T12:15:11.504Z"}
{"level":"info","message":"Server running on port 3002","timestamp":"2025-02-09T12:15:11.512Z"}
{"level":"info","message":"MongoDB Connected Successfully","timestamp":"2025-02-09T12:15:20.001Z"}
{"level":"info","message":"Server running on port 3002","timestamp":"2025-02-09T12:15:20.005Z"}
{"level":"info","message":"MongoDB Connected Successfully","timestamp":"2025-02-09T12:15:21.655Z"}
{"level":"info","message":"Server running on port 3002","timestamp":"2025-02-09T12:15:21.661Z"}
{"kind":"ObjectId","level":"error","message":"Error in getBlocksByDodoPageUrl: Cast to ObjectId failed for value \"undefined\" (type string) at path \"_id\" for model \"DodoPage\"","path":"_id","reason":{},"stack":"CastError: Cast to ObjectId failed for value \"undefined\" (type string) at path \"_id\" for model \"DodoPage\"\n    at SchemaObjectId.cast (/Users/keshavv/Desktop/dodo/dodo_be_new/node_modules/.pnpm/mongoose@8.9.5/node_modules/mongoose/lib/schema/objectId.js:250:11)\n    at SchemaObjectId.SchemaType.applySetters (/Users/keshavv/Desktop/dodo/dodo_be_new/node_modules/.pnpm/mongoose@8.9.5/node_modules/mongoose/lib/schemaType.js:1255:12)\n    at SchemaObjectId.SchemaType.castForQuery (/Users/keshavv/Desktop/dodo/dodo_be_new/node_modules/.pnpm/mongoose@8.9.5/node_modules/mongoose/lib/schemaType.js:1673:17)\n    at cast (/Users/keshavv/Desktop/dodo/dodo_be_new/node_modules/.pnpm/mongoose@8.9.5/node_modules/mongoose/lib/cast.js:390:32)\n    at model.Query.Query.cast (/Users/keshavv/Desktop/dodo/dodo_be_new/node_modules/.pnpm/mongoose@8.9.5/node_modules/mongoose/lib/query.js:4889:12)\n    at model.Query.Query._castConditions (/Users/keshavv/Desktop/dodo/dodo_be_new/node_modules/.pnpm/mongoose@8.9.5/node_modules/mongoose/lib/query.js:2306:10)\n    at model.Query._findOne (/Users/keshavv/Desktop/dodo/dodo_be_new/node_modules/.pnpm/mongoose@8.9.5/node_modules/mongoose/lib/query.js:2630:8)\n    at model.Query.exec (/Users/keshavv/Desktop/dodo/dodo_be_new/node_modules/.pnpm/mongoose@8.9.5/node_modules/mongoose/lib/query.js:4438:80)\n    at processTicksAndRejections (node:internal/process/task_queues:95:5)\n    at getBlocksByDodoPageUrl (/Users/keshavv/Desktop/dodo/dodo_be_new/src/controllers/block/blockController.ts:417:24)","stringValue":"\"undefined\"","timestamp":"2025-02-09T12:16:00.100Z","value":"undefined","valueType":"string"}
{"kind":"ObjectId","level":"error","message":"Error in getBlocksByDodoPageUrl: Cast to ObjectId failed for value \"undefined\" (type string) at path \"_id\" for model \"DodoPage\"","path":"_id","reason":{},"stack":"CastError: Cast to ObjectId failed for value \"undefined\" (type string) at path \"_id\" for model \"DodoPage\"\n    at SchemaObjectId.cast (/Users/keshavv/Desktop/dodo/dodo_be_new/node_modules/.pnpm/mongoose@8.9.5/node_modules/mongoose/lib/schema/objectId.js:250:11)\n    at SchemaObjectId.SchemaType.applySetters (/Users/keshavv/Desktop/dodo/dodo_be_new/node_modules/.pnpm/mongoose@8.9.5/node_modules/mongoose/lib/schemaType.js:1255:12)\n    at SchemaObjectId.SchemaType.castForQuery (/Users/keshavv/Desktop/dodo/dodo_be_new/node_modules/.pnpm/mongoose@8.9.5/node_modules/mongoose/lib/schemaType.js:1673:17)\n    at cast (/Users/keshavv/Desktop/dodo/dodo_be_new/node_modules/.pnpm/mongoose@8.9.5/node_modules/mongoose/lib/cast.js:390:32)\n    at model.Query.Query.cast (/Users/keshavv/Desktop/dodo/dodo_be_new/node_modules/.pnpm/mongoose@8.9.5/node_modules/mongoose/lib/query.js:4889:12)\n    at model.Query.Query._castConditions (/Users/keshavv/Desktop/dodo/dodo_be_new/node_modules/.pnpm/mongoose@8.9.5/node_modules/mongoose/lib/query.js:2306:10)\n    at model.Query._findOne (/Users/keshavv/Desktop/dodo/dodo_be_new/node_modules/.pnpm/mongoose@8.9.5/node_modules/mongoose/lib/query.js:2630:8)\n    at model.Query.exec (/Users/keshavv/Desktop/dodo/dodo_be_new/node_modules/.pnpm/mongoose@8.9.5/node_modules/mongoose/lib/query.js:4438:80)\n    at processTicksAndRejections (node:internal/process/task_queues:95:5)\n    at getBlocksByDodoPageUrl (/Users/keshavv/Desktop/dodo/dodo_be_new/src/controllers/block/blockController.ts:417:24)","stringValue":"\"undefined\"","timestamp":"2025-02-09T12:16:00.115Z","value":"undefined","valueType":"string"}
{"kind":"ObjectId","level":"error","message":"Error in getBlocksByDodoPageUrl: Cast to ObjectId failed for value \"undefined\" (type string) at path \"_id\" for model \"DodoPage\"","path":"_id","reason":{},"stack":"CastError: Cast to ObjectId failed for value \"undefined\" (type string) at path \"_id\" for model \"DodoPage\"\n    at SchemaObjectId.cast (/Users/keshavv/Desktop/dodo/dodo_be_new/node_modules/.pnpm/mongoose@8.9.5/node_modules/mongoose/lib/schema/objectId.js:250:11)\n    at SchemaObjectId.SchemaType.applySetters (/Users/keshavv/Desktop/dodo/dodo_be_new/node_modules/.pnpm/mongoose@8.9.5/node_modules/mongoose/lib/schemaType.js:1255:12)\n    at SchemaObjectId.SchemaType.castForQuery (/Users/keshavv/Desktop/dodo/dodo_be_new/node_modules/.pnpm/mongoose@8.9.5/node_modules/mongoose/lib/schemaType.js:1673:17)\n    at cast (/Users/keshavv/Desktop/dodo/dodo_be_new/node_modules/.pnpm/mongoose@8.9.5/node_modules/mongoose/lib/cast.js:390:32)\n    at model.Query.Query.cast (/Users/keshavv/Desktop/dodo/dodo_be_new/node_modules/.pnpm/mongoose@8.9.5/node_modules/mongoose/lib/query.js:4889:12)\n    at model.Query.Query._castConditions (/Users/keshavv/Desktop/dodo/dodo_be_new/node_modules/.pnpm/mongoose@8.9.5/node_modules/mongoose/lib/query.js:2306:10)\n    at model.Query._findOne (/Users/keshavv/Desktop/dodo/dodo_be_new/node_modules/.pnpm/mongoose@8.9.5/node_modules/mongoose/lib/query.js:2630:8)\n    at model.Query.exec (/Users/keshavv/Desktop/dodo/dodo_be_new/node_modules/.pnpm/mongoose@8.9.5/node_modules/mongoose/lib/query.js:4438:80)\n    at processTicksAndRejections (node:internal/process/task_queues:95:5)\n    at getBlocksByDodoPageUrl (/Users/keshavv/Desktop/dodo/dodo_be_new/src/controllers/block/blockController.ts:417:24)","stringValue":"\"undefined\"","timestamp":"2025-02-09T12:16:00.249Z","value":"undefined","valueType":"string"}
{"kind":"ObjectId","level":"error","message":"Error in getBlocksByDodoPageUrl: Cast to ObjectId failed for value \"undefined\" (type string) at path \"_id\" for model \"DodoPage\"","path":"_id","reason":{},"stack":"CastError: Cast to ObjectId failed for value \"undefined\" (type string) at path \"_id\" for model \"DodoPage\"\n    at SchemaObjectId.cast (/Users/keshavv/Desktop/dodo/dodo_be_new/node_modules/.pnpm/mongoose@8.9.5/node_modules/mongoose/lib/schema/objectId.js:250:11)\n    at SchemaObjectId.SchemaType.applySetters (/Users/keshavv/Desktop/dodo/dodo_be_new/node_modules/.pnpm/mongoose@8.9.5/node_modules/mongoose/lib/schemaType.js:1255:12)\n    at SchemaObjectId.SchemaType.castForQuery (/Users/keshavv/Desktop/dodo/dodo_be_new/node_modules/.pnpm/mongoose@8.9.5/node_modules/mongoose/lib/schemaType.js:1673:17)\n    at cast (/Users/keshavv/Desktop/dodo/dodo_be_new/node_modules/.pnpm/mongoose@8.9.5/node_modules/mongoose/lib/cast.js:390:32)\n    at model.Query.Query.cast (/Users/keshavv/Desktop/dodo/dodo_be_new/node_modules/.pnpm/mongoose@8.9.5/node_modules/mongoose/lib/query.js:4889:12)\n    at model.Query.Query._castConditions (/Users/keshavv/Desktop/dodo/dodo_be_new/node_modules/.pnpm/mongoose@8.9.5/node_modules/mongoose/lib/query.js:2306:10)\n    at model.Query._findOne (/Users/keshavv/Desktop/dodo/dodo_be_new/node_modules/.pnpm/mongoose@8.9.5/node_modules/mongoose/lib/query.js:2630:8)\n    at model.Query.exec (/Users/keshavv/Desktop/dodo/dodo_be_new/node_modules/.pnpm/mongoose@8.9.5/node_modules/mongoose/lib/query.js:4438:80)\n    at processTicksAndRejections (node:internal/process/task_queues:95:5)\n    at getBlocksByDodoPageUrl (/Users/keshavv/Desktop/dodo/dodo_be_new/src/controllers/block/blockController.ts:417:24)","stringValue":"\"undefined\"","timestamp":"2025-02-09T12:16:00.256Z","value":"undefined","valueType":"string"}
{"kind":"ObjectId","level":"error","message":"Error in getBlocksByDodoPageUrl: Cast to ObjectId failed for value \"undefined\" (type string) at path \"_id\" for model \"DodoPage\"","path":"_id","reason":{},"stack":"CastError: Cast to ObjectId failed for value \"undefined\" (type string) at path \"_id\" for model \"DodoPage\"\n    at SchemaObjectId.cast (/Users/keshavv/Desktop/dodo/dodo_be_new/node_modules/.pnpm/mongoose@8.9.5/node_modules/mongoose/lib/schema/objectId.js:250:11)\n    at SchemaObjectId.SchemaType.applySetters (/Users/keshavv/Desktop/dodo/dodo_be_new/node_modules/.pnpm/mongoose@8.9.5/node_modules/mongoose/lib/schemaType.js:1255:12)\n    at SchemaObjectId.SchemaType.castForQuery (/Users/keshavv/Desktop/dodo/dodo_be_new/node_modules/.pnpm/mongoose@8.9.5/node_modules/mongoose/lib/schemaType.js:1673:17)\n    at cast (/Users/keshavv/Desktop/dodo/dodo_be_new/node_modules/.pnpm/mongoose@8.9.5/node_modules/mongoose/lib/cast.js:390:32)\n    at model.Query.Query.cast (/Users/keshavv/Desktop/dodo/dodo_be_new/node_modules/.pnpm/mongoose@8.9.5/node_modules/mongoose/lib/query.js:4889:12)\n    at model.Query.Query._castConditions (/Users/keshavv/Desktop/dodo/dodo_be_new/node_modules/.pnpm/mongoose@8.9.5/node_modules/mongoose/lib/query.js:2306:10)\n    at model.Query._findOne (/Users/keshavv/Desktop/dodo/dodo_be_new/node_modules/.pnpm/mongoose@8.9.5/node_modules/mongoose/lib/query.js:2630:8)\n    at model.Query.exec (/Users/keshavv/Desktop/dodo/dodo_be_new/node_modules/.pnpm/mongoose@8.9.5/node_modules/mongoose/lib/query.js:4438:80)\n    at processTicksAndRejections (node:internal/process/task_queues:95:5)\n    at getBlocksByDodoPageUrl (/Users/keshavv/Desktop/dodo/dodo_be_new/src/controllers/block/blockController.ts:417:24)","stringValue":"\"undefined\"","timestamp":"2025-02-09T12:16:15.385Z","value":"undefined","valueType":"string"}
{"kind":"ObjectId","level":"error","message":"Error in getBlocksByDodoPageUrl: Cast to ObjectId failed for value \"undefined\" (type string) at path \"_id\" for model \"DodoPage\"","path":"_id","reason":{},"stack":"CastError: Cast to ObjectId failed for value \"undefined\" (type string) at path \"_id\" for model \"DodoPage\"\n    at SchemaObjectId.cast (/Users/keshavv/Desktop/dodo/dodo_be_new/node_modules/.pnpm/mongoose@8.9.5/node_modules/mongoose/lib/schema/objectId.js:250:11)\n    at SchemaObjectId.SchemaType.applySetters (/Users/keshavv/Desktop/dodo/dodo_be_new/node_modules/.pnpm/mongoose@8.9.5/node_modules/mongoose/lib/schemaType.js:1255:12)\n    at SchemaObjectId.SchemaType.castForQuery (/Users/keshavv/Desktop/dodo/dodo_be_new/node_modules/.pnpm/mongoose@8.9.5/node_modules/mongoose/lib/schemaType.js:1673:17)\n    at cast (/Users/keshavv/Desktop/dodo/dodo_be_new/node_modules/.pnpm/mongoose@8.9.5/node_modules/mongoose/lib/cast.js:390:32)\n    at model.Query.Query.cast (/Users/keshavv/Desktop/dodo/dodo_be_new/node_modules/.pnpm/mongoose@8.9.5/node_modules/mongoose/lib/query.js:4889:12)\n    at model.Query.Query._castConditions (/Users/keshavv/Desktop/dodo/dodo_be_new/node_modules/.pnpm/mongoose@8.9.5/node_modules/mongoose/lib/query.js:2306:10)\n    at model.Query._findOne (/Users/keshavv/Desktop/dodo/dodo_be_new/node_modules/.pnpm/mongoose@8.9.5/node_modules/mongoose/lib/query.js:2630:8)\n    at model.Query.exec (/Users/keshavv/Desktop/dodo/dodo_be_new/node_modules/.pnpm/mongoose@8.9.5/node_modules/mongoose/lib/query.js:4438:80)\n    at processTicksAndRejections (node:internal/process/task_queues:95:5)\n    at getBlocksByDodoPageUrl (/Users/keshavv/Desktop/dodo/dodo_be_new/src/controllers/block/blockController.ts:417:24)","stringValue":"\"undefined\"","timestamp":"2025-02-09T12:16:15.391Z","value":"undefined","valueType":"string"}
{"level":"info","message":"MongoDB Connected Successfully","timestamp":"2025-02-09T12:39:36.530Z"}
{"level":"info","message":"Server running on port 3002","timestamp":"2025-02-09T12:39:36.539Z"}
{"level":"info","message":"MongoDB Connected Successfully","timestamp":"2025-02-09T12:46:17.372Z"}
{"level":"info","message":"Server running on port 3002","timestamp":"2025-02-09T12:46:17.384Z"}
{"level":"info","message":"MongoDB Connected Successfully","timestamp":"2025-02-09T12:46:20.399Z"}
{"level":"info","message":"Server running on port 3002","timestamp":"2025-02-09T12:46:20.401Z"}
{"level":"info","message":"MongoDB Connected Successfully","timestamp":"2025-02-09T12:46:22.449Z"}
{"level":"info","message":"Server running on port 3002","timestamp":"2025-02-09T12:46:22.451Z"}
{"level":"info","message":"MongoDB Connected Successfully","timestamp":"2025-02-09T12:46:28.118Z"}
{"level":"info","message":"Server running on port 3002","timestamp":"2025-02-09T12:46:28.120Z"}
{"level":"info","message":"MongoDB Connected Successfully","timestamp":"2025-02-09T12:46:29.669Z"}
{"level":"info","message":"Server running on port 3002","timestamp":"2025-02-09T12:46:29.677Z"}
{"level":"info","message":"MongoDB Connected Successfully","timestamp":"2025-02-09T12:46:31.977Z"}
{"level":"info","message":"Server running on port 3002","timestamp":"2025-02-09T12:46:31.979Z"}
{"level":"info","message":"MongoDB Connected Successfully","timestamp":"2025-02-09T12:46:38.383Z"}
{"level":"info","message":"Server running on port 3002","timestamp":"2025-02-09T12:46:38.389Z"}
{"level":"info","message":"MongoDB Connected Successfully","timestamp":"2025-02-09T12:46:40.782Z"}
{"level":"info","message":"Server running on port 3002","timestamp":"2025-02-09T12:46:40.786Z"}
{"level":"info","message":"MongoDB Connected Successfully","timestamp":"2025-02-09T12:46:51.122Z"}
{"level":"info","message":"Server running on port 3002","timestamp":"2025-02-09T12:46:51.127Z"}
{"level":"info","message":"MongoDB Connected Successfully","timestamp":"2025-02-09T12:46:52.668Z"}
{"level":"info","message":"Server running on port 3002","timestamp":"2025-02-09T12:46:52.673Z"}
{"level":"info","message":"MongoDB Connected Successfully","timestamp":"2025-02-09T12:46:54.177Z"}
{"level":"info","message":"Server running on port 3002","timestamp":"2025-02-09T12:46:54.179Z"}
{"level":"info","message":"MongoDB Connected Successfully","timestamp":"2025-02-09T12:48:34.253Z"}
{"level":"info","message":"Server running on port 3002","timestamp":"2025-02-09T12:48:34.260Z"}
{"level":"info","message":"MongoDB Connected Successfully","timestamp":"2025-02-09T12:53:23.508Z"}
{"level":"info","message":"Server running on port 3002","timestamp":"2025-02-09T12:53:23.522Z"}
{"level":"info","message":"MongoDB Connected Successfully","timestamp":"2025-02-09T12:53:27.406Z"}
{"level":"info","message":"Server running on port 3002","timestamp":"2025-02-09T12:53:27.412Z"}
{"level":"info","message":"MongoDB Connected Successfully","timestamp":"2025-02-09T12:53:44.371Z"}
{"level":"info","message":"Server running on port 3002","timestamp":"2025-02-09T12:53:44.373Z"}
{"level":"info","message":"MongoDB Connected Successfully","timestamp":"2025-02-09T14:46:31.503Z"}
{"level":"info","message":"Server running on port 3002","timestamp":"2025-02-09T14:46:31.509Z"}
{"level":"info","message":"MongoDB Connected Successfully","timestamp":"2025-02-09T14:54:35.996Z"}
{"level":"info","message":"Server running on port 3002","timestamp":"2025-02-09T14:54:36.003Z"}
{"level":"info","message":"MongoDB Connected Successfully","timestamp":"2025-02-09T14:54:38.034Z"}
{"level":"info","message":"Server running on port 3002","timestamp":"2025-02-09T14:54:38.036Z"}
{"level":"info","message":"MongoDB Connected Successfully","timestamp":"2025-02-09T14:54:39.099Z"}
{"level":"info","message":"Server running on port 3002","timestamp":"2025-02-09T14:54:39.101Z"}
{"level":"info","message":"MongoDB Connected Successfully","timestamp":"2025-02-09T14:55:40.834Z"}
{"level":"info","message":"Server running on port 3002","timestamp":"2025-02-09T14:55:40.837Z"}
{"level":"warn","message":"MongoDB disconnected. Attempting to reconnect...","timestamp":"2025-02-09T15:18:39.486Z"}
{"code":"ERR_HTTP_HEADERS_SENT","level":"error","message":"Error in getBlockById: Cannot set headers after they are sent to the client","stack":"Error: Cannot set headers after they are sent to the client\n    at ServerResponse.setHeader (node:_http_outgoing:655:11)\n    at ServerResponse.header (/Users/keshavv/Desktop/dodo/dodo_be_new/node_modules/.pnpm/express@4.21.2/node_modules/express/lib/response.js:794:10)\n    at ServerResponse.send (/Users/keshavv/Desktop/dodo/dodo_be_new/node_modules/.pnpm/express@4.21.2/node_modules/express/lib/response.js:174:12)\n    at ServerResponse.json (/Users/keshavv/Desktop/dodo/dodo_be_new/node_modules/.pnpm/express@4.21.2/node_modules/express/lib/response.js:278:15)\n    at getBlockById (/Users/keshavv/Desktop/dodo/dodo_be_new/src/controllers/block/blockController.ts:535:23)\n    at processTicksAndRejections (node:internal/process/task_queues:95:5)","timestamp":"2025-02-09T15:36:42.887Z"}
{"code":"ERR_HTTP_HEADERS_SENT","level":"error","message":"Error in getBlockById: Cannot set headers after they are sent to the client","stack":"Error: Cannot set headers after they are sent to the client\n    at ServerResponse.setHeader (node:_http_outgoing:655:11)\n    at ServerResponse.header (/Users/keshavv/Desktop/dodo/dodo_be_new/node_modules/.pnpm/express@4.21.2/node_modules/express/lib/response.js:794:10)\n    at ServerResponse.send (/Users/keshavv/Desktop/dodo/dodo_be_new/node_modules/.pnpm/express@4.21.2/node_modules/express/lib/response.js:174:12)\n    at ServerResponse.json (/Users/keshavv/Desktop/dodo/dodo_be_new/node_modules/.pnpm/express@4.21.2/node_modules/express/lib/response.js:278:15)\n    at getBlockById (/Users/keshavv/Desktop/dodo/dodo_be_new/src/controllers/block/blockController.ts:535:23)\n    at processTicksAndRejections (node:internal/process/task_queues:95:5)","timestamp":"2025-02-09T15:36:42.928Z"}
{"level":"info","message":"MongoDB Connected Successfully","timestamp":"2025-02-09T15:39:54.668Z"}
{"level":"info","message":"Server running on port 3002","timestamp":"2025-02-09T15:39:54.678Z"}
{"level":"info","message":"MongoDB Connected Successfully","timestamp":"2025-02-09T15:46:57.896Z"}
{"level":"info","message":"Server running on port 3002","timestamp":"2025-02-09T15:46:57.904Z"}
{"level":"info","message":"MongoDB Connected Successfully","timestamp":"2025-02-09T15:48:45.302Z"}
{"level":"info","message":"Server running on port 3002","timestamp":"2025-02-09T15:48:45.304Z"}
{"level":"info","message":"MongoDB Connected Successfully","timestamp":"2025-02-09T15:48:49.372Z"}
{"level":"info","message":"Server running on port 3002","timestamp":"2025-02-09T15:48:49.376Z"}
{"level":"info","message":"MongoDB Connected Successfully","timestamp":"2025-02-09T15:49:25.977Z"}
{"level":"info","message":"Server running on port 3002","timestamp":"2025-02-09T15:49:25.979Z"}
{"level":"info","message":"MongoDB Connected Successfully","timestamp":"2025-02-09T15:49:27.399Z"}
{"level":"info","message":"Server running on port 3002","timestamp":"2025-02-09T15:49:27.401Z"}
{"level":"info","message":"MongoDB Connected Successfully","timestamp":"2025-02-09T15:49:39.688Z"}
{"level":"info","message":"Server running on port 3002","timestamp":"2025-02-09T15:49:39.692Z"}
{"level":"info","message":"MongoDB Connected Successfully","timestamp":"2025-02-09T15:49:41.880Z"}
{"level":"info","message":"Server running on port 3002","timestamp":"2025-02-09T15:49:41.883Z"}
{"level":"info","message":"MongoDB Connected Successfully","timestamp":"2025-02-09T15:52:51.748Z"}
{"level":"info","message":"Server running on port 3002","timestamp":"2025-02-09T15:52:51.757Z"}
{"level":"info","message":"MongoDB Connected Successfully","timestamp":"2025-02-09T15:52:52.837Z"}
{"level":"info","message":"Server running on port 3002","timestamp":"2025-02-09T15:52:52.839Z"}
{"level":"info","message":"MongoDB Connected Successfully","timestamp":"2025-02-09T15:52:53.998Z"}
{"level":"info","message":"Server running on port 3002","timestamp":"2025-02-09T15:52:54.001Z"}
{"level":"info","message":"MongoDB Connected Successfully","timestamp":"2025-02-09T15:53:18.420Z"}
{"level":"info","message":"Server running on port 3002","timestamp":"2025-02-09T15:53:18.428Z"}
{"level":"info","message":"MongoDB Connected Successfully","timestamp":"2025-02-09T15:53:23.610Z"}
{"level":"info","message":"Server running on port 3002","timestamp":"2025-02-09T15:53:23.612Z"}
{"level":"info","message":"MongoDB Connected Successfully","timestamp":"2025-02-09T15:53:25.309Z"}
{"level":"info","message":"Server running on port 3002","timestamp":"2025-02-09T15:53:25.317Z"}
{"level":"info","message":"MongoDB Connected Successfully","timestamp":"2025-02-09T15:55:50.002Z"}
{"level":"info","message":"Server running on port 3002","timestamp":"2025-02-09T15:55:50.009Z"}
{"level":"info","message":"MongoDB Connected Successfully","timestamp":"2025-02-09T15:59:03.250Z"}
{"level":"info","message":"Server running on port 3002","timestamp":"2025-02-09T15:59:03.256Z"}
{"level":"info","message":"MongoDB Connected Successfully","timestamp":"2025-02-09T16:00:18.106Z"}
{"level":"info","message":"Server running on port 3002","timestamp":"2025-02-09T16:00:18.110Z"}
{"level":"info","message":"MongoDB Connected Successfully","timestamp":"2025-02-09T16:01:22.186Z"}
{"level":"info","message":"Server running on port 3002","timestamp":"2025-02-09T16:01:22.191Z"}
{"level":"warn","message":"MongoDB disconnected. Attempting to reconnect...","timestamp":"2025-02-09T16:24:24.587Z"}
{"level":"info","message":"MongoDB Connected Successfully","timestamp":"2025-02-09T16:39:17.444Z"}
{"level":"info","message":"Server running on port 3002","timestamp":"2025-02-09T16:39:17.454Z"}
{"level":"info","message":"MongoDB Connected Successfully","timestamp":"2025-02-09T16:46:01.684Z"}
{"level":"info","message":"Server running on port 3002","timestamp":"2025-02-09T16:46:01.692Z"}
{"level":"info","message":"MongoDB Connected Successfully","timestamp":"2025-02-09T16:46:05.716Z"}
{"level":"info","message":"Server running on port 3002","timestamp":"2025-02-09T16:46:05.721Z"}
{"level":"info","message":"MongoDB Connected Successfully","timestamp":"2025-02-09T16:47:01.515Z"}
{"level":"info","message":"Server running on port 3002","timestamp":"2025-02-09T16:47:01.518Z"}
{"level":"info","message":"MongoDB Connected Successfully","timestamp":"2025-02-09T16:47:05.113Z"}
{"level":"info","message":"Server running on port 3002","timestamp":"2025-02-09T16:47:05.115Z"}
{"level":"info","message":"MongoDB Connected Successfully","timestamp":"2025-02-09T17:06:31.904Z"}
{"level":"info","message":"Server running on port 3002","timestamp":"2025-02-09T17:06:31.921Z"}
{"level":"info","message":"MongoDB Connected Successfully","timestamp":"2025-02-09T17:13:32.049Z"}
{"level":"info","message":"Server running on port 3002","timestamp":"2025-02-09T17:13:32.057Z"}
{"level":"info","message":"MongoDB Connected Successfully","timestamp":"2025-02-09T17:13:50.327Z"}
{"level":"info","message":"Server running on port 3002","timestamp":"2025-02-09T17:13:50.330Z"}
{"level":"info","message":"MongoDB Connected Successfully","timestamp":"2025-02-09T17:13:51.546Z"}
{"level":"info","message":"Server running on port 3002","timestamp":"2025-02-09T17:13:51.552Z"}
{"level":"info","message":"MongoDB Connected Successfully","timestamp":"2025-02-09T17:14:18.310Z"}
{"level":"info","message":"Server running on port 3002","timestamp":"2025-02-09T17:14:18.314Z"}
{"level":"info","message":"MongoDB Connected Successfully","timestamp":"2025-02-09T17:14:52.209Z"}
{"level":"info","message":"Server running on port 3002","timestamp":"2025-02-09T17:14:52.213Z"}
{"level":"info","message":"MongoDB Connected Successfully","timestamp":"2025-02-09T17:15:23.263Z"}
{"level":"info","message":"Server running on port 3002","timestamp":"2025-02-09T17:15:23.268Z"}
{"level":"info","message":"MongoDB Connected Successfully","timestamp":"2025-02-09T17:15:26.742Z"}
{"level":"info","message":"Server running on port 3002","timestamp":"2025-02-09T17:15:26.745Z"}
{"level":"info","message":"MongoDB Connected Successfully","timestamp":"2025-02-09T17:15:27.547Z"}
{"level":"info","message":"Server running on port 3002","timestamp":"2025-02-09T17:15:27.550Z"}
{"kind":"ObjectId","level":"error","message":"Error in getBlocksByDodoPageUrl: Cast to ObjectId failed for value \"undefined\" (type string) at path \"_id\" for model \"DodoPage\"","path":"_id","reason":{},"stack":"CastError: Cast to ObjectId failed for value \"undefined\" (type string) at path \"_id\" for model \"DodoPage\"\n    at SchemaObjectId.cast (/Users/keshavv/Desktop/dodo/dodo_be_new/node_modules/.pnpm/mongoose@8.9.5/node_modules/mongoose/lib/schema/objectId.js:250:11)\n    at SchemaObjectId.SchemaType.applySetters (/Users/keshavv/Desktop/dodo/dodo_be_new/node_modules/.pnpm/mongoose@8.9.5/node_modules/mongoose/lib/schemaType.js:1255:12)\n    at SchemaObjectId.SchemaType.castForQuery (/Users/keshavv/Desktop/dodo/dodo_be_new/node_modules/.pnpm/mongoose@8.9.5/node_modules/mongoose/lib/schemaType.js:1673:17)\n    at cast (/Users/keshavv/Desktop/dodo/dodo_be_new/node_modules/.pnpm/mongoose@8.9.5/node_modules/mongoose/lib/cast.js:390:32)\n    at model.Query.Query.cast (/Users/keshavv/Desktop/dodo/dodo_be_new/node_modules/.pnpm/mongoose@8.9.5/node_modules/mongoose/lib/query.js:4889:12)\n    at model.Query.Query._castConditions (/Users/keshavv/Desktop/dodo/dodo_be_new/node_modules/.pnpm/mongoose@8.9.5/node_modules/mongoose/lib/query.js:2306:10)\n    at model.Query._findOne (/Users/keshavv/Desktop/dodo/dodo_be_new/node_modules/.pnpm/mongoose@8.9.5/node_modules/mongoose/lib/query.js:2630:8)\n    at model.Query.exec (/Users/keshavv/Desktop/dodo/dodo_be_new/node_modules/.pnpm/mongoose@8.9.5/node_modules/mongoose/lib/query.js:4438:80)\n    at processTicksAndRejections (node:internal/process/task_queues:95:5)\n    at getBlocksByDodoPageUrl (/Users/keshavv/Desktop/dodo/dodo_be_new/src/controllers/block/blockController.ts:559:24)","stringValue":"\"undefined\"","timestamp":"2025-02-09T17:16:12.529Z","value":"undefined","valueType":"string"}
{"kind":"ObjectId","level":"error","message":"Error in getBlocksByDodoPageUrl: Cast to ObjectId failed for value \"undefined\" (type string) at path \"_id\" for model \"DodoPage\"","path":"_id","reason":{},"stack":"CastError: Cast to ObjectId failed for value \"undefined\" (type string) at path \"_id\" for model \"DodoPage\"\n    at SchemaObjectId.cast (/Users/keshavv/Desktop/dodo/dodo_be_new/node_modules/.pnpm/mongoose@8.9.5/node_modules/mongoose/lib/schema/objectId.js:250:11)\n    at SchemaObjectId.SchemaType.applySetters (/Users/keshavv/Desktop/dodo/dodo_be_new/node_modules/.pnpm/mongoose@8.9.5/node_modules/mongoose/lib/schemaType.js:1255:12)\n    at SchemaObjectId.SchemaType.castForQuery (/Users/keshavv/Desktop/dodo/dodo_be_new/node_modules/.pnpm/mongoose@8.9.5/node_modules/mongoose/lib/schemaType.js:1673:17)\n    at cast (/Users/keshavv/Desktop/dodo/dodo_be_new/node_modules/.pnpm/mongoose@8.9.5/node_modules/mongoose/lib/cast.js:390:32)\n    at model.Query.Query.cast (/Users/keshavv/Desktop/dodo/dodo_be_new/node_modules/.pnpm/mongoose@8.9.5/node_modules/mongoose/lib/query.js:4889:12)\n    at model.Query.Query._castConditions (/Users/keshavv/Desktop/dodo/dodo_be_new/node_modules/.pnpm/mongoose@8.9.5/node_modules/mongoose/lib/query.js:2306:10)\n    at model.Query._findOne (/Users/keshavv/Desktop/dodo/dodo_be_new/node_modules/.pnpm/mongoose@8.9.5/node_modules/mongoose/lib/query.js:2630:8)\n    at model.Query.exec (/Users/keshavv/Desktop/dodo/dodo_be_new/node_modules/.pnpm/mongoose@8.9.5/node_modules/mongoose/lib/query.js:4438:80)\n    at processTicksAndRejections (node:internal/process/task_queues:95:5)\n    at getBlocksByDodoPageUrl (/Users/keshavv/Desktop/dodo/dodo_be_new/src/controllers/block/blockController.ts:559:24)","stringValue":"\"undefined\"","timestamp":"2025-02-09T17:16:12.543Z","value":"undefined","valueType":"string"}
{"kind":"ObjectId","level":"error","message":"Error in getBlocksByDodoPageUrl: Cast to ObjectId failed for value \"undefined\" (type string) at path \"_id\" for model \"DodoPage\"","path":"_id","reason":{},"stack":"CastError: Cast to ObjectId failed for value \"undefined\" (type string) at path \"_id\" for model \"DodoPage\"\n    at SchemaObjectId.cast (/Users/keshavv/Desktop/dodo/dodo_be_new/node_modules/.pnpm/mongoose@8.9.5/node_modules/mongoose/lib/schema/objectId.js:250:11)\n    at SchemaObjectId.SchemaType.applySetters (/Users/keshavv/Desktop/dodo/dodo_be_new/node_modules/.pnpm/mongoose@8.9.5/node_modules/mongoose/lib/schemaType.js:1255:12)\n    at SchemaObjectId.SchemaType.castForQuery (/Users/keshavv/Desktop/dodo/dodo_be_new/node_modules/.pnpm/mongoose@8.9.5/node_modules/mongoose/lib/schemaType.js:1673:17)\n    at cast (/Users/keshavv/Desktop/dodo/dodo_be_new/node_modules/.pnpm/mongoose@8.9.5/node_modules/mongoose/lib/cast.js:390:32)\n    at model.Query.Query.cast (/Users/keshavv/Desktop/dodo/dodo_be_new/node_modules/.pnpm/mongoose@8.9.5/node_modules/mongoose/lib/query.js:4889:12)\n    at model.Query.Query._castConditions (/Users/keshavv/Desktop/dodo/dodo_be_new/node_modules/.pnpm/mongoose@8.9.5/node_modules/mongoose/lib/query.js:2306:10)\n    at model.Query._findOne (/Users/keshavv/Desktop/dodo/dodo_be_new/node_modules/.pnpm/mongoose@8.9.5/node_modules/mongoose/lib/query.js:2630:8)\n    at model.Query.exec (/Users/keshavv/Desktop/dodo/dodo_be_new/node_modules/.pnpm/mongoose@8.9.5/node_modules/mongoose/lib/query.js:4438:80)\n    at processTicksAndRejections (node:internal/process/task_queues:95:5)\n    at getBlocksByDodoPageUrl (/Users/keshavv/Desktop/dodo/dodo_be_new/src/controllers/block/blockController.ts:559:24)","stringValue":"\"undefined\"","timestamp":"2025-02-09T17:16:19.626Z","value":"undefined","valueType":"string"}
{"kind":"ObjectId","level":"error","message":"Error in getBlocksByDodoPageUrl: Cast to ObjectId failed for value \"undefined\" (type string) at path \"_id\" for model \"DodoPage\"","path":"_id","reason":{},"stack":"CastError: Cast to ObjectId failed for value \"undefined\" (type string) at path \"_id\" for model \"DodoPage\"\n    at SchemaObjectId.cast (/Users/keshavv/Desktop/dodo/dodo_be_new/node_modules/.pnpm/mongoose@8.9.5/node_modules/mongoose/lib/schema/objectId.js:250:11)\n    at SchemaObjectId.SchemaType.applySetters (/Users/keshavv/Desktop/dodo/dodo_be_new/node_modules/.pnpm/mongoose@8.9.5/node_modules/mongoose/lib/schemaType.js:1255:12)\n    at SchemaObjectId.SchemaType.castForQuery (/Users/keshavv/Desktop/dodo/dodo_be_new/node_modules/.pnpm/mongoose@8.9.5/node_modules/mongoose/lib/schemaType.js:1673:17)\n    at cast (/Users/keshavv/Desktop/dodo/dodo_be_new/node_modules/.pnpm/mongoose@8.9.5/node_modules/mongoose/lib/cast.js:390:32)\n    at model.Query.Query.cast (/Users/keshavv/Desktop/dodo/dodo_be_new/node_modules/.pnpm/mongoose@8.9.5/node_modules/mongoose/lib/query.js:4889:12)\n    at model.Query.Query._castConditions (/Users/keshavv/Desktop/dodo/dodo_be_new/node_modules/.pnpm/mongoose@8.9.5/node_modules/mongoose/lib/query.js:2306:10)\n    at model.Query._findOne (/Users/keshavv/Desktop/dodo/dodo_be_new/node_modules/.pnpm/mongoose@8.9.5/node_modules/mongoose/lib/query.js:2630:8)\n    at model.Query.exec (/Users/keshavv/Desktop/dodo/dodo_be_new/node_modules/.pnpm/mongoose@8.9.5/node_modules/mongoose/lib/query.js:4438:80)\n    at processTicksAndRejections (node:internal/process/task_queues:95:5)\n    at getBlocksByDodoPageUrl (/Users/keshavv/Desktop/dodo/dodo_be_new/src/controllers/block/blockController.ts:559:24)","stringValue":"\"undefined\"","timestamp":"2025-02-09T17:16:19.632Z","value":"undefined","valueType":"string"}
{"kind":"ObjectId","level":"error","message":"Error in getBlocksByDodoPageUrl: Cast to ObjectId failed for value \"undefined\" (type string) at path \"_id\" for model \"DodoPage\"","path":"_id","reason":{},"stack":"CastError: Cast to ObjectId failed for value \"undefined\" (type string) at path \"_id\" for model \"DodoPage\"\n    at SchemaObjectId.cast (/Users/keshavv/Desktop/dodo/dodo_be_new/node_modules/.pnpm/mongoose@8.9.5/node_modules/mongoose/lib/schema/objectId.js:250:11)\n    at SchemaObjectId.SchemaType.applySetters (/Users/keshavv/Desktop/dodo/dodo_be_new/node_modules/.pnpm/mongoose@8.9.5/node_modules/mongoose/lib/schemaType.js:1255:12)\n    at SchemaObjectId.SchemaType.castForQuery (/Users/keshavv/Desktop/dodo/dodo_be_new/node_modules/.pnpm/mongoose@8.9.5/node_modules/mongoose/lib/schemaType.js:1673:17)\n    at cast (/Users/keshavv/Desktop/dodo/dodo_be_new/node_modules/.pnpm/mongoose@8.9.5/node_modules/mongoose/lib/cast.js:390:32)\n    at model.Query.Query.cast (/Users/keshavv/Desktop/dodo/dodo_be_new/node_modules/.pnpm/mongoose@8.9.5/node_modules/mongoose/lib/query.js:4889:12)\n    at model.Query.Query._castConditions (/Users/keshavv/Desktop/dodo/dodo_be_new/node_modules/.pnpm/mongoose@8.9.5/node_modules/mongoose/lib/query.js:2306:10)\n    at model.Query._findOne (/Users/keshavv/Desktop/dodo/dodo_be_new/node_modules/.pnpm/mongoose@8.9.5/node_modules/mongoose/lib/query.js:2630:8)\n    at model.Query.exec (/Users/keshavv/Desktop/dodo/dodo_be_new/node_modules/.pnpm/mongoose@8.9.5/node_modules/mongoose/lib/query.js:4438:80)\n    at processTicksAndRejections (node:internal/process/task_queues:95:5)\n    at getBlocksByDodoPageUrl (/Users/keshavv/Desktop/dodo/dodo_be_new/src/controllers/block/blockController.ts:559:24)","stringValue":"\"undefined\"","timestamp":"2025-02-09T17:16:52.327Z","value":"undefined","valueType":"string"}
{"kind":"ObjectId","level":"error","message":"Error in getBlocksByDodoPageUrl: Cast to ObjectId failed for value \"undefined\" (type string) at path \"_id\" for model \"DodoPage\"","path":"_id","reason":{},"stack":"CastError: Cast to ObjectId failed for value \"undefined\" (type string) at path \"_id\" for model \"DodoPage\"\n    at SchemaObjectId.cast (/Users/keshavv/Desktop/dodo/dodo_be_new/node_modules/.pnpm/mongoose@8.9.5/node_modules/mongoose/lib/schema/objectId.js:250:11)\n    at SchemaObjectId.SchemaType.applySetters (/Users/keshavv/Desktop/dodo/dodo_be_new/node_modules/.pnpm/mongoose@8.9.5/node_modules/mongoose/lib/schemaType.js:1255:12)\n    at SchemaObjectId.SchemaType.castForQuery (/Users/keshavv/Desktop/dodo/dodo_be_new/node_modules/.pnpm/mongoose@8.9.5/node_modules/mongoose/lib/schemaType.js:1673:17)\n    at cast (/Users/keshavv/Desktop/dodo/dodo_be_new/node_modules/.pnpm/mongoose@8.9.5/node_modules/mongoose/lib/cast.js:390:32)\n    at model.Query.Query.cast (/Users/keshavv/Desktop/dodo/dodo_be_new/node_modules/.pnpm/mongoose@8.9.5/node_modules/mongoose/lib/query.js:4889:12)\n    at model.Query.Query._castConditions (/Users/keshavv/Desktop/dodo/dodo_be_new/node_modules/.pnpm/mongoose@8.9.5/node_modules/mongoose/lib/query.js:2306:10)\n    at model.Query._findOne (/Users/keshavv/Desktop/dodo/dodo_be_new/node_modules/.pnpm/mongoose@8.9.5/node_modules/mongoose/lib/query.js:2630:8)\n    at model.Query.exec (/Users/keshavv/Desktop/dodo/dodo_be_new/node_modules/.pnpm/mongoose@8.9.5/node_modules/mongoose/lib/query.js:4438:80)\n    at processTicksAndRejections (node:internal/process/task_queues:95:5)\n    at getBlocksByDodoPageUrl (/Users/keshavv/Desktop/dodo/dodo_be_new/src/controllers/block/blockController.ts:559:24)","stringValue":"\"undefined\"","timestamp":"2025-02-09T17:16:52.337Z","value":"undefined","valueType":"string"}
{"kind":"ObjectId","level":"error","message":"Error in getBlocksByDodoPageUrl: Cast to ObjectId failed for value \"[object Object]\" (type string) at path \"_id\" for model \"DodoPage\"","path":"_id","reason":{},"stack":"CastError: Cast to ObjectId failed for value \"[object Object]\" (type string) at path \"_id\" for model \"DodoPage\"\n    at SchemaObjectId.cast (/Users/keshavv/Desktop/dodo/dodo_be_new/node_modules/.pnpm/mongoose@8.9.5/node_modules/mongoose/lib/schema/objectId.js:250:11)\n    at SchemaObjectId.SchemaType.applySetters (/Users/keshavv/Desktop/dodo/dodo_be_new/node_modules/.pnpm/mongoose@8.9.5/node_modules/mongoose/lib/schemaType.js:1255:12)\n    at SchemaObjectId.SchemaType.castForQuery (/Users/keshavv/Desktop/dodo/dodo_be_new/node_modules/.pnpm/mongoose@8.9.5/node_modules/mongoose/lib/schemaType.js:1673:17)\n    at cast (/Users/keshavv/Desktop/dodo/dodo_be_new/node_modules/.pnpm/mongoose@8.9.5/node_modules/mongoose/lib/cast.js:390:32)\n    at model.Query.Query.cast (/Users/keshavv/Desktop/dodo/dodo_be_new/node_modules/.pnpm/mongoose@8.9.5/node_modules/mongoose/lib/query.js:4889:12)\n    at model.Query.Query._castConditions (/Users/keshavv/Desktop/dodo/dodo_be_new/node_modules/.pnpm/mongoose@8.9.5/node_modules/mongoose/lib/query.js:2306:10)\n    at model.Query._findOne (/Users/keshavv/Desktop/dodo/dodo_be_new/node_modules/.pnpm/mongoose@8.9.5/node_modules/mongoose/lib/query.js:2630:8)\n    at model.Query.exec (/Users/keshavv/Desktop/dodo/dodo_be_new/node_modules/.pnpm/mongoose@8.9.5/node_modules/mongoose/lib/query.js:4438:80)\n    at processTicksAndRejections (node:internal/process/task_queues:95:5)\n    at getBlocksByDodoPageUrl (/Users/keshavv/Desktop/dodo/dodo_be_new/src/controllers/block/blockController.ts:559:24)","stringValue":"\"[object Object]\"","timestamp":"2025-02-09T17:17:38.149Z","value":"[object Object]","valueType":"string"}
{"kind":"ObjectId","level":"error","message":"Error in getBlocksByDodoPageUrl: Cast to ObjectId failed for value \"[object Object]\" (type string) at path \"_id\" for model \"DodoPage\"","path":"_id","reason":{},"stack":"CastError: Cast to ObjectId failed for value \"[object Object]\" (type string) at path \"_id\" for model \"DodoPage\"\n    at SchemaObjectId.cast (/Users/keshavv/Desktop/dodo/dodo_be_new/node_modules/.pnpm/mongoose@8.9.5/node_modules/mongoose/lib/schema/objectId.js:250:11)\n    at SchemaObjectId.SchemaType.applySetters (/Users/keshavv/Desktop/dodo/dodo_be_new/node_modules/.pnpm/mongoose@8.9.5/node_modules/mongoose/lib/schemaType.js:1255:12)\n    at SchemaObjectId.SchemaType.castForQuery (/Users/keshavv/Desktop/dodo/dodo_be_new/node_modules/.pnpm/mongoose@8.9.5/node_modules/mongoose/lib/schemaType.js:1673:17)\n    at cast (/Users/keshavv/Desktop/dodo/dodo_be_new/node_modules/.pnpm/mongoose@8.9.5/node_modules/mongoose/lib/cast.js:390:32)\n    at model.Query.Query.cast (/Users/keshavv/Desktop/dodo/dodo_be_new/node_modules/.pnpm/mongoose@8.9.5/node_modules/mongoose/lib/query.js:4889:12)\n    at model.Query.Query._castConditions (/Users/keshavv/Desktop/dodo/dodo_be_new/node_modules/.pnpm/mongoose@8.9.5/node_modules/mongoose/lib/query.js:2306:10)\n    at model.Query._findOne (/Users/keshavv/Desktop/dodo/dodo_be_new/node_modules/.pnpm/mongoose@8.9.5/node_modules/mongoose/lib/query.js:2630:8)\n    at model.Query.exec (/Users/keshavv/Desktop/dodo/dodo_be_new/node_modules/.pnpm/mongoose@8.9.5/node_modules/mongoose/lib/query.js:4438:80)\n    at processTicksAndRejections (node:internal/process/task_queues:95:5)\n    at getBlocksByDodoPageUrl (/Users/keshavv/Desktop/dodo/dodo_be_new/src/controllers/block/blockController.ts:559:24)","stringValue":"\"[object Object]\"","timestamp":"2025-02-09T17:17:38.156Z","value":"[object Object]","valueType":"string"}
{"kind":"ObjectId","level":"error","message":"Error in getBlocksByDodoPageUrl: Cast to ObjectId failed for value \"[object Object]\" (type string) at path \"_id\" for model \"DodoPage\"","path":"_id","reason":{},"stack":"CastError: Cast to ObjectId failed for value \"[object Object]\" (type string) at path \"_id\" for model \"DodoPage\"\n    at SchemaObjectId.cast (/Users/keshavv/Desktop/dodo/dodo_be_new/node_modules/.pnpm/mongoose@8.9.5/node_modules/mongoose/lib/schema/objectId.js:250:11)\n    at SchemaObjectId.SchemaType.applySetters (/Users/keshavv/Desktop/dodo/dodo_be_new/node_modules/.pnpm/mongoose@8.9.5/node_modules/mongoose/lib/schemaType.js:1255:12)\n    at SchemaObjectId.SchemaType.castForQuery (/Users/keshavv/Desktop/dodo/dodo_be_new/node_modules/.pnpm/mongoose@8.9.5/node_modules/mongoose/lib/schemaType.js:1673:17)\n    at cast (/Users/keshavv/Desktop/dodo/dodo_be_new/node_modules/.pnpm/mongoose@8.9.5/node_modules/mongoose/lib/cast.js:390:32)\n    at model.Query.Query.cast (/Users/keshavv/Desktop/dodo/dodo_be_new/node_modules/.pnpm/mongoose@8.9.5/node_modules/mongoose/lib/query.js:4889:12)\n    at model.Query.Query._castConditions (/Users/keshavv/Desktop/dodo/dodo_be_new/node_modules/.pnpm/mongoose@8.9.5/node_modules/mongoose/lib/query.js:2306:10)\n    at model.Query._findOne (/Users/keshavv/Desktop/dodo/dodo_be_new/node_modules/.pnpm/mongoose@8.9.5/node_modules/mongoose/lib/query.js:2630:8)\n    at model.Query.exec (/Users/keshavv/Desktop/dodo/dodo_be_new/node_modules/.pnpm/mongoose@8.9.5/node_modules/mongoose/lib/query.js:4438:80)\n    at processTicksAndRejections (node:internal/process/task_queues:95:5)\n    at getBlocksByDodoPageUrl (/Users/keshavv/Desktop/dodo/dodo_be_new/src/controllers/block/blockController.ts:559:24)","stringValue":"\"[object Object]\"","timestamp":"2025-02-09T17:17:38.286Z","value":"[object Object]","valueType":"string"}
{"kind":"ObjectId","level":"error","message":"Error in getBlocksByDodoPageUrl: Cast to ObjectId failed for value \"[object Object]\" (type string) at path \"_id\" for model \"DodoPage\"","path":"_id","reason":{},"stack":"CastError: Cast to ObjectId failed for value \"[object Object]\" (type string) at path \"_id\" for model \"DodoPage\"\n    at SchemaObjectId.cast (/Users/keshavv/Desktop/dodo/dodo_be_new/node_modules/.pnpm/mongoose@8.9.5/node_modules/mongoose/lib/schema/objectId.js:250:11)\n    at SchemaObjectId.SchemaType.applySetters (/Users/keshavv/Desktop/dodo/dodo_be_new/node_modules/.pnpm/mongoose@8.9.5/node_modules/mongoose/lib/schemaType.js:1255:12)\n    at SchemaObjectId.SchemaType.castForQuery (/Users/keshavv/Desktop/dodo/dodo_be_new/node_modules/.pnpm/mongoose@8.9.5/node_modules/mongoose/lib/schemaType.js:1673:17)\n    at cast (/Users/keshavv/Desktop/dodo/dodo_be_new/node_modules/.pnpm/mongoose@8.9.5/node_modules/mongoose/lib/cast.js:390:32)\n    at model.Query.Query.cast (/Users/keshavv/Desktop/dodo/dodo_be_new/node_modules/.pnpm/mongoose@8.9.5/node_modules/mongoose/lib/query.js:4889:12)\n    at model.Query.Query._castConditions (/Users/keshavv/Desktop/dodo/dodo_be_new/node_modules/.pnpm/mongoose@8.9.5/node_modules/mongoose/lib/query.js:2306:10)\n    at model.Query._findOne (/Users/keshavv/Desktop/dodo/dodo_be_new/node_modules/.pnpm/mongoose@8.9.5/node_modules/mongoose/lib/query.js:2630:8)\n    at model.Query.exec (/Users/keshavv/Desktop/dodo/dodo_be_new/node_modules/.pnpm/mongoose@8.9.5/node_modules/mongoose/lib/query.js:4438:80)\n    at processTicksAndRejections (node:internal/process/task_queues:95:5)\n    at getBlocksByDodoPageUrl (/Users/keshavv/Desktop/dodo/dodo_be_new/src/controllers/block/blockController.ts:559:24)","stringValue":"\"[object Object]\"","timestamp":"2025-02-09T17:17:38.356Z","value":"[object Object]","valueType":"string"}
{"kind":"ObjectId","level":"error","message":"Error in getBlocksByDodoPageUrl: Cast to ObjectId failed for value \"undefined\" (type string) at path \"_id\" for model \"DodoPage\"","path":"_id","reason":{},"stack":"CastError: Cast to ObjectId failed for value \"undefined\" (type string) at path \"_id\" for model \"DodoPage\"\n    at SchemaObjectId.cast (/Users/keshavv/Desktop/dodo/dodo_be_new/node_modules/.pnpm/mongoose@8.9.5/node_modules/mongoose/lib/schema/objectId.js:250:11)\n    at SchemaObjectId.SchemaType.applySetters (/Users/keshavv/Desktop/dodo/dodo_be_new/node_modules/.pnpm/mongoose@8.9.5/node_modules/mongoose/lib/schemaType.js:1255:12)\n    at SchemaObjectId.SchemaType.castForQuery (/Users/keshavv/Desktop/dodo/dodo_be_new/node_modules/.pnpm/mongoose@8.9.5/node_modules/mongoose/lib/schemaType.js:1673:17)\n    at cast (/Users/keshavv/Desktop/dodo/dodo_be_new/node_modules/.pnpm/mongoose@8.9.5/node_modules/mongoose/lib/cast.js:390:32)\n    at model.Query.Query.cast (/Users/keshavv/Desktop/dodo/dodo_be_new/node_modules/.pnpm/mongoose@8.9.5/node_modules/mongoose/lib/query.js:4889:12)\n    at model.Query.Query._castConditions (/Users/keshavv/Desktop/dodo/dodo_be_new/node_modules/.pnpm/mongoose@8.9.5/node_modules/mongoose/lib/query.js:2306:10)\n    at model.Query._findOne (/Users/keshavv/Desktop/dodo/dodo_be_new/node_modules/.pnpm/mongoose@8.9.5/node_modules/mongoose/lib/query.js:2630:8)\n    at model.Query.exec (/Users/keshavv/Desktop/dodo/dodo_be_new/node_modules/.pnpm/mongoose@8.9.5/node_modules/mongoose/lib/query.js:4438:80)\n    at processTicksAndRejections (node:internal/process/task_queues:95:5)\n    at getBlocksByDodoPageUrl (/Users/keshavv/Desktop/dodo/dodo_be_new/src/controllers/block/blockController.ts:559:24)","stringValue":"\"undefined\"","timestamp":"2025-02-09T17:18:42.265Z","value":"undefined","valueType":"string"}
{"kind":"ObjectId","level":"error","message":"Error in getBlocksByDodoPageUrl: Cast to ObjectId failed for value \"undefined\" (type string) at path \"_id\" for model \"DodoPage\"","path":"_id","reason":{},"stack":"CastError: Cast to ObjectId failed for value \"undefined\" (type string) at path \"_id\" for model \"DodoPage\"\n    at SchemaObjectId.cast (/Users/keshavv/Desktop/dodo/dodo_be_new/node_modules/.pnpm/mongoose@8.9.5/node_modules/mongoose/lib/schema/objectId.js:250:11)\n    at SchemaObjectId.SchemaType.applySetters (/Users/keshavv/Desktop/dodo/dodo_be_new/node_modules/.pnpm/mongoose@8.9.5/node_modules/mongoose/lib/schemaType.js:1255:12)\n    at SchemaObjectId.SchemaType.castForQuery (/Users/keshavv/Desktop/dodo/dodo_be_new/node_modules/.pnpm/mongoose@8.9.5/node_modules/mongoose/lib/schemaType.js:1673:17)\n    at cast (/Users/keshavv/Desktop/dodo/dodo_be_new/node_modules/.pnpm/mongoose@8.9.5/node_modules/mongoose/lib/cast.js:390:32)\n    at model.Query.Query.cast (/Users/keshavv/Desktop/dodo/dodo_be_new/node_modules/.pnpm/mongoose@8.9.5/node_modules/mongoose/lib/query.js:4889:12)\n    at model.Query.Query._castConditions (/Users/keshavv/Desktop/dodo/dodo_be_new/node_modules/.pnpm/mongoose@8.9.5/node_modules/mongoose/lib/query.js:2306:10)\n    at model.Query._findOne (/Users/keshavv/Desktop/dodo/dodo_be_new/node_modules/.pnpm/mongoose@8.9.5/node_modules/mongoose/lib/query.js:2630:8)\n    at model.Query.exec (/Users/keshavv/Desktop/dodo/dodo_be_new/node_modules/.pnpm/mongoose@8.9.5/node_modules/mongoose/lib/query.js:4438:80)\n    at processTicksAndRejections (node:internal/process/task_queues:95:5)\n    at getBlocksByDodoPageUrl (/Users/keshavv/Desktop/dodo/dodo_be_new/src/controllers/block/blockController.ts:559:24)","stringValue":"\"undefined\"","timestamp":"2025-02-09T17:18:42.274Z","value":"undefined","valueType":"string"}
{"kind":"ObjectId","level":"error","message":"Error in getBlocksByDodoPageUrl: Cast to ObjectId failed for value \"undefined\" (type string) at path \"_id\" for model \"DodoPage\"","path":"_id","reason":{},"stack":"CastError: Cast to ObjectId failed for value \"undefined\" (type string) at path \"_id\" for model \"DodoPage\"\n    at SchemaObjectId.cast (/Users/keshavv/Desktop/dodo/dodo_be_new/node_modules/.pnpm/mongoose@8.9.5/node_modules/mongoose/lib/schema/objectId.js:250:11)\n    at SchemaObjectId.SchemaType.applySetters (/Users/keshavv/Desktop/dodo/dodo_be_new/node_modules/.pnpm/mongoose@8.9.5/node_modules/mongoose/lib/schemaType.js:1255:12)\n    at SchemaObjectId.SchemaType.castForQuery (/Users/keshavv/Desktop/dodo/dodo_be_new/node_modules/.pnpm/mongoose@8.9.5/node_modules/mongoose/lib/schemaType.js:1673:17)\n    at cast (/Users/keshavv/Desktop/dodo/dodo_be_new/node_modules/.pnpm/mongoose@8.9.5/node_modules/mongoose/lib/cast.js:390:32)\n    at model.Query.Query.cast (/Users/keshavv/Desktop/dodo/dodo_be_new/node_modules/.pnpm/mongoose@8.9.5/node_modules/mongoose/lib/query.js:4889:12)\n    at model.Query.Query._castConditions (/Users/keshavv/Desktop/dodo/dodo_be_new/node_modules/.pnpm/mongoose@8.9.5/node_modules/mongoose/lib/query.js:2306:10)\n    at model.Query._findOne (/Users/keshavv/Desktop/dodo/dodo_be_new/node_modules/.pnpm/mongoose@8.9.5/node_modules/mongoose/lib/query.js:2630:8)\n    at model.Query.exec (/Users/keshavv/Desktop/dodo/dodo_be_new/node_modules/.pnpm/mongoose@8.9.5/node_modules/mongoose/lib/query.js:4438:80)\n    at processTicksAndRejections (node:internal/process/task_queues:95:5)\n    at getBlocksByDodoPageUrl (/Users/keshavv/Desktop/dodo/dodo_be_new/src/controllers/block/blockController.ts:559:24)","stringValue":"\"undefined\"","timestamp":"2025-02-09T17:19:56.093Z","value":"undefined","valueType":"string"}
{"kind":"ObjectId","level":"error","message":"Error in getBlocksByDodoPageUrl: Cast to ObjectId failed for value \"undefined\" (type string) at path \"_id\" for model \"DodoPage\"","path":"_id","reason":{},"stack":"CastError: Cast to ObjectId failed for value \"undefined\" (type string) at path \"_id\" for model \"DodoPage\"\n    at SchemaObjectId.cast (/Users/keshavv/Desktop/dodo/dodo_be_new/node_modules/.pnpm/mongoose@8.9.5/node_modules/mongoose/lib/schema/objectId.js:250:11)\n    at SchemaObjectId.SchemaType.applySetters (/Users/keshavv/Desktop/dodo/dodo_be_new/node_modules/.pnpm/mongoose@8.9.5/node_modules/mongoose/lib/schemaType.js:1255:12)\n    at SchemaObjectId.SchemaType.castForQuery (/Users/keshavv/Desktop/dodo/dodo_be_new/node_modules/.pnpm/mongoose@8.9.5/node_modules/mongoose/lib/schemaType.js:1673:17)\n    at cast (/Users/keshavv/Desktop/dodo/dodo_be_new/node_modules/.pnpm/mongoose@8.9.5/node_modules/mongoose/lib/cast.js:390:32)\n    at model.Query.Query.cast (/Users/keshavv/Desktop/dodo/dodo_be_new/node_modules/.pnpm/mongoose@8.9.5/node_modules/mongoose/lib/query.js:4889:12)\n    at model.Query.Query._castConditions (/Users/keshavv/Desktop/dodo/dodo_be_new/node_modules/.pnpm/mongoose@8.9.5/node_modules/mongoose/lib/query.js:2306:10)\n    at model.Query._findOne (/Users/keshavv/Desktop/dodo/dodo_be_new/node_modules/.pnpm/mongoose@8.9.5/node_modules/mongoose/lib/query.js:2630:8)\n    at model.Query.exec (/Users/keshavv/Desktop/dodo/dodo_be_new/node_modules/.pnpm/mongoose@8.9.5/node_modules/mongoose/lib/query.js:4438:80)\n    at processTicksAndRejections (node:internal/process/task_queues:95:5)\n    at getBlocksByDodoPageUrl (/Users/keshavv/Desktop/dodo/dodo_be_new/src/controllers/block/blockController.ts:559:24)","stringValue":"\"undefined\"","timestamp":"2025-02-09T17:19:56.102Z","value":"undefined","valueType":"string"}
{"level":"warn","message":"MongoDB disconnected. Attempting to reconnect...","timestamp":"2025-02-09T17:23:47.313Z"}
{"kind":"ObjectId","level":"error","message":"Error in getBlocksByDodoPageUrl: Cast to ObjectId failed for value \"undefined\" (type string) at path \"_id\" for model \"DodoPage\"","path":"_id","reason":{},"stack":"CastError: Cast to ObjectId failed for value \"undefined\" (type string) at path \"_id\" for model \"DodoPage\"\n    at SchemaObjectId.cast (/Users/keshavv/Desktop/dodo/dodo_be_new/node_modules/.pnpm/mongoose@8.9.5/node_modules/mongoose/lib/schema/objectId.js:250:11)\n    at SchemaObjectId.SchemaType.applySetters (/Users/keshavv/Desktop/dodo/dodo_be_new/node_modules/.pnpm/mongoose@8.9.5/node_modules/mongoose/lib/schemaType.js:1255:12)\n    at SchemaObjectId.SchemaType.castForQuery (/Users/keshavv/Desktop/dodo/dodo_be_new/node_modules/.pnpm/mongoose@8.9.5/node_modules/mongoose/lib/schemaType.js:1673:17)\n    at cast (/Users/keshavv/Desktop/dodo/dodo_be_new/node_modules/.pnpm/mongoose@8.9.5/node_modules/mongoose/lib/cast.js:390:32)\n    at model.Query.Query.cast (/Users/keshavv/Desktop/dodo/dodo_be_new/node_modules/.pnpm/mongoose@8.9.5/node_modules/mongoose/lib/query.js:4889:12)\n    at model.Query.Query._castConditions (/Users/keshavv/Desktop/dodo/dodo_be_new/node_modules/.pnpm/mongoose@8.9.5/node_modules/mongoose/lib/query.js:2306:10)\n    at model.Query._findOne (/Users/keshavv/Desktop/dodo/dodo_be_new/node_modules/.pnpm/mongoose@8.9.5/node_modules/mongoose/lib/query.js:2630:8)\n    at model.Query.exec (/Users/keshavv/Desktop/dodo/dodo_be_new/node_modules/.pnpm/mongoose@8.9.5/node_modules/mongoose/lib/query.js:4438:80)\n    at processTicksAndRejections (node:internal/process/task_queues:95:5)\n    at getBlocksByDodoPageUrl (/Users/keshavv/Desktop/dodo/dodo_be_new/src/controllers/block/blockController.ts:559:24)","stringValue":"\"undefined\"","timestamp":"2025-02-09T18:27:41.026Z","value":"undefined","valueType":"string"}
{"kind":"ObjectId","level":"error","message":"Error in getBlocksByDodoPageUrl: Cast to ObjectId failed for value \"undefined\" (type string) at path \"_id\" for model \"DodoPage\"","path":"_id","reason":{},"stack":"CastError: Cast to ObjectId failed for value \"undefined\" (type string) at path \"_id\" for model \"DodoPage\"\n    at SchemaObjectId.cast (/Users/keshavv/Desktop/dodo/dodo_be_new/node_modules/.pnpm/mongoose@8.9.5/node_modules/mongoose/lib/schema/objectId.js:250:11)\n    at SchemaObjectId.SchemaType.applySetters (/Users/keshavv/Desktop/dodo/dodo_be_new/node_modules/.pnpm/mongoose@8.9.5/node_modules/mongoose/lib/schemaType.js:1255:12)\n    at SchemaObjectId.SchemaType.castForQuery (/Users/keshavv/Desktop/dodo/dodo_be_new/node_modules/.pnpm/mongoose@8.9.5/node_modules/mongoose/lib/schemaType.js:1673:17)\n    at cast (/Users/keshavv/Desktop/dodo/dodo_be_new/node_modules/.pnpm/mongoose@8.9.5/node_modules/mongoose/lib/cast.js:390:32)\n    at model.Query.Query.cast (/Users/keshavv/Desktop/dodo/dodo_be_new/node_modules/.pnpm/mongoose@8.9.5/node_modules/mongoose/lib/query.js:4889:12)\n    at model.Query.Query._castConditions (/Users/keshavv/Desktop/dodo/dodo_be_new/node_modules/.pnpm/mongoose@8.9.5/node_modules/mongoose/lib/query.js:2306:10)\n    at model.Query._findOne (/Users/keshavv/Desktop/dodo/dodo_be_new/node_modules/.pnpm/mongoose@8.9.5/node_modules/mongoose/lib/query.js:2630:8)\n    at model.Query.exec (/Users/keshavv/Desktop/dodo/dodo_be_new/node_modules/.pnpm/mongoose@8.9.5/node_modules/mongoose/lib/query.js:4438:80)\n    at processTicksAndRejections (node:internal/process/task_queues:95:5)\n    at getBlocksByDodoPageUrl (/Users/keshavv/Desktop/dodo/dodo_be_new/src/controllers/block/blockController.ts:559:24)","stringValue":"\"undefined\"","timestamp":"2025-02-09T18:27:41.036Z","value":"undefined","valueType":"string"}
{"level":"warn","message":"MongoDB disconnected. Attempting to reconnect...","timestamp":"2025-02-09T18:38:38.379Z"}
{"level":"info","message":"MongoDB Connected Successfully","timestamp":"2025-02-10T16:37:36.468Z"}
{"level":"info","message":"Server running on port 3002","timestamp":"2025-02-10T16:37:36.475Z"}
{"kind":"ObjectId","level":"error","message":"Error in getBlocksByDodoPageUrl: Cast to ObjectId failed for value \"undefined\" (type string) at path \"_id\" for model \"DodoPage\"","path":"_id","reason":{},"stack":"CastError: Cast to ObjectId failed for value \"undefined\" (type string) at path \"_id\" for model \"DodoPage\"\n    at SchemaObjectId.cast (/Users/keshavv/Desktop/dodo/dodo_be_new/node_modules/.pnpm/mongoose@8.9.5/node_modules/mongoose/lib/schema/objectId.js:250:11)\n    at SchemaObjectId.SchemaType.applySetters (/Users/keshavv/Desktop/dodo/dodo_be_new/node_modules/.pnpm/mongoose@8.9.5/node_modules/mongoose/lib/schemaType.js:1255:12)\n    at SchemaObjectId.SchemaType.castForQuery (/Users/keshavv/Desktop/dodo/dodo_be_new/node_modules/.pnpm/mongoose@8.9.5/node_modules/mongoose/lib/schemaType.js:1673:17)\n    at cast (/Users/keshavv/Desktop/dodo/dodo_be_new/node_modules/.pnpm/mongoose@8.9.5/node_modules/mongoose/lib/cast.js:390:32)\n    at model.Query.Query.cast (/Users/keshavv/Desktop/dodo/dodo_be_new/node_modules/.pnpm/mongoose@8.9.5/node_modules/mongoose/lib/query.js:4889:12)\n    at model.Query.Query._castConditions (/Users/keshavv/Desktop/dodo/dodo_be_new/node_modules/.pnpm/mongoose@8.9.5/node_modules/mongoose/lib/query.js:2306:10)\n    at model.Query._findOne (/Users/keshavv/Desktop/dodo/dodo_be_new/node_modules/.pnpm/mongoose@8.9.5/node_modules/mongoose/lib/query.js:2630:8)\n    at model.Query.exec (/Users/keshavv/Desktop/dodo/dodo_be_new/node_modules/.pnpm/mongoose@8.9.5/node_modules/mongoose/lib/query.js:4438:80)\n    at processTicksAndRejections (node:internal/process/task_queues:95:5)\n    at getBlocksByDodoPageUrl (/Users/keshavv/Desktop/dodo/dodo_be_new/src/controllers/block/blockController.ts:559:24)","stringValue":"\"undefined\"","timestamp":"2025-02-10T16:44:49.336Z","value":"undefined","valueType":"string"}
{"kind":"ObjectId","level":"error","message":"Error in getBlocksByDodoPageUrl: Cast to ObjectId failed for value \"undefined\" (type string) at path \"_id\" for model \"DodoPage\"","path":"_id","reason":{},"stack":"CastError: Cast to ObjectId failed for value \"undefined\" (type string) at path \"_id\" for model \"DodoPage\"\n    at SchemaObjectId.cast (/Users/keshavv/Desktop/dodo/dodo_be_new/node_modules/.pnpm/mongoose@8.9.5/node_modules/mongoose/lib/schema/objectId.js:250:11)\n    at SchemaObjectId.SchemaType.applySetters (/Users/keshavv/Desktop/dodo/dodo_be_new/node_modules/.pnpm/mongoose@8.9.5/node_modules/mongoose/lib/schemaType.js:1255:12)\n    at SchemaObjectId.SchemaType.castForQuery (/Users/keshavv/Desktop/dodo/dodo_be_new/node_modules/.pnpm/mongoose@8.9.5/node_modules/mongoose/lib/schemaType.js:1673:17)\n    at cast (/Users/keshavv/Desktop/dodo/dodo_be_new/node_modules/.pnpm/mongoose@8.9.5/node_modules/mongoose/lib/cast.js:390:32)\n    at model.Query.Query.cast (/Users/keshavv/Desktop/dodo/dodo_be_new/node_modules/.pnpm/mongoose@8.9.5/node_modules/mongoose/lib/query.js:4889:12)\n    at model.Query.Query._castConditions (/Users/keshavv/Desktop/dodo/dodo_be_new/node_modules/.pnpm/mongoose@8.9.5/node_modules/mongoose/lib/query.js:2306:10)\n    at model.Query._findOne (/Users/keshavv/Desktop/dodo/dodo_be_new/node_modules/.pnpm/mongoose@8.9.5/node_modules/mongoose/lib/query.js:2630:8)\n    at model.Query.exec (/Users/keshavv/Desktop/dodo/dodo_be_new/node_modules/.pnpm/mongoose@8.9.5/node_modules/mongoose/lib/query.js:4438:80)\n    at processTicksAndRejections (node:internal/process/task_queues:95:5)\n    at getBlocksByDodoPageUrl (/Users/keshavv/Desktop/dodo/dodo_be_new/src/controllers/block/blockController.ts:559:24)","stringValue":"\"undefined\"","timestamp":"2025-02-10T16:44:49.345Z","value":"undefined","valueType":"string"}
{"level":"info","message":"MongoDB Connected Successfully","timestamp":"2025-02-10T16:53:42.855Z"}
{"level":"info","message":"Server running on port 3002","timestamp":"2025-02-10T16:53:42.868Z"}
{"kind":"ObjectId","level":"error","message":"Error in getBlocksByDodoPageUrl: Cast to ObjectId failed for value \"undefined\" (type string) at path \"_id\" for model \"DodoPage\"","path":"_id","reason":{},"stack":"CastError: Cast to ObjectId failed for value \"undefined\" (type string) at path \"_id\" for model \"DodoPage\"\n    at SchemaObjectId.cast (/Users/keshavv/Desktop/dodo/dodo_be_new/node_modules/.pnpm/mongoose@8.9.5/node_modules/mongoose/lib/schema/objectId.js:250:11)\n    at SchemaObjectId.SchemaType.applySetters (/Users/keshavv/Desktop/dodo/dodo_be_new/node_modules/.pnpm/mongoose@8.9.5/node_modules/mongoose/lib/schemaType.js:1255:12)\n    at SchemaObjectId.SchemaType.castForQuery (/Users/keshavv/Desktop/dodo/dodo_be_new/node_modules/.pnpm/mongoose@8.9.5/node_modules/mongoose/lib/schemaType.js:1673:17)\n    at cast (/Users/keshavv/Desktop/dodo/dodo_be_new/node_modules/.pnpm/mongoose@8.9.5/node_modules/mongoose/lib/cast.js:390:32)\n    at model.Query.Query.cast (/Users/keshavv/Desktop/dodo/dodo_be_new/node_modules/.pnpm/mongoose@8.9.5/node_modules/mongoose/lib/query.js:4889:12)\n    at model.Query.Query._castConditions (/Users/keshavv/Desktop/dodo/dodo_be_new/node_modules/.pnpm/mongoose@8.9.5/node_modules/mongoose/lib/query.js:2306:10)\n    at model.Query._findOne (/Users/keshavv/Desktop/dodo/dodo_be_new/node_modules/.pnpm/mongoose@8.9.5/node_modules/mongoose/lib/query.js:2630:8)\n    at model.Query.exec (/Users/keshavv/Desktop/dodo/dodo_be_new/node_modules/.pnpm/mongoose@8.9.5/node_modules/mongoose/lib/query.js:4438:80)\n    at processTicksAndRejections (node:internal/process/task_queues:95:5)\n    at getBlocksByDodoPageUrl (/Users/keshavv/Desktop/dodo/dodo_be_new/src/controllers/block/blockController.ts:559:24)","stringValue":"\"undefined\"","timestamp":"2025-02-10T17:01:00.638Z","value":"undefined","valueType":"string"}
{"kind":"ObjectId","level":"error","message":"Error in getBlocksByDodoPageUrl: Cast to ObjectId failed for value \"undefined\" (type string) at path \"_id\" for model \"DodoPage\"","path":"_id","reason":{},"stack":"CastError: Cast to ObjectId failed for value \"undefined\" (type string) at path \"_id\" for model \"DodoPage\"\n    at SchemaObjectId.cast (/Users/keshavv/Desktop/dodo/dodo_be_new/node_modules/.pnpm/mongoose@8.9.5/node_modules/mongoose/lib/schema/objectId.js:250:11)\n    at SchemaObjectId.SchemaType.applySetters (/Users/keshavv/Desktop/dodo/dodo_be_new/node_modules/.pnpm/mongoose@8.9.5/node_modules/mongoose/lib/schemaType.js:1255:12)\n    at SchemaObjectId.SchemaType.castForQuery (/Users/keshavv/Desktop/dodo/dodo_be_new/node_modules/.pnpm/mongoose@8.9.5/node_modules/mongoose/lib/schemaType.js:1673:17)\n    at cast (/Users/keshavv/Desktop/dodo/dodo_be_new/node_modules/.pnpm/mongoose@8.9.5/node_modules/mongoose/lib/cast.js:390:32)\n    at model.Query.Query.cast (/Users/keshavv/Desktop/dodo/dodo_be_new/node_modules/.pnpm/mongoose@8.9.5/node_modules/mongoose/lib/query.js:4889:12)\n    at model.Query.Query._castConditions (/Users/keshavv/Desktop/dodo/dodo_be_new/node_modules/.pnpm/mongoose@8.9.5/node_modules/mongoose/lib/query.js:2306:10)\n    at model.Query._findOne (/Users/keshavv/Desktop/dodo/dodo_be_new/node_modules/.pnpm/mongoose@8.9.5/node_modules/mongoose/lib/query.js:2630:8)\n    at model.Query.exec (/Users/keshavv/Desktop/dodo/dodo_be_new/node_modules/.pnpm/mongoose@8.9.5/node_modules/mongoose/lib/query.js:4438:80)\n    at processTicksAndRejections (node:internal/process/task_queues:95:5)\n    at getBlocksByDodoPageUrl (/Users/keshavv/Desktop/dodo/dodo_be_new/src/controllers/block/blockController.ts:559:24)","stringValue":"\"undefined\"","timestamp":"2025-02-10T17:01:00.645Z","value":"undefined","valueType":"string"}
{"kind":"ObjectId","level":"error","message":"Error in getBlocksByDodoPageUrl: Cast to ObjectId failed for value \"undefined\" (type string) at path \"_id\" for model \"DodoPage\"","path":"_id","reason":{},"stack":"CastError: Cast to ObjectId failed for value \"undefined\" (type string) at path \"_id\" for model \"DodoPage\"\n    at SchemaObjectId.cast (/Users/keshavv/Desktop/dodo/dodo_be_new/node_modules/.pnpm/mongoose@8.9.5/node_modules/mongoose/lib/schema/objectId.js:250:11)\n    at SchemaObjectId.SchemaType.applySetters (/Users/keshavv/Desktop/dodo/dodo_be_new/node_modules/.pnpm/mongoose@8.9.5/node_modules/mongoose/lib/schemaType.js:1255:12)\n    at SchemaObjectId.SchemaType.castForQuery (/Users/keshavv/Desktop/dodo/dodo_be_new/node_modules/.pnpm/mongoose@8.9.5/node_modules/mongoose/lib/schemaType.js:1673:17)\n    at cast (/Users/keshavv/Desktop/dodo/dodo_be_new/node_modules/.pnpm/mongoose@8.9.5/node_modules/mongoose/lib/cast.js:390:32)\n    at model.Query.Query.cast (/Users/keshavv/Desktop/dodo/dodo_be_new/node_modules/.pnpm/mongoose@8.9.5/node_modules/mongoose/lib/query.js:4889:12)\n    at model.Query.Query._castConditions (/Users/keshavv/Desktop/dodo/dodo_be_new/node_modules/.pnpm/mongoose@8.9.5/node_modules/mongoose/lib/query.js:2306:10)\n    at model.Query._findOne (/Users/keshavv/Desktop/dodo/dodo_be_new/node_modules/.pnpm/mongoose@8.9.5/node_modules/mongoose/lib/query.js:2630:8)\n    at model.Query.exec (/Users/keshavv/Desktop/dodo/dodo_be_new/node_modules/.pnpm/mongoose@8.9.5/node_modules/mongoose/lib/query.js:4438:80)\n    at processTicksAndRejections (node:internal/process/task_queues:95:5)\n    at getBlocksByDodoPageUrl (/Users/keshavv/Desktop/dodo/dodo_be_new/src/controllers/block/blockController.ts:559:24)","stringValue":"\"undefined\"","timestamp":"2025-02-10T17:15:02.350Z","value":"undefined","valueType":"string"}
{"kind":"ObjectId","level":"error","message":"Error in getBlocksByDodoPageUrl: Cast to ObjectId failed for value \"undefined\" (type string) at path \"_id\" for model \"DodoPage\"","path":"_id","reason":{},"stack":"CastError: Cast to ObjectId failed for value \"undefined\" (type string) at path \"_id\" for model \"DodoPage\"\n    at SchemaObjectId.cast (/Users/keshavv/Desktop/dodo/dodo_be_new/node_modules/.pnpm/mongoose@8.9.5/node_modules/mongoose/lib/schema/objectId.js:250:11)\n    at SchemaObjectId.SchemaType.applySetters (/Users/keshavv/Desktop/dodo/dodo_be_new/node_modules/.pnpm/mongoose@8.9.5/node_modules/mongoose/lib/schemaType.js:1255:12)\n    at SchemaObjectId.SchemaType.castForQuery (/Users/keshavv/Desktop/dodo/dodo_be_new/node_modules/.pnpm/mongoose@8.9.5/node_modules/mongoose/lib/schemaType.js:1673:17)\n    at cast (/Users/keshavv/Desktop/dodo/dodo_be_new/node_modules/.pnpm/mongoose@8.9.5/node_modules/mongoose/lib/cast.js:390:32)\n    at model.Query.Query.cast (/Users/keshavv/Desktop/dodo/dodo_be_new/node_modules/.pnpm/mongoose@8.9.5/node_modules/mongoose/lib/query.js:4889:12)\n    at model.Query.Query._castConditions (/Users/keshavv/Desktop/dodo/dodo_be_new/node_modules/.pnpm/mongoose@8.9.5/node_modules/mongoose/lib/query.js:2306:10)\n    at model.Query._findOne (/Users/keshavv/Desktop/dodo/dodo_be_new/node_modules/.pnpm/mongoose@8.9.5/node_modules/mongoose/lib/query.js:2630:8)\n    at model.Query.exec (/Users/keshavv/Desktop/dodo/dodo_be_new/node_modules/.pnpm/mongoose@8.9.5/node_modules/mongoose/lib/query.js:4438:80)\n    at processTicksAndRejections (node:internal/process/task_queues:95:5)\n    at getBlocksByDodoPageUrl (/Users/keshavv/Desktop/dodo/dodo_be_new/src/controllers/block/blockController.ts:559:24)","stringValue":"\"undefined\"","timestamp":"2025-02-10T17:15:02.360Z","value":"undefined","valueType":"string"}
{"code":"ETIMEDOUT","errno":-60,"level":"error","message":"Error in getUserDetails: read ETIMEDOUT","stack":"Error: read ETIMEDOUT\n    at TLSWrap.onStreamRead (node:internal/stream_base_commons:218:20)","syscall":"read","timestamp":"2025-02-10T17:15:56.135Z"}
{"level":"warn","message":"MongoDB disconnected. Attempting to reconnect...","timestamp":"2025-02-10T17:16:06.133Z"}
{"level":"info","message":"MongoDB Connected Successfully","timestamp":"2025-02-10T17:44:24.133Z"}
{"level":"info","message":"Server running on port 3002","timestamp":"2025-02-10T17:44:24.144Z"}
{"level":"warn","message":"MongoDB disconnected. Attempting to reconnect...","timestamp":"2025-02-10T18:46:48.482Z"}
{"level":"warn","message":"MongoDB disconnected. Attempting to reconnect...","timestamp":"2025-02-10T19:11:26.773Z"}
{"code":"ETIMEDOUT","errno":-60,"level":"error","message":"Error in getUserDetails: read ETIMEDOUT","stack":"Error: read ETIMEDOUT\n    at TLSWrap.onStreamRead (node:internal/stream_base_commons:218:20)","syscall":"read","timestamp":"2025-02-10T21:27:02.959Z"}
{"code":"ETIMEDOUT","errno":-60,"level":"error","message":"Error in getUserDetails: read ETIMEDOUT","stack":"Error: read ETIMEDOUT\n    at TLSWrap.onStreamRead (node:internal/stream_base_commons:218:20)","syscall":"read","timestamp":"2025-02-10T21:27:08.623Z"}
{"level":"info","message":"MongoDB Connected Successfully","timestamp":"2025-02-10T21:44:02.692Z"}
{"level":"info","message":"Server running on port 3002","timestamp":"2025-02-10T21:44:02.701Z"}
{"level":"warn","message":"MongoDB disconnected. Attempting to reconnect...","timestamp":"2025-02-11T00:45:56.985Z"}
{"level":"warn","message":"MongoDB disconnected. Attempting to reconnect...","timestamp":"2025-02-11T01:33:43.741Z"}
{"level":"warn","message":"MongoDB disconnected. Attempting to reconnect...","timestamp":"2025-02-11T04:20:49.995Z"}
{"level":"info","message":"MongoDB Connected Successfully","timestamp":"2025-02-11T20:23:14.598Z"}
{"level":"info","message":"Server running on port 3002","timestamp":"2025-02-11T20:23:14.609Z"}
{"level":"warn","message":"MongoDB disconnected. Attempting to reconnect...","timestamp":"2025-02-11T20:27:31.155Z"}
{"kind":"ObjectId","level":"error","message":"Error in getBlocksByDodoPageUrl: Cast to ObjectId failed for value \"keshav-malikk-vuejxk\" (type string) at path \"_id\" for model \"DodoPage\"","path":"_id","reason":{},"stack":"CastError: Cast to ObjectId failed for value \"keshav-malikk-vuejxk\" (type string) at path \"_id\" for model \"DodoPage\"\n    at SchemaObjectId.cast (/Users/keshavv/Desktop/dodo/dodo_be_new/node_modules/.pnpm/mongoose@8.9.5/node_modules/mongoose/lib/schema/objectId.js:250:11)\n    at SchemaObjectId.SchemaType.applySetters (/Users/keshavv/Desktop/dodo/dodo_be_new/node_modules/.pnpm/mongoose@8.9.5/node_modules/mongoose/lib/schemaType.js:1255:12)\n    at SchemaObjectId.SchemaType.castForQuery (/Users/keshavv/Desktop/dodo/dodo_be_new/node_modules/.pnpm/mongoose@8.9.5/node_modules/mongoose/lib/schemaType.js:1673:17)\n    at cast (/Users/keshavv/Desktop/dodo/dodo_be_new/node_modules/.pnpm/mongoose@8.9.5/node_modules/mongoose/lib/cast.js:390:32)\n    at model.Query.Query.cast (/Users/keshavv/Desktop/dodo/dodo_be_new/node_modules/.pnpm/mongoose@8.9.5/node_modules/mongoose/lib/query.js:4889:12)\n    at model.Query.Query._castConditions (/Users/keshavv/Desktop/dodo/dodo_be_new/node_modules/.pnpm/mongoose@8.9.5/node_modules/mongoose/lib/query.js:2306:10)\n    at model.Query._findOne (/Users/keshavv/Desktop/dodo/dodo_be_new/node_modules/.pnpm/mongoose@8.9.5/node_modules/mongoose/lib/query.js:2630:8)\n    at model.Query.exec (/Users/keshavv/Desktop/dodo/dodo_be_new/node_modules/.pnpm/mongoose@8.9.5/node_modules/mongoose/lib/query.js:4438:80)\n    at processTicksAndRejections (node:internal/process/task_queues:95:5)\n    at getBlocksByDodoPageUrl (/Users/keshavv/Desktop/dodo/dodo_be_new/src/controllers/block/blockController.ts:559:24)","stringValue":"\"keshav-malikk-vuejxk\"","timestamp":"2025-02-11T20:29:44.101Z","value":"keshav-malikk-vuejxk","valueType":"string"}
{"kind":"ObjectId","level":"error","message":"Error in getBlocksByDodoPageUrl: Cast to ObjectId failed for value \"keshav-malikk-vuejxk\" (type string) at path \"_id\" for model \"DodoPage\"","path":"_id","reason":{},"stack":"CastError: Cast to ObjectId failed for value \"keshav-malikk-vuejxk\" (type string) at path \"_id\" for model \"DodoPage\"\n    at SchemaObjectId.cast (/Users/keshavv/Desktop/dodo/dodo_be_new/node_modules/.pnpm/mongoose@8.9.5/node_modules/mongoose/lib/schema/objectId.js:250:11)\n    at SchemaObjectId.SchemaType.applySetters (/Users/keshavv/Desktop/dodo/dodo_be_new/node_modules/.pnpm/mongoose@8.9.5/node_modules/mongoose/lib/schemaType.js:1255:12)\n    at SchemaObjectId.SchemaType.castForQuery (/Users/keshavv/Desktop/dodo/dodo_be_new/node_modules/.pnpm/mongoose@8.9.5/node_modules/mongoose/lib/schemaType.js:1673:17)\n    at cast (/Users/keshavv/Desktop/dodo/dodo_be_new/node_modules/.pnpm/mongoose@8.9.5/node_modules/mongoose/lib/cast.js:390:32)\n    at model.Query.Query.cast (/Users/keshavv/Desktop/dodo/dodo_be_new/node_modules/.pnpm/mongoose@8.9.5/node_modules/mongoose/lib/query.js:4889:12)\n    at model.Query.Query._castConditions (/Users/keshavv/Desktop/dodo/dodo_be_new/node_modules/.pnpm/mongoose@8.9.5/node_modules/mongoose/lib/query.js:2306:10)\n    at model.Query._findOne (/Users/keshavv/Desktop/dodo/dodo_be_new/node_modules/.pnpm/mongoose@8.9.5/node_modules/mongoose/lib/query.js:2630:8)\n    at model.Query.exec (/Users/keshavv/Desktop/dodo/dodo_be_new/node_modules/.pnpm/mongoose@8.9.5/node_modules/mongoose/lib/query.js:4438:80)\n    at processTicksAndRejections (node:internal/process/task_queues:95:5)\n    at getBlocksByDodoPageUrl (/Users/keshavv/Desktop/dodo/dodo_be_new/src/controllers/block/blockController.ts:559:24)","stringValue":"\"keshav-malikk-vuejxk\"","timestamp":"2025-02-11T20:30:22.781Z","value":"keshav-malikk-vuejxk","valueType":"string"}
{"level":"info","message":"MongoDB Connected Successfully","timestamp":"2025-02-11T20:55:34.763Z"}
{"level":"info","message":"Server running on port 3002","timestamp":"2025-02-11T20:55:34.774Z"}
{"level":"info","message":"MongoDB Connected Successfully","timestamp":"2025-02-11T20:56:57.698Z"}
{"level":"info","message":"Server running on port 3002","timestamp":"2025-02-11T20:56:57.704Z"}
{"level":"info","message":"MongoDB Connected Successfully","timestamp":"2025-02-11T20:57:03.135Z"}
{"level":"info","message":"Server running on port 3002","timestamp":"2025-02-11T20:57:03.139Z"}
{"level":"info","message":"MongoDB Connected Successfully","timestamp":"2025-02-11T21:02:32.309Z"}
{"level":"info","message":"Server running on port 3002","timestamp":"2025-02-11T21:02:32.317Z"}
{"level":"info","message":"MongoDB Connected Successfully","timestamp":"2025-02-11T21:02:34.590Z"}
{"level":"info","message":"Server running on port 3002","timestamp":"2025-02-11T21:02:34.596Z"}
{"level":"info","message":"MongoDB Connected Successfully","timestamp":"2025-02-11T21:03:58.559Z"}
{"level":"info","message":"Server running on port 3002","timestamp":"2025-02-11T21:03:58.570Z"}
{"level":"info","message":"MongoDB Connected Successfully","timestamp":"2025-02-11T21:04:22.348Z"}
{"level":"info","message":"Server running on port 3002","timestamp":"2025-02-11T21:04:22.353Z"}
{"level":"info","message":"MongoDB Connected Successfully","timestamp":"2025-02-11T21:12:33.404Z"}
{"level":"info","message":"Server running on port 3002","timestamp":"2025-02-11T21:12:33.412Z"}
{"code":"ERR_HTTP_HEADERS_SENT","level":"error","message":"Error in getBlockById: Cannot set headers after they are sent to the client","stack":"Error: Cannot set headers after they are sent to the client\n    at ServerResponse.setHeader (node:_http_outgoing:655:11)\n    at ServerResponse.header (/Users/keshavv/Desktop/dodo/dodo_be_new/node_modules/.pnpm/express@4.21.2/node_modules/express/lib/response.js:794:10)\n    at ServerResponse.send (/Users/keshavv/Desktop/dodo/dodo_be_new/node_modules/.pnpm/express@4.21.2/node_modules/express/lib/response.js:174:12)\n    at ServerResponse.json (/Users/keshavv/Desktop/dodo/dodo_be_new/node_modules/.pnpm/express@4.21.2/node_modules/express/lib/response.js:278:15)\n    at getBlockById (/Users/keshavv/Desktop/dodo/dodo_be_new/src/controllers/block/blockController.ts:680:23)\n    at processTicksAndRejections (node:internal/process/task_queues:95:5)","timestamp":"2025-02-11T21:13:24.483Z"}
{"level":"info","message":"MongoDB Connected Successfully","timestamp":"2025-02-11T21:13:52.499Z"}
{"level":"info","message":"Server running on port 3002","timestamp":"2025-02-11T21:13:52.504Z"}
{"level":"info","message":"MongoDB Connected Successfully","timestamp":"2025-02-11T21:14:53.558Z"}
{"level":"info","message":"Server running on port 3002","timestamp":"2025-02-11T21:14:53.566Z"}
{"level":"info","message":"MongoDB Connected Successfully","timestamp":"2025-02-11T21:17:06.610Z"}
{"level":"info","message":"Server running on port 3002","timestamp":"2025-02-11T21:17:06.619Z"}
{"level":"info","message":"MongoDB Connected Successfully","timestamp":"2025-02-11T21:17:10.635Z"}
{"level":"info","message":"Server running on port 3002","timestamp":"2025-02-11T21:17:10.643Z"}
{"level":"warn","message":"MongoDB disconnected. Attempting to reconnect...","timestamp":"2025-02-11T21:35:52.269Z"}
{"level":"info","message":"MongoDB Connected Successfully","timestamp":"2025-02-11T21:43:43.037Z"}
{"level":"info","message":"Server running on port 3002","timestamp":"2025-02-11T21:43:43.049Z"}
{"level":"info","message":"MongoDB Connected Successfully","timestamp":"2025-02-11T21:43:57.589Z"}
{"level":"info","message":"Server running on port 3002","timestamp":"2025-02-11T21:43:57.595Z"}
{"level":"info","message":"MongoDB Connected Successfully","timestamp":"2025-02-11T21:45:29.329Z"}
{"level":"info","message":"Server running on port 3002","timestamp":"2025-02-11T21:45:29.337Z"}
{"level":"info","message":"MongoDB Connected Successfully","timestamp":"2025-02-11T21:47:39.801Z"}
{"level":"info","message":"Server running on port 3002","timestamp":"2025-02-11T21:47:39.814Z"}
{"level":"info","message":"MongoDB Connected Successfully","timestamp":"2025-02-11T22:07:09.987Z"}
{"level":"info","message":"Server running on port 3002","timestamp":"2025-02-11T22:07:09.996Z"}
{"level":"info","message":"MongoDB Connected Successfully","timestamp":"2025-02-11T22:07:56.527Z"}
{"level":"info","message":"Server running on port 3002","timestamp":"2025-02-11T22:07:56.531Z"}
{"level":"info","message":"MongoDB Connected Successfully","timestamp":"2025-02-11T22:10:56.010Z"}
{"level":"info","message":"Server running on port 3002","timestamp":"2025-02-11T22:10:56.022Z"}
{"level":"info","message":"MongoDB Connected Successfully","timestamp":"2025-02-11T22:11:35.160Z"}
{"level":"info","message":"Server running on port 3002","timestamp":"2025-02-11T22:11:35.165Z"}
{"level":"info","message":"MongoDB Connected Successfully","timestamp":"2025-02-11T22:14:05.921Z"}
{"level":"info","message":"Server running on port 3002","timestamp":"2025-02-11T22:14:05.930Z"}
{"level":"info","message":"MongoDB Connected Successfully","timestamp":"2025-02-11T23:16:17.139Z"}
{"level":"info","message":"Server running on port 3002","timestamp":"2025-02-11T23:16:17.155Z"}
{"level":"info","message":"MongoDB Connected Successfully","timestamp":"2025-02-11T23:21:52.656Z"}
{"level":"info","message":"Server running on port 3002","timestamp":"2025-02-11T23:21:52.665Z"}
{"level":"info","message":"MongoDB Connected Successfully","timestamp":"2025-02-11T23:22:02.114Z"}
{"level":"info","message":"Server running on port 3002","timestamp":"2025-02-11T23:22:02.117Z"}
{"level":"info","message":"MongoDB Connected Successfully","timestamp":"2025-02-12T08:08:37.965Z"}
{"level":"info","message":"Server running on port 3002","timestamp":"2025-02-12T08:08:37.978Z"}
{"level":"info","message":"MongoDB Connected Successfully","timestamp":"2025-02-12T08:12:02.298Z"}
{"level":"info","message":"Server running on port 3002","timestamp":"2025-02-12T08:12:02.305Z"}
{"level":"info","message":"MongoDB Connected Successfully","timestamp":"2025-02-12T08:12:24.141Z"}
{"level":"info","message":"Server running on port 3002","timestamp":"2025-02-12T08:12:24.149Z"}
{"level":"info","message":"MongoDB Connected Successfully","timestamp":"2025-02-12T08:19:42.813Z"}
{"level":"info","message":"Server running on port 3002","timestamp":"2025-02-12T08:19:42.825Z"}
{"level":"warn","message":"MongoDB disconnected. Attempting to reconnect...","timestamp":"2025-02-12T08:29:45.584Z"}
{"level":"info","message":"MongoDB Connected Successfully","timestamp":"2025-02-12T08:30:58.961Z"}
{"level":"info","message":"Server running on port 3002","timestamp":"2025-02-12T08:30:58.970Z"}
{"level":"info","message":"MongoDB Connected Successfully","timestamp":"2025-02-12T08:31:04.387Z"}
{"level":"info","message":"Server running on port 3002","timestamp":"2025-02-12T08:31:04.393Z"}
{"level":"info","message":"MongoDB Connected Successfully","timestamp":"2025-02-12T08:31:35.937Z"}
{"level":"info","message":"Server running on port 3002","timestamp":"2025-02-12T08:31:35.955Z"}
{"level":"info","message":"MongoDB Connected Successfully","timestamp":"2025-02-12T08:33:35.970Z"}
{"level":"info","message":"Server running on port 3002","timestamp":"2025-02-12T08:33:35.980Z"}
{"level":"error","message":"Error in getArchivedBlocks: Cannot populate path `blockData` because it is not in your schema. Set the `strictPopulate` option to false to override.","path":"blockData","stack":"StrictPopulateError: Cannot populate path `blockData` because it is not in your schema. Set the `strictPopulate` option to false to override.\n    at getModelsMapForPopulate (/Users/keshavv/Desktop/dodo/dodo_be_new/node_modules/.pnpm/mongoose@8.9.5/node_modules/mongoose/lib/helpers/populate/getModelsMapForPopulate.js:50:12)\n    at _populatePath (/Users/keshavv/Desktop/dodo/dodo_be_new/node_modules/.pnpm/mongoose@8.9.5/node_modules/mongoose/lib/model.js:4312:21)\n    at Function.populate (/Users/keshavv/Desktop/dodo/dodo_be_new/node_modules/.pnpm/mongoose@8.9.5/node_modules/mongoose/lib/model.js:4280:19)\n    at model.Query._find (/Users/keshavv/Desktop/dodo/dodo_be_new/node_modules/.pnpm/mongoose@8.9.5/node_modules/mongoose/lib/query.js:2389:20)\n    at processTicksAndRejections (node:internal/process/task_queues:95:5)\n    at model.Query.exec (/Users/keshavv/Desktop/dodo/dodo_be_new/node_modules/.pnpm/mongoose@8.9.5/node_modules/mongoose/lib/query.js:4438:63)\n    at getArchivedBlocks (/Users/keshavv/Desktop/dodo/dodo_be_new/src/controllers/block/blockController.ts:490:30)","timestamp":"2025-02-12T08:33:41.392Z"}
{"level":"info","message":"MongoDB Connected Successfully","timestamp":"2025-02-12T08:34:23.588Z"}
{"level":"info","message":"Server running on port 3002","timestamp":"2025-02-12T08:34:23.595Z"}
{"level":"info","message":"MongoDB Connected Successfully","timestamp":"2025-02-12T09:26:07.186Z"}
{"level":"info","message":"Server running on port 3002","timestamp":"2025-02-12T09:26:07.196Z"}
{"level":"warn","message":"MongoDB disconnected. Attempting to reconnect...","timestamp":"2025-02-12T09:36:20.224Z"}
{"level":"warn","message":"MongoDB disconnected. Attempting to reconnect...","timestamp":"2025-02-12T10:28:44.299Z"}
{"level":"warn","message":"MongoDB disconnected. Attempting to reconnect...","timestamp":"2025-02-12T11:50:48.637Z"}
{"level":"warn","message":"MongoDB disconnected. Attempting to reconnect...","timestamp":"2025-02-12T12:11:10.047Z"}
{"level":"warn","message":"MongoDB disconnected. Attempting to reconnect...","timestamp":"2025-02-12T13:19:07.967Z"}
{"level":"info","message":"MongoDB Connected Successfully","timestamp":"2025-02-13T07:00:10.944Z"}
{"level":"info","message":"Server running on port 3002","timestamp":"2025-02-13T07:00:10.949Z"}
{"kind":"ObjectId","level":"error","message":"Error in createBlock: Cast to ObjectId failed for value \"\" (type string) at path \"userId\" for model \"DodoPage\"","path":"userId","reason":{},"stack":"CastError: Cast to ObjectId failed for value \"\" (type string) at path \"userId\" for model \"DodoPage\"\n    at SchemaObjectId.cast (/Users/keshavv/Desktop/dodo/dodo_be_new/node_modules/.pnpm/mongoose@8.9.5/node_modules/mongoose/lib/schema/objectId.js:250:11)\n    at SchemaObjectId.SchemaType.applySetters (/Users/keshavv/Desktop/dodo/dodo_be_new/node_modules/.pnpm/mongoose@8.9.5/node_modules/mongoose/lib/schemaType.js:1255:12)\n    at SchemaObjectId.SchemaType.castForQuery (/Users/keshavv/Desktop/dodo/dodo_be_new/node_modules/.pnpm/mongoose@8.9.5/node_modules/mongoose/lib/schemaType.js:1673:17)\n    at cast (/Users/keshavv/Desktop/dodo/dodo_be_new/node_modules/.pnpm/mongoose@8.9.5/node_modules/mongoose/lib/cast.js:390:32)\n    at model.Query.Query.cast (/Users/keshavv/Desktop/dodo/dodo_be_new/node_modules/.pnpm/mongoose@8.9.5/node_modules/mongoose/lib/query.js:4889:12)\n    at model.Query.Query._castConditions (/Users/keshavv/Desktop/dodo/dodo_be_new/node_modules/.pnpm/mongoose@8.9.5/node_modules/mongoose/lib/query.js:2306:10)\n    at model.Query._findOne (/Users/keshavv/Desktop/dodo/dodo_be_new/node_modules/.pnpm/mongoose@8.9.5/node_modules/mongoose/lib/query.js:2630:8)\n    at model.Query.exec (/Users/keshavv/Desktop/dodo/dodo_be_new/node_modules/.pnpm/mongoose@8.9.5/node_modules/mongoose/lib/query.js:4438:80)\n    at processTicksAndRejections (node:internal/process/task_queues:95:5)\n    at createBlock (/Users/keshavv/Desktop/dodo/dodo_be_new/src/controllers/block/blockController.ts:40:24)","stringValue":"\"\"","timestamp":"2025-02-13T07:59:34.280Z","value":"","valueType":"string"}
{"kind":"ObjectId","level":"error","message":"Error in createBlock: Cast to ObjectId failed for value \"\" (type string) at path \"userId\" for model \"DodoPage\"","path":"userId","reason":{},"stack":"CastError: Cast to ObjectId failed for value \"\" (type string) at path \"userId\" for model \"DodoPage\"\n    at SchemaObjectId.cast (/Users/keshavv/Desktop/dodo/dodo_be_new/node_modules/.pnpm/mongoose@8.9.5/node_modules/mongoose/lib/schema/objectId.js:250:11)\n    at SchemaObjectId.SchemaType.applySetters (/Users/keshavv/Desktop/dodo/dodo_be_new/node_modules/.pnpm/mongoose@8.9.5/node_modules/mongoose/lib/schemaType.js:1255:12)\n    at SchemaObjectId.SchemaType.castForQuery (/Users/keshavv/Desktop/dodo/dodo_be_new/node_modules/.pnpm/mongoose@8.9.5/node_modules/mongoose/lib/schemaType.js:1673:17)\n    at cast (/Users/keshavv/Desktop/dodo/dodo_be_new/node_modules/.pnpm/mongoose@8.9.5/node_modules/mongoose/lib/cast.js:390:32)\n    at model.Query.Query.cast (/Users/keshavv/Desktop/dodo/dodo_be_new/node_modules/.pnpm/mongoose@8.9.5/node_modules/mongoose/lib/query.js:4889:12)\n    at model.Query.Query._castConditions (/Users/keshavv/Desktop/dodo/dodo_be_new/node_modules/.pnpm/mongoose@8.9.5/node_modules/mongoose/lib/query.js:2306:10)\n    at model.Query._findOne (/Users/keshavv/Desktop/dodo/dodo_be_new/node_modules/.pnpm/mongoose@8.9.5/node_modules/mongoose/lib/query.js:2630:8)\n    at model.Query.exec (/Users/keshavv/Desktop/dodo/dodo_be_new/node_modules/.pnpm/mongoose@8.9.5/node_modules/mongoose/lib/query.js:4438:80)\n    at processTicksAndRejections (node:internal/process/task_queues:95:5)\n    at createBlock (/Users/keshavv/Desktop/dodo/dodo_be_new/src/controllers/block/blockController.ts:40:24)","stringValue":"\"\"","timestamp":"2025-02-13T07:59:35.093Z","value":"","valueType":"string"}
{"level":"info","message":"MongoDB Connected Successfully","timestamp":"2025-02-13T08:00:21.222Z"}
{"level":"info","message":"Server running on port 3002","timestamp":"2025-02-13T08:00:21.234Z"}
{"kind":"ObjectId","level":"error","message":"Error in createBlock: Cast to ObjectId failed for value \"\" (type string) at path \"userId\" for model \"DodoPage\"","path":"userId","reason":{},"stack":"CastError: Cast to ObjectId failed for value \"\" (type string) at path \"userId\" for model \"DodoPage\"\n    at SchemaObjectId.cast (/Users/keshavv/Desktop/dodo/dodo_be_new/node_modules/.pnpm/mongoose@8.9.5/node_modules/mongoose/lib/schema/objectId.js:250:11)\n    at SchemaObjectId.SchemaType.applySetters (/Users/keshavv/Desktop/dodo/dodo_be_new/node_modules/.pnpm/mongoose@8.9.5/node_modules/mongoose/lib/schemaType.js:1255:12)\n    at SchemaObjectId.SchemaType.castForQuery (/Users/keshavv/Desktop/dodo/dodo_be_new/node_modules/.pnpm/mongoose@8.9.5/node_modules/mongoose/lib/schemaType.js:1673:17)\n    at cast (/Users/keshavv/Desktop/dodo/dodo_be_new/node_modules/.pnpm/mongoose@8.9.5/node_modules/mongoose/lib/cast.js:390:32)\n    at model.Query.Query.cast (/Users/keshavv/Desktop/dodo/dodo_be_new/node_modules/.pnpm/mongoose@8.9.5/node_modules/mongoose/lib/query.js:4889:12)\n    at model.Query.Query._castConditions (/Users/keshavv/Desktop/dodo/dodo_be_new/node_modules/.pnpm/mongoose@8.9.5/node_modules/mongoose/lib/query.js:2306:10)\n    at model.Query._findOne (/Users/keshavv/Desktop/dodo/dodo_be_new/node_modules/.pnpm/mongoose@8.9.5/node_modules/mongoose/lib/query.js:2630:8)\n    at model.Query.exec (/Users/keshavv/Desktop/dodo/dodo_be_new/node_modules/.pnpm/mongoose@8.9.5/node_modules/mongoose/lib/query.js:4438:80)\n    at processTicksAndRejections (node:internal/process/task_queues:95:5)\n    at createBlock (/Users/keshavv/Desktop/dodo/dodo_be_new/src/controllers/block/blockController.ts:42:24)","stringValue":"\"\"","timestamp":"2025-02-13T08:00:23.346Z","value":"","valueType":"string"}
{"code":"LIMIT_UNEXPECTED_FILE","field":"blockData[linkDisplayPicture]","level":"error","message":"File upload error: Unexpected field","name":"MulterError","stack":"MulterError: Unexpected field\n    at wrappedFileFilter (/Users/keshavv/Desktop/dodo/dodo_be_new/node_modules/.pnpm/multer@1.4.5-lts.1/node_modules/multer/index.js:40:19)\n    at Multipart.<anonymous> (/Users/keshavv/Desktop/dodo/dodo_be_new/node_modules/.pnpm/multer@1.4.5-lts.1/node_modules/multer/lib/make-middleware.js:107:7)\n    at Multipart.emit (node:events:518:28)\n    at HeaderParser.cb (/Users/keshavv/Desktop/dodo/dodo_be_new/node_modules/.pnpm/busboy@1.6.0/node_modules/busboy/lib/types/multipart.js:358:14)\n    at HeaderParser.push (/Users/keshavv/Desktop/dodo/dodo_be_new/node_modules/.pnpm/busboy@1.6.0/node_modules/busboy/lib/types/multipart.js:162:20)\n    at SBMH.ssCb [as _cb] (/Users/keshavv/Desktop/dodo/dodo_be_new/node_modules/.pnpm/busboy@1.6.0/node_modules/busboy/lib/types/multipart.js:394:37)\n    at feed (/Users/keshavv/Desktop/dodo/dodo_be_new/node_modules/.pnpm/streamsearch@1.1.0/node_modules/streamsearch/lib/sbmh.js:248:10)\n    at SBMH.push (/Users/keshavv/Desktop/dodo/dodo_be_new/node_modules/.pnpm/streamsearch@1.1.0/node_modules/streamsearch/lib/sbmh.js:104:16)\n    at Multipart._write (/Users/keshavv/Desktop/dodo/dodo_be_new/node_modules/.pnpm/busboy@1.6.0/node_modules/busboy/lib/types/multipart.js:567:19)\n    at writeOrBuffer (node:internal/streams/writable:572:12)","storageErrors":[],"timestamp":"2025-02-13T08:07:30.275Z"}
{"level":"info","message":"MongoDB Connected Successfully","timestamp":"2025-02-13T08:07:43.426Z"}
{"level":"info","message":"Server running on port 3002","timestamp":"2025-02-13T08:07:43.438Z"}
{"level":"info","message":"MongoDB Connected Successfully","timestamp":"2025-02-13T08:08:22.076Z"}
{"level":"info","message":"Server running on port 3002","timestamp":"2025-02-13T08:08:22.084Z"}
{"code":"LIMIT_UNEXPECTED_FILE","field":"blockData[linkDisplayPicture]","level":"error","message":"File upload error: Unexpected field","name":"MulterError","stack":"MulterError: Unexpected field\n    at wrappedFileFilter (/Users/keshavv/Desktop/dodo/dodo_be_new/node_modules/.pnpm/multer@1.4.5-lts.1/node_modules/multer/index.js:40:19)\n    at Multipart.<anonymous> (/Users/keshavv/Desktop/dodo/dodo_be_new/node_modules/.pnpm/multer@1.4.5-lts.1/node_modules/multer/lib/make-middleware.js:107:7)\n    at Multipart.emit (node:events:518:28)\n    at HeaderParser.cb (/Users/keshavv/Desktop/dodo/dodo_be_new/node_modules/.pnpm/busboy@1.6.0/node_modules/busboy/lib/types/multipart.js:358:14)\n    at HeaderParser.push (/Users/keshavv/Desktop/dodo/dodo_be_new/node_modules/.pnpm/busboy@1.6.0/node_modules/busboy/lib/types/multipart.js:162:20)\n    at SBMH.ssCb [as _cb] (/Users/keshavv/Desktop/dodo/dodo_be_new/node_modules/.pnpm/busboy@1.6.0/node_modules/busboy/lib/types/multipart.js:394:37)\n    at feed (/Users/keshavv/Desktop/dodo/dodo_be_new/node_modules/.pnpm/streamsearch@1.1.0/node_modules/streamsearch/lib/sbmh.js:200:10)\n    at SBMH.push (/Users/keshavv/Desktop/dodo/dodo_be_new/node_modules/.pnpm/streamsearch@1.1.0/node_modules/streamsearch/lib/sbmh.js:104:16)\n    at Multipart._write (/Users/keshavv/Desktop/dodo/dodo_be_new/node_modules/.pnpm/busboy@1.6.0/node_modules/busboy/lib/types/multipart.js:567:19)\n    at writeOrBuffer (node:internal/streams/writable:572:12)","storageErrors":[],"timestamp":"2025-02-13T08:08:53.004Z"}
{"level":"info","message":"MongoDB Connected Successfully","timestamp":"2025-02-13T08:14:05.069Z"}
{"level":"info","message":"Server running on port 3002","timestamp":"2025-02-13T08:14:05.081Z"}
{"code":"LIMIT_UNEXPECTED_FILE","field":"blockData[linkDisplayPicture]","level":"error","message":"File upload error: Unexpected field","name":"MulterError","stack":"MulterError: Unexpected field\n    at wrappedFileFilter (/Users/keshavv/Desktop/dodo/dodo_be_new/node_modules/.pnpm/multer@1.4.5-lts.1/node_modules/multer/index.js:40:19)\n    at Multipart.<anonymous> (/Users/keshavv/Desktop/dodo/dodo_be_new/node_modules/.pnpm/multer@1.4.5-lts.1/node_modules/multer/lib/make-middleware.js:107:7)\n    at Multipart.emit (node:events:518:28)\n    at HeaderParser.cb (/Users/keshavv/Desktop/dodo/dodo_be_new/node_modules/.pnpm/busboy@1.6.0/node_modules/busboy/lib/types/multipart.js:358:14)\n    at HeaderParser.push (/Users/keshavv/Desktop/dodo/dodo_be_new/node_modules/.pnpm/busboy@1.6.0/node_modules/busboy/lib/types/multipart.js:162:20)\n    at SBMH.ssCb [as _cb] (/Users/keshavv/Desktop/dodo/dodo_be_new/node_modules/.pnpm/busboy@1.6.0/node_modules/busboy/lib/types/multipart.js:394:37)\n    at feed (/Users/keshavv/Desktop/dodo/dodo_be_new/node_modules/.pnpm/streamsearch@1.1.0/node_modules/streamsearch/lib/sbmh.js:248:10)\n    at SBMH.push (/Users/keshavv/Desktop/dodo/dodo_be_new/node_modules/.pnpm/streamsearch@1.1.0/node_modules/streamsearch/lib/sbmh.js:104:16)\n    at Multipart._write (/Users/keshavv/Desktop/dodo/dodo_be_new/node_modules/.pnpm/busboy@1.6.0/node_modules/busboy/lib/types/multipart.js:567:19)\n    at writeOrBuffer (node:internal/streams/writable:572:12)","storageErrors":[],"timestamp":"2025-02-13T08:14:09.094Z"}
{"level":"info","message":"MongoDB Connected Successfully","timestamp":"2025-02-13T08:17:43.416Z"}
{"level":"info","message":"Server running on port 3002","timestamp":"2025-02-13T08:17:43.423Z"}
{"level":"info","message":"MongoDB Connected Successfully","timestamp":"2025-02-13T08:17:44.237Z"}
{"level":"info","message":"Server running on port 3002","timestamp":"2025-02-13T08:17:44.243Z"}
{"code":"LIMIT_UNEXPECTED_FILE","field":"blockData[linkDisplayPicture]","level":"error","message":"File upload error: Unexpected field","name":"MulterError","stack":"MulterError: Unexpected field\n    at wrappedFileFilter (/Users/keshavv/Desktop/dodo/dodo_be_new/node_modules/.pnpm/multer@1.4.5-lts.1/node_modules/multer/index.js:40:19)\n    at Multipart.<anonymous> (/Users/keshavv/Desktop/dodo/dodo_be_new/node_modules/.pnpm/multer@1.4.5-lts.1/node_modules/multer/lib/make-middleware.js:107:7)\n    at Multipart.emit (node:events:518:28)\n    at HeaderParser.cb (/Users/keshavv/Desktop/dodo/dodo_be_new/node_modules/.pnpm/busboy@1.6.0/node_modules/busboy/lib/types/multipart.js:358:14)\n    at HeaderParser.push (/Users/keshavv/Desktop/dodo/dodo_be_new/node_modules/.pnpm/busboy@1.6.0/node_modules/busboy/lib/types/multipart.js:162:20)\n    at SBMH.ssCb [as _cb] (/Users/keshavv/Desktop/dodo/dodo_be_new/node_modules/.pnpm/busboy@1.6.0/node_modules/busboy/lib/types/multipart.js:394:37)\n    at feed (/Users/keshavv/Desktop/dodo/dodo_be_new/node_modules/.pnpm/streamsearch@1.1.0/node_modules/streamsearch/lib/sbmh.js:248:10)\n    at SBMH.push (/Users/keshavv/Desktop/dodo/dodo_be_new/node_modules/.pnpm/streamsearch@1.1.0/node_modules/streamsearch/lib/sbmh.js:104:16)\n    at Multipart._write (/Users/keshavv/Desktop/dodo/dodo_be_new/node_modules/.pnpm/busboy@1.6.0/node_modules/busboy/lib/types/multipart.js:567:19)\n    at writeOrBuffer (node:internal/streams/writable:572:12)","storageErrors":[],"timestamp":"2025-02-13T08:17:47.884Z"}
{"level":"info","message":"MongoDB Connected Successfully","timestamp":"2025-02-13T08:18:47.920Z"}
{"level":"info","message":"Server running on port 3002","timestamp":"2025-02-13T08:18:47.925Z"}
{"code":"LIMIT_UNEXPECTED_FILE","field":"blockData[linkDisplayPicture]","level":"error","message":"File upload error: Unexpected field","name":"MulterError","stack":"MulterError: Unexpected field\n    at wrappedFileFilter (/Users/keshavv/Desktop/dodo/dodo_be_new/node_modules/.pnpm/multer@1.4.5-lts.1/node_modules/multer/index.js:40:19)\n    at Multipart.<anonymous> (/Users/keshavv/Desktop/dodo/dodo_be_new/node_modules/.pnpm/multer@1.4.5-lts.1/node_modules/multer/lib/make-middleware.js:107:7)\n    at Multipart.emit (node:events:518:28)\n    at HeaderParser.cb (/Users/keshavv/Desktop/dodo/dodo_be_new/node_modules/.pnpm/busboy@1.6.0/node_modules/busboy/lib/types/multipart.js:358:14)\n    at HeaderParser.push (/Users/keshavv/Desktop/dodo/dodo_be_new/node_modules/.pnpm/busboy@1.6.0/node_modules/busboy/lib/types/multipart.js:162:20)\n    at SBMH.ssCb [as _cb] (/Users/keshavv/Desktop/dodo/dodo_be_new/node_modules/.pnpm/busboy@1.6.0/node_modules/busboy/lib/types/multipart.js:394:37)\n    at feed (/Users/keshavv/Desktop/dodo/dodo_be_new/node_modules/.pnpm/streamsearch@1.1.0/node_modules/streamsearch/lib/sbmh.js:248:10)\n    at SBMH.push (/Users/keshavv/Desktop/dodo/dodo_be_new/node_modules/.pnpm/streamsearch@1.1.0/node_modules/streamsearch/lib/sbmh.js:104:16)\n    at Multipart._write (/Users/keshavv/Desktop/dodo/dodo_be_new/node_modules/.pnpm/busboy@1.6.0/node_modules/busboy/lib/types/multipart.js:567:19)\n    at writeOrBuffer (node:internal/streams/writable:572:12)","storageErrors":[],"timestamp":"2025-02-13T08:18:52.673Z"}
{"level":"info","message":"MongoDB Connected Successfully","timestamp":"2025-02-13T08:19:48.210Z"}
{"level":"info","message":"Server running on port 3002","timestamp":"2025-02-13T08:19:48.221Z"}
{"level":"info","message":"MongoDB Connected Successfully","timestamp":"2025-02-13T08:22:06.810Z"}
{"level":"info","message":"Server running on port 3002","timestamp":"2025-02-13T08:22:06.818Z"}
{"code":"LIMIT_UNEXPECTED_FILE","field":"blockData[linkDisplayPicture]","level":"error","message":"File upload error: Unexpected field","name":"MulterError","stack":"MulterError: Unexpected field\n    at wrappedFileFilter (/Users/keshavv/Desktop/dodo/dodo_be_new/node_modules/.pnpm/multer@1.4.5-lts.1/node_modules/multer/index.js:40:19)\n    at Multipart.<anonymous> (/Users/keshavv/Desktop/dodo/dodo_be_new/node_modules/.pnpm/multer@1.4.5-lts.1/node_modules/multer/lib/make-middleware.js:107:7)\n    at Multipart.emit (node:events:518:28)\n    at HeaderParser.cb (/Users/keshavv/Desktop/dodo/dodo_be_new/node_modules/.pnpm/busboy@1.6.0/node_modules/busboy/lib/types/multipart.js:358:14)\n    at HeaderParser.push (/Users/keshavv/Desktop/dodo/dodo_be_new/node_modules/.pnpm/busboy@1.6.0/node_modules/busboy/lib/types/multipart.js:162:20)\n    at SBMH.ssCb [as _cb] (/Users/keshavv/Desktop/dodo/dodo_be_new/node_modules/.pnpm/busboy@1.6.0/node_modules/busboy/lib/types/multipart.js:394:37)\n    at feed (/Users/keshavv/Desktop/dodo/dodo_be_new/node_modules/.pnpm/streamsearch@1.1.0/node_modules/streamsearch/lib/sbmh.js:248:10)\n    at SBMH.push (/Users/keshavv/Desktop/dodo/dodo_be_new/node_modules/.pnpm/streamsearch@1.1.0/node_modules/streamsearch/lib/sbmh.js:104:16)\n    at Multipart._write (/Users/keshavv/Desktop/dodo/dodo_be_new/node_modules/.pnpm/busboy@1.6.0/node_modules/busboy/lib/types/multipart.js:567:19)\n    at writeOrBuffer (node:internal/streams/writable:572:12)","storageErrors":[],"timestamp":"2025-02-13T08:22:09.896Z"}
{"level":"info","message":"MongoDB Connected Successfully","timestamp":"2025-02-13T08:22:23.884Z"}
{"level":"info","message":"Server running on port 3002","timestamp":"2025-02-13T08:22:23.895Z"}
{"code":"LIMIT_UNEXPECTED_FILE","field":"blockData[linkDisplayPicture]","level":"error","message":"File upload error: Unexpected field","name":"MulterError","stack":"MulterError: Unexpected field\n    at wrappedFileFilter (/Users/keshavv/Desktop/dodo/dodo_be_new/node_modules/.pnpm/multer@1.4.5-lts.1/node_modules/multer/index.js:40:19)\n    at Multipart.<anonymous> (/Users/keshavv/Desktop/dodo/dodo_be_new/node_modules/.pnpm/multer@1.4.5-lts.1/node_modules/multer/lib/make-middleware.js:107:7)\n    at Multipart.emit (node:events:518:28)\n    at HeaderParser.cb (/Users/keshavv/Desktop/dodo/dodo_be_new/node_modules/.pnpm/busboy@1.6.0/node_modules/busboy/lib/types/multipart.js:358:14)\n    at HeaderParser.push (/Users/keshavv/Desktop/dodo/dodo_be_new/node_modules/.pnpm/busboy@1.6.0/node_modules/busboy/lib/types/multipart.js:162:20)\n    at SBMH.ssCb [as _cb] (/Users/keshavv/Desktop/dodo/dodo_be_new/node_modules/.pnpm/busboy@1.6.0/node_modules/busboy/lib/types/multipart.js:394:37)\n    at feed (/Users/keshavv/Desktop/dodo/dodo_be_new/node_modules/.pnpm/streamsearch@1.1.0/node_modules/streamsearch/lib/sbmh.js:200:10)\n    at SBMH.push (/Users/keshavv/Desktop/dodo/dodo_be_new/node_modules/.pnpm/streamsearch@1.1.0/node_modules/streamsearch/lib/sbmh.js:104:16)\n    at Multipart._write (/Users/keshavv/Desktop/dodo/dodo_be_new/node_modules/.pnpm/busboy@1.6.0/node_modules/busboy/lib/types/multipart.js:567:19)\n    at writeOrBuffer (node:internal/streams/writable:572:12)","storageErrors":[],"timestamp":"2025-02-13T08:22:29.770Z"}
{"level":"info","message":"MongoDB Connected Successfully","timestamp":"2025-02-13T08:23:18.261Z"}
{"level":"info","message":"Server running on port 3002","timestamp":"2025-02-13T08:23:18.267Z"}
{"level":"info","message":"MongoDB Connected Successfully","timestamp":"2025-02-13T08:23:24.585Z"}
{"level":"info","message":"Server running on port 3002","timestamp":"2025-02-13T08:23:24.591Z"}
{"level":"error","message":"Error in createBlock: Cannot use 'in' operator to search for 'badge' in {\"title\":\"ERP22\",\"url\":\"https://www.youtube.com/2\",\"description\":\"\"}","stack":"TypeError: Cannot use 'in' operator to search for 'badge' in {\"title\":\"ERP22\",\"url\":\"https://www.youtube.com/2\",\"description\":\"\"}\n    at createBlock (/Users/keshavv/Desktop/dodo/dodo_be_new/src/controllers/block/blockController.ts:75:22)\n    at processTicksAndRejections (node:internal/process/task_queues:95:5)","timestamp":"2025-02-13T08:43:39.559Z"}
{"level":"error","message":"Error in createBlock: Cannot use 'in' operator to search for 'badge' in {\"title\":\"ERP22\",\"url\":\"https://www.youtube.com/2\",\"description\":\"Hello\"}","stack":"TypeError: Cannot use 'in' operator to search for 'badge' in {\"title\":\"ERP22\",\"url\":\"https://www.youtube.com/2\",\"description\":\"Hello\"}\n    at createBlock (/Users/keshavv/Desktop/dodo/dodo_be_new/src/controllers/block/blockController.ts:75:22)\n    at processTicksAndRejections (node:internal/process/task_queues:95:5)","timestamp":"2025-02-13T08:44:33.450Z"}
{"level":"error","message":"Error in createBlock: Cannot use 'in' operator to search for 'badge' in {\"title\":\"ERP22\",\"url\":\"https://www.youtube.com/2\",\"text\":\"Hello\",\"color\":\"Aqua\"}","stack":"TypeError: Cannot use 'in' operator to search for 'badge' in {\"title\":\"ERP22\",\"url\":\"https://www.youtube.com/2\",\"text\":\"Hello\",\"color\":\"Aqua\"}\n    at createBlock (/Users/keshavv/Desktop/dodo/dodo_be_new/src/controllers/block/blockController.ts:75:22)\n    at processTicksAndRejections (node:internal/process/task_queues:95:5)","timestamp":"2025-02-13T08:46:25.615Z"}
{"level":"info","message":"MongoDB Connected Successfully","timestamp":"2025-02-13T08:51:15.146Z"}
{"level":"info","message":"Server running on port 3002","timestamp":"2025-02-13T08:51:15.161Z"}
{"level":"error","message":"Error in createBlock: Cannot use 'in' operator to search for 'badge' in {\"title\":\"ERP22\",\"url\":\"https://www.youtube.com/2\",\"badge\":{\"text\":\"Hello\",\"backgroundColor\":\"Aqua\",\"textColor\":\"black\"}}","stack":"TypeError: Cannot use 'in' operator to search for 'badge' in {\"title\":\"ERP22\",\"url\":\"https://www.youtube.com/2\",\"badge\":{\"text\":\"Hello\",\"backgroundColor\":\"Aqua\",\"textColor\":\"black\"}}\n    at createBlock (/Users/keshavv/Desktop/dodo/dodo_be_new/src/controllers/block/blockController.ts:73:22)\n    at processTicksAndRejections (node:internal/process/task_queues:95:5)","timestamp":"2025-02-13T08:52:22.963Z"}
{"level":"info","message":"MongoDB Connected Successfully","timestamp":"2025-02-13T08:53:30.846Z"}
{"level":"info","message":"Server running on port 3002","timestamp":"2025-02-13T08:53:30.854Z"}
{"level":"error","message":"Error in createBlock: Cannot use 'in' operator to search for 'badge' in {\"title\":\"ERP22\",\"url\":\"https://www.youtube.com/2\",\"badge\":{\"text\":\"Hello\",\"color\":\"Aqua\"}}","stack":"TypeError: Cannot use 'in' operator to search for 'badge' in {\"title\":\"ERP22\",\"url\":\"https://www.youtube.com/2\",\"badge\":{\"text\":\"Hello\",\"color\":\"Aqua\"}}\n    at createBlock (/Users/keshavv/Desktop/dodo/dodo_be_new/src/controllers/block/blockController.ts:73:22)\n    at processTicksAndRejections (node:internal/process/task_queues:95:5)","timestamp":"2025-02-13T08:53:33.229Z"}
{"level":"error","message":"Error in createBlock: Cannot use 'in' operator to search for 'badge' in {\"title\":\"ERP22\",\"url\":\"https://www.youtube.com/2\",\"badge\":{\"text\":\"Hello\",\"color\":\"Aqua\"}}","stack":"TypeError: Cannot use 'in' operator to search for 'badge' in {\"title\":\"ERP22\",\"url\":\"https://www.youtube.com/2\",\"badge\":{\"text\":\"Hello\",\"color\":\"Aqua\"}}\n    at createBlock (/Users/keshavv/Desktop/dodo/dodo_be_new/src/controllers/block/blockController.ts:73:22)\n    at processTicksAndRejections (node:internal/process/task_queues:95:5)","timestamp":"2025-02-13T09:04:13.697Z"}
{"level":"info","message":"MongoDB Connected Successfully","timestamp":"2025-02-13T09:04:52.515Z"}
{"level":"info","message":"Server running on port 3002","timestamp":"2025-02-13T09:04:52.528Z"}
{"level":"error","message":"Error in createBlock: Cannot use 'in' operator to search for 'badge' in {\"title\":\"ERP22\",\"url\":\"https://www.youtube.com/2\",\"badge\":{\"text\":\"Hello\",\"color\":\"Aqua\"}}","stack":"TypeError: Cannot use 'in' operator to search for 'badge' in {\"title\":\"ERP22\",\"url\":\"https://www.youtube.com/2\",\"badge\":{\"text\":\"Hello\",\"color\":\"Aqua\"}}\n    at createBlock (/Users/keshavv/Desktop/dodo/dodo_be_new/src/controllers/block/blockController.ts:74:22)\n    at processTicksAndRejections (node:internal/process/task_queues:95:5)","timestamp":"2025-02-13T09:04:59.015Z"}
{"level":"info","message":"MongoDB Connected Successfully","timestamp":"2025-02-13T09:07:51.158Z"}
{"level":"info","message":"Server running on port 3002","timestamp":"2025-02-13T09:07:51.167Z"}
{"level":"info","message":"MongoDB Connected Successfully","timestamp":"2025-02-13T09:09:04.365Z"}
{"level":"info","message":"Server running on port 3002","timestamp":"2025-02-13T09:09:04.373Z"}
{"level":"error","message":"Error in createBlock: Cannot use 'in' operator to search for 'badge' in {\"title\":\"ERP22\",\"url\":\"https://www.youtube.com/2\",\"text\":\"Hello\",\"color\":\"Aqua\"}","stack":"TypeError: Cannot use 'in' operator to search for 'badge' in {\"title\":\"ERP22\",\"url\":\"https://www.youtube.com/2\",\"text\":\"Hello\",\"color\":\"Aqua\"}\n    at createBlock (/Users/keshavv/Desktop/dodo/dodo_be_new/src/controllers/block/blockController.ts:74:22)\n    at processTicksAndRejections (node:internal/process/task_queues:95:5)","timestamp":"2025-02-13T09:09:08.150Z"}
{"level":"info","message":"MongoDB Connected Successfully","timestamp":"2025-02-13T09:09:50.573Z"}
{"level":"info","message":"Server running on port 3002","timestamp":"2025-02-13T09:09:50.584Z"}
{"level":"info","message":"MongoDB Connected Successfully","timestamp":"2025-02-13T09:09:54.728Z"}
{"level":"info","message":"Server running on port 3002","timestamp":"2025-02-13T09:09:54.736Z"}
{"level":"error","message":"Error in createBlock: Cannot use 'in' operator to search for 'badge' in {\"title\":\"ERP22\",\"url\":\"https://www.youtube.com/2\",\"badge\":{\"text\":\"Hello\",\"color\":\"Aqua\"}}","stack":"TypeError: Cannot use 'in' operator to search for 'badge' in {\"title\":\"ERP22\",\"url\":\"https://www.youtube.com/2\",\"badge\":{\"text\":\"Hello\",\"color\":\"Aqua\"}}\n    at createBlock (/Users/keshavv/Desktop/dodo/dodo_be_new/src/controllers/block/blockController.ts:74:22)\n    at processTicksAndRejections (node:internal/process/task_queues:95:5)","timestamp":"2025-02-13T09:09:58.315Z"}
{"level":"error","message":"Error in createBlock: Cannot use 'in' operator to search for 'badge' in {\"title\":\"ERP22\",\"url\":\"https://www.youtube.com/2\",\"badge\":{\"text\":\"Hello\",\"color\":\"Aqua\"}}","stack":"TypeError: Cannot use 'in' operator to search for 'badge' in {\"title\":\"ERP22\",\"url\":\"https://www.youtube.com/2\",\"badge\":{\"text\":\"Hello\",\"color\":\"Aqua\"}}\n    at createBlock (/Users/keshavv/Desktop/dodo/dodo_be_new/src/controllers/block/blockController.ts:74:22)\n    at processTicksAndRejections (node:internal/process/task_queues:95:5)","timestamp":"2025-02-13T09:12:02.485Z"}
{"level":"info","message":"MongoDB Connected Successfully","timestamp":"2025-02-13T09:12:14.255Z"}
{"level":"info","message":"Server running on port 3002","timestamp":"2025-02-13T09:12:14.266Z"}
{"level":"error","message":"Error in createBlock: Cannot use 'in' operator to search for 'badge' in {\"title\":\"ERP22\",\"url\":\"https://www.youtube.com/2\",\"badge\":{\"text\":\"Hello\",\"color\":\"Aqua\"}}","stack":"TypeError: Cannot use 'in' operator to search for 'badge' in {\"title\":\"ERP22\",\"url\":\"https://www.youtube.com/2\",\"badge\":{\"text\":\"Hello\",\"color\":\"Aqua\"}}\n    at createBlock (/Users/keshavv/Desktop/dodo/dodo_be_new/src/controllers/block/blockController.ts:74:22)\n    at processTicksAndRejections (node:internal/process/task_queues:95:5)","timestamp":"2025-02-13T09:12:17.790Z"}
{"level":"info","message":"MongoDB Connected Successfully","timestamp":"2025-02-13T09:13:30.543Z"}
{"level":"info","message":"Server running on port 3002","timestamp":"2025-02-13T09:13:30.552Z"}
{"level":"info","message":"MongoDB Connected Successfully","timestamp":"2025-02-13T09:14:21.104Z"}
{"level":"info","message":"Server running on port 3002","timestamp":"2025-02-13T09:14:21.108Z"}
{"level":"info","message":"MongoDB Connected Successfully","timestamp":"2025-02-13T09:14:24.136Z"}
{"level":"info","message":"Server running on port 3002","timestamp":"2025-02-13T09:14:24.138Z"}
{"_message":"LinkBlock validation failed","errors":{"title":{"kind":"required","message":"Path `title` is required.","name":"ValidatorError","path":"title","properties":{"message":"Path `title` is required.","path":"title","type":"required"}},"url":{"kind":"required","message":"Path `url` is required.","name":"ValidatorError","path":"url","properties":{"message":"Path `url` is required.","path":"url","type":"required"}}},"level":"error","message":"Error in createBlock: LinkBlock validation failed: url: Path `url` is required., title: Path `title` is required.","stack":"ValidationError: LinkBlock validation failed: url: Path `url` is required., title: Path `title` is required.\n    at model.Document.invalidate (/Users/keshavv/Desktop/dodo/dodo_be_new/node_modules/.pnpm/mongoose@8.9.5/node_modules/mongoose/lib/document.js:3334:32)\n    at /Users/keshavv/Desktop/dodo/dodo_be_new/node_modules/.pnpm/mongoose@8.9.5/node_modules/mongoose/lib/document.js:3095:17\n    at /Users/keshavv/Desktop/dodo/dodo_be_new/node_modules/.pnpm/mongoose@8.9.5/node_modules/mongoose/lib/schemaType.js:1407:9\n    at processTicksAndRejections (node:internal/process/task_queues:77:11)","timestamp":"2025-02-13T09:14:28.777Z"}
{"level":"info","message":"MongoDB Connected Successfully","timestamp":"2025-02-13T09:15:03.467Z"}
{"level":"info","message":"Server running on port 3002","timestamp":"2025-02-13T09:15:03.474Z"}
{"level":"info","message":"MongoDB Connected Successfully","timestamp":"2025-02-13T09:15:04.732Z"}
{"level":"info","message":"Server running on port 3002","timestamp":"2025-02-13T09:15:04.738Z"}
{"level":"error","message":"Error in createBlock: Cannot use 'in' operator to search for 'badge' in {\"title\":\"ERP22\",\"url\":\"https://www.youtube.com/2\",\"badge\":{\"text\":\"\",\"color\":\"Aqua\"}}","stack":"TypeError: Cannot use 'in' operator to search for 'badge' in {\"title\":\"ERP22\",\"url\":\"https://www.youtube.com/2\",\"badge\":{\"text\":\"\",\"color\":\"Aqua\"}}\n    at createBlock (/Users/keshavv/Desktop/dodo/dodo_be_new/src/controllers/block/blockController.ts:73:22)\n    at processTicksAndRejections (node:internal/process/task_queues:95:5)","timestamp":"2025-02-13T09:15:12.115Z"}
{"level":"error","message":"Error in createBlock: Cannot use 'in' operator to search for 'badge' in {\"title\":\"ERP22\",\"url\":\"https://www.youtube.com/2\",\"badge\":null}","stack":"TypeError: Cannot use 'in' operator to search for 'badge' in {\"title\":\"ERP22\",\"url\":\"https://www.youtube.com/2\",\"badge\":null}\n    at createBlock (/Users/keshavv/Desktop/dodo/dodo_be_new/src/controllers/block/blockController.ts:73:22)\n    at processTicksAndRejections (node:internal/process/task_queues:95:5)","timestamp":"2025-02-13T09:16:19.710Z"}
{"level":"error","message":"Error in createBlock: Cannot use 'in' operator to search for 'badge' in {\"title\":\"ERP22\",\"url\":\"https://www.youtube.com/2\"}","stack":"TypeError: Cannot use 'in' operator to search for 'badge' in {\"title\":\"ERP22\",\"url\":\"https://www.youtube.com/2\"}\n    at createBlock (/Users/keshavv/Desktop/dodo/dodo_be_new/src/controllers/block/blockController.ts:73:22)\n    at processTicksAndRejections (node:internal/process/task_queues:95:5)","timestamp":"2025-02-13T09:16:33.903Z"}
{"level":"error","message":"Error in createBlock: Cannot use 'in' operator to search for 'badge' in {\"title\":\"ERP22\",\"url\":\"https://www.youtube.com/2\"}","stack":"TypeError: Cannot use 'in' operator to search for 'badge' in {\"title\":\"ERP22\",\"url\":\"https://www.youtube.com/2\"}\n    at createBlock (/Users/keshavv/Desktop/dodo/dodo_be_new/src/controllers/block/blockController.ts:73:22)\n    at processTicksAndRejections (node:internal/process/task_queues:95:5)","timestamp":"2025-02-13T09:17:24.448Z"}
{"level":"info","message":"MongoDB Connected Successfully","timestamp":"2025-02-13T09:18:14.051Z"}
{"level":"info","message":"Server running on port 3002","timestamp":"2025-02-13T09:18:14.058Z"}
{"level":"info","message":"MongoDB Connected Successfully","timestamp":"2025-02-13T09:18:55.503Z"}
{"level":"info","message":"Server running on port 3002","timestamp":"2025-02-13T09:18:55.511Z"}
{"level":"info","message":"MongoDB Connected Successfully","timestamp":"2025-02-13T09:19:06.484Z"}
{"level":"info","message":"Server running on port 3002","timestamp":"2025-02-13T09:19:06.488Z"}
{"level":"info","message":"MongoDB Connected Successfully","timestamp":"2025-02-13T11:27:48.076Z"}
{"level":"info","message":"Server running on port 3002","timestamp":"2025-02-13T11:27:48.085Z"}
{"_message":"ProductBlock validation failed","errors":{"link":{"kind":"required","message":"Path `link` is required.","name":"ValidatorError","path":"link","properties":{"message":"Path `link` is required.","path":"link","type":"required"}},"title":{"kind":"required","message":"Path `title` is required.","name":"ValidatorError","path":"title","properties":{"message":"Path `title` is required.","path":"title","type":"required"}}},"level":"error","message":"Error in createBlock: ProductBlock validation failed: link: Path `link` is required., title: Path `title` is required.","stack":"ValidationError: ProductBlock validation failed: link: Path `link` is required., title: Path `title` is required.\n    at model.Document.invalidate (/Users/keshavv/Desktop/dodo/dodo_be_new/node_modules/.pnpm/mongoose@8.9.5/node_modules/mongoose/lib/document.js:3334:32)\n    at /Users/keshavv/Desktop/dodo/dodo_be_new/node_modules/.pnpm/mongoose@8.9.5/node_modules/mongoose/lib/document.js:3095:17\n    at /Users/keshavv/Desktop/dodo/dodo_be_new/node_modules/.pnpm/mongoose@8.9.5/node_modules/mongoose/lib/schemaType.js:1407:9\n    at processTicksAndRejections (node:internal/process/task_queues:77:11)","timestamp":"2025-02-13T11:42:19.216Z"}
{"_message":"ProductBlock validation failed","errors":{"link":{"kind":"required","message":"Path `link` is required.","name":"ValidatorError","path":"link","properties":{"message":"Path `link` is required.","path":"link","type":"required"}},"title":{"kind":"required","message":"Path `title` is required.","name":"ValidatorError","path":"title","properties":{"message":"Path `title` is required.","path":"title","type":"required"}}},"level":"error","message":"Error in createBlock: ProductBlock validation failed: link: Path `link` is required., title: Path `title` is required.","stack":"ValidationError: ProductBlock validation failed: link: Path `link` is required., title: Path `title` is required.\n    at model.Document.invalidate (/Users/keshavv/Desktop/dodo/dodo_be_new/node_modules/.pnpm/mongoose@8.9.5/node_modules/mongoose/lib/document.js:3334:32)\n    at /Users/keshavv/Desktop/dodo/dodo_be_new/node_modules/.pnpm/mongoose@8.9.5/node_modules/mongoose/lib/document.js:3095:17\n    at /Users/keshavv/Desktop/dodo/dodo_be_new/node_modules/.pnpm/mongoose@8.9.5/node_modules/mongoose/lib/schemaType.js:1407:9\n    at processTicksAndRejections (node:internal/process/task_queues:77:11)","timestamp":"2025-02-13T11:42:19.387Z"}
{"code":"LIMIT_UNEXPECTED_FILE","field":"product1Image","level":"error","message":"File upload error: Unexpected field","name":"MulterError","stack":"MulterError: Unexpected field\n    at wrappedFileFilter (/Users/keshavv/Desktop/dodo/dodo_be_new/node_modules/.pnpm/multer@1.4.5-lts.1/node_modules/multer/index.js:40:19)\n    at Multipart.<anonymous> (/Users/keshavv/Desktop/dodo/dodo_be_new/node_modules/.pnpm/multer@1.4.5-lts.1/node_modules/multer/lib/make-middleware.js:107:7)\n    at Multipart.emit (node:events:518:28)\n    at HeaderParser.cb (/Users/keshavv/Desktop/dodo/dodo_be_new/node_modules/.pnpm/busboy@1.6.0/node_modules/busboy/lib/types/multipart.js:358:14)\n    at HeaderParser.push (/Users/keshavv/Desktop/dodo/dodo_be_new/node_modules/.pnpm/busboy@1.6.0/node_modules/busboy/lib/types/multipart.js:162:20)\n    at SBMH.ssCb [as _cb] (/Users/keshavv/Desktop/dodo/dodo_be_new/node_modules/.pnpm/busboy@1.6.0/node_modules/busboy/lib/types/multipart.js:394:37)\n    at feed (/Users/keshavv/Desktop/dodo/dodo_be_new/node_modules/.pnpm/streamsearch@1.1.0/node_modules/streamsearch/lib/sbmh.js:248:10)\n    at SBMH.push (/Users/keshavv/Desktop/dodo/dodo_be_new/node_modules/.pnpm/streamsearch@1.1.0/node_modules/streamsearch/lib/sbmh.js:104:16)\n    at Multipart._write (/Users/keshavv/Desktop/dodo/dodo_be_new/node_modules/.pnpm/busboy@1.6.0/node_modules/busboy/lib/types/multipart.js:567:19)\n    at writeOrBuffer (node:internal/streams/writable:572:12)","storageErrors":[],"timestamp":"2025-02-13T11:54:46.095Z"}
{"level":"info","message":"MongoDB Connected Successfully","timestamp":"2025-02-13T11:56:38.843Z"}
{"level":"info","message":"Server running on port 3002","timestamp":"2025-02-13T11:56:38.853Z"}
{"level":"info","message":"MongoDB Connected Successfully","timestamp":"2025-02-13T11:56:58.751Z"}
{"level":"info","message":"Server running on port 3002","timestamp":"2025-02-13T11:56:58.759Z"}
{"code":"LIMIT_UNEXPECTED_FILE","field":"product1Image","level":"error","message":"File upload error: Unexpected field","name":"MulterError","stack":"MulterError: Unexpected field\n    at wrappedFileFilter (/Users/keshavv/Desktop/dodo/dodo_be_new/node_modules/.pnpm/multer@1.4.5-lts.1/node_modules/multer/index.js:40:19)\n    at Multipart.<anonymous> (/Users/keshavv/Desktop/dodo/dodo_be_new/node_modules/.pnpm/multer@1.4.5-lts.1/node_modules/multer/lib/make-middleware.js:107:7)\n    at Multipart.emit (node:events:518:28)\n    at HeaderParser.cb (/Users/keshavv/Desktop/dodo/dodo_be_new/node_modules/.pnpm/busboy@1.6.0/node_modules/busboy/lib/types/multipart.js:358:14)\n    at HeaderParser.push (/Users/keshavv/Desktop/dodo/dodo_be_new/node_modules/.pnpm/busboy@1.6.0/node_modules/busboy/lib/types/multipart.js:162:20)\n    at SBMH.ssCb [as _cb] (/Users/keshavv/Desktop/dodo/dodo_be_new/node_modules/.pnpm/busboy@1.6.0/node_modules/busboy/lib/types/multipart.js:394:37)\n    at feed (/Users/keshavv/Desktop/dodo/dodo_be_new/node_modules/.pnpm/streamsearch@1.1.0/node_modules/streamsearch/lib/sbmh.js:248:10)\n    at SBMH.push (/Users/keshavv/Desktop/dodo/dodo_be_new/node_modules/.pnpm/streamsearch@1.1.0/node_modules/streamsearch/lib/sbmh.js:104:16)\n    at Multipart._write (/Users/keshavv/Desktop/dodo/dodo_be_new/node_modules/.pnpm/busboy@1.6.0/node_modules/busboy/lib/types/multipart.js:567:19)\n    at writeOrBuffer (node:internal/streams/writable:572:12)","storageErrors":[],"timestamp":"2025-02-13T11:57:14.100Z"}
{"level":"info","message":"MongoDB Connected Successfully","timestamp":"2025-02-13T11:57:25.460Z"}
{"level":"info","message":"Server running on port 3002","timestamp":"2025-02-13T11:57:25.467Z"}
{"code":"LIMIT_UNEXPECTED_FILE","field":"product1Image","level":"error","message":"File upload error: Unexpected field","name":"MulterError","stack":"MulterError: Unexpected field\n    at wrappedFileFilter (/Users/keshavv/Desktop/dodo/dodo_be_new/node_modules/.pnpm/multer@1.4.5-lts.1/node_modules/multer/index.js:40:19)\n    at Multipart.<anonymous> (/Users/keshavv/Desktop/dodo/dodo_be_new/node_modules/.pnpm/multer@1.4.5-lts.1/node_modules/multer/lib/make-middleware.js:107:7)\n    at Multipart.emit (node:events:518:28)\n    at HeaderParser.cb (/Users/keshavv/Desktop/dodo/dodo_be_new/node_modules/.pnpm/busboy@1.6.0/node_modules/busboy/lib/types/multipart.js:358:14)\n    at HeaderParser.push (/Users/keshavv/Desktop/dodo/dodo_be_new/node_modules/.pnpm/busboy@1.6.0/node_modules/busboy/lib/types/multipart.js:162:20)\n    at SBMH.ssCb [as _cb] (/Users/keshavv/Desktop/dodo/dodo_be_new/node_modules/.pnpm/busboy@1.6.0/node_modules/busboy/lib/types/multipart.js:394:37)\n    at feed (/Users/keshavv/Desktop/dodo/dodo_be_new/node_modules/.pnpm/streamsearch@1.1.0/node_modules/streamsearch/lib/sbmh.js:248:10)\n    at SBMH.push (/Users/keshavv/Desktop/dodo/dodo_be_new/node_modules/.pnpm/streamsearch@1.1.0/node_modules/streamsearch/lib/sbmh.js:104:16)\n    at Multipart._write (/Users/keshavv/Desktop/dodo/dodo_be_new/node_modules/.pnpm/busboy@1.6.0/node_modules/busboy/lib/types/multipart.js:567:19)\n    at writeOrBuffer (node:internal/streams/writable:572:12)","storageErrors":[],"timestamp":"2025-02-13T11:58:32.763Z"}
{"level":"info","message":"MongoDB Connected Successfully","timestamp":"2025-02-13T11:58:49.988Z"}
{"level":"info","message":"Server running on port 3002","timestamp":"2025-02-13T11:58:49.994Z"}
{"code":"LIMIT_UNEXPECTED_FILE","field":"product1Image","level":"error","message":"File upload error: Unexpected field","name":"MulterError","stack":"MulterError: Unexpected field\n    at wrappedFileFilter (/Users/keshavv/Desktop/dodo/dodo_be_new/node_modules/.pnpm/multer@1.4.5-lts.1/node_modules/multer/index.js:40:19)\n    at Multipart.<anonymous> (/Users/keshavv/Desktop/dodo/dodo_be_new/node_modules/.pnpm/multer@1.4.5-lts.1/node_modules/multer/lib/make-middleware.js:107:7)\n    at Multipart.emit (node:events:518:28)\n    at HeaderParser.cb (/Users/keshavv/Desktop/dodo/dodo_be_new/node_modules/.pnpm/busboy@1.6.0/node_modules/busboy/lib/types/multipart.js:358:14)\n    at HeaderParser.push (/Users/keshavv/Desktop/dodo/dodo_be_new/node_modules/.pnpm/busboy@1.6.0/node_modules/busboy/lib/types/multipart.js:162:20)\n    at SBMH.ssCb [as _cb] (/Users/keshavv/Desktop/dodo/dodo_be_new/node_modules/.pnpm/busboy@1.6.0/node_modules/busboy/lib/types/multipart.js:394:37)\n    at feed (/Users/keshavv/Desktop/dodo/dodo_be_new/node_modules/.pnpm/streamsearch@1.1.0/node_modules/streamsearch/lib/sbmh.js:248:10)\n    at SBMH.push (/Users/keshavv/Desktop/dodo/dodo_be_new/node_modules/.pnpm/streamsearch@1.1.0/node_modules/streamsearch/lib/sbmh.js:104:16)\n    at Multipart._write (/Users/keshavv/Desktop/dodo/dodo_be_new/node_modules/.pnpm/busboy@1.6.0/node_modules/busboy/lib/types/multipart.js:567:19)\n    at writeOrBuffer (node:internal/streams/writable:572:12)","storageErrors":[],"timestamp":"2025-02-13T11:59:35.607Z"}
{"level":"warn","message":"MongoDB disconnected. Attempting to reconnect...","timestamp":"2025-02-13T12:20:53.538Z"}
{"_message":"ProductBlock validation failed","errors":{"link":{"kind":"required","message":"Path `link` is required.","name":"ValidatorError","path":"link","properties":{"message":"Path `link` is required.","path":"link","type":"required"}},"title":{"kind":"required","message":"Path `title` is required.","name":"ValidatorError","path":"title","properties":{"message":"Path `title` is required.","path":"title","type":"required"}}},"level":"error","message":"Error in createBlock: ProductBlock validation failed: link: Path `link` is required., title: Path `title` is required.","stack":"ValidationError: ProductBlock validation failed: link: Path `link` is required., title: Path `title` is required.\n    at model.Document.invalidate (/Users/keshavv/Desktop/dodo/dodo_be_new/node_modules/.pnpm/mongoose@8.9.5/node_modules/mongoose/lib/document.js:3334:32)\n    at /Users/keshavv/Desktop/dodo/dodo_be_new/node_modules/.pnpm/mongoose@8.9.5/node_modules/mongoose/lib/document.js:3095:17\n    at /Users/keshavv/Desktop/dodo/dodo_be_new/node_modules/.pnpm/mongoose@8.9.5/node_modules/mongoose/lib/schemaType.js:1407:9\n    at processTicksAndRejections (node:internal/process/task_queues:77:11)","timestamp":"2025-02-13T12:21:22.709Z"}
{"_message":"ProductBlock validation failed","errors":{"link":{"kind":"required","message":"Path `link` is required.","name":"ValidatorError","path":"link","properties":{"message":"Path `link` is required.","path":"link","type":"required"}},"title":{"kind":"required","message":"Path `title` is required.","name":"ValidatorError","path":"title","properties":{"message":"Path `title` is required.","path":"title","type":"required"}}},"level":"error","message":"Error in createBlock: ProductBlock validation failed: link: Path `link` is required., title: Path `title` is required.","stack":"ValidationError: ProductBlock validation failed: link: Path `link` is required., title: Path `title` is required.\n    at model.Document.invalidate (/Users/keshavv/Desktop/dodo/dodo_be_new/node_modules/.pnpm/mongoose@8.9.5/node_modules/mongoose/lib/document.js:3334:32)\n    at /Users/keshavv/Desktop/dodo/dodo_be_new/node_modules/.pnpm/mongoose@8.9.5/node_modules/mongoose/lib/document.js:3095:17\n    at /Users/keshavv/Desktop/dodo/dodo_be_new/node_modules/.pnpm/mongoose@8.9.5/node_modules/mongoose/lib/schemaType.js:1407:9\n    at processTicksAndRejections (node:internal/process/task_queues:77:11)","timestamp":"2025-02-13T12:21:35.094Z"}
{"_message":"ProductBlock validation failed","errors":{"link":{"kind":"required","message":"Path `link` is required.","name":"ValidatorError","path":"link","properties":{"message":"Path `link` is required.","path":"link","type":"required"}},"title":{"kind":"required","message":"Path `title` is required.","name":"ValidatorError","path":"title","properties":{"message":"Path `title` is required.","path":"title","type":"required"}}},"level":"error","message":"Error in createBlock: ProductBlock validation failed: link: Path `link` is required., title: Path `title` is required.","stack":"ValidationError: ProductBlock validation failed: link: Path `link` is required., title: Path `title` is required.\n    at model.Document.invalidate (/Users/keshavv/Desktop/dodo/dodo_be_new/node_modules/.pnpm/mongoose@8.9.5/node_modules/mongoose/lib/document.js:3334:32)\n    at /Users/keshavv/Desktop/dodo/dodo_be_new/node_modules/.pnpm/mongoose@8.9.5/node_modules/mongoose/lib/document.js:3095:17\n    at /Users/keshavv/Desktop/dodo/dodo_be_new/node_modules/.pnpm/mongoose@8.9.5/node_modules/mongoose/lib/schemaType.js:1407:9\n    at processTicksAndRejections (node:internal/process/task_queues:77:11)","timestamp":"2025-02-13T12:21:50.427Z"}
{"level":"info","message":"MongoDB Connected Successfully","timestamp":"2025-02-13T12:22:14.196Z"}
{"level":"info","message":"Server running on port 3002","timestamp":"2025-02-13T12:22:14.205Z"}
{"_message":"ProductBlock validation failed","errors":{"link":{"kind":"required","message":"Path `link` is required.","name":"ValidatorError","path":"link","properties":{"message":"Path `link` is required.","path":"link","type":"required"}},"title":{"kind":"required","message":"Path `title` is required.","name":"ValidatorError","path":"title","properties":{"message":"Path `title` is required.","path":"title","type":"required"}}},"level":"error","message":"Error in createBlock: ProductBlock validation failed: link: Path `link` is required., title: Path `title` is required.","stack":"ValidationError: ProductBlock validation failed: link: Path `link` is required., title: Path `title` is required.\n    at model.Document.invalidate (/Users/keshavv/Desktop/dodo/dodo_be_new/node_modules/.pnpm/mongoose@8.9.5/node_modules/mongoose/lib/document.js:3334:32)\n    at /Users/keshavv/Desktop/dodo/dodo_be_new/node_modules/.pnpm/mongoose@8.9.5/node_modules/mongoose/lib/document.js:3095:17\n    at /Users/keshavv/Desktop/dodo/dodo_be_new/node_modules/.pnpm/mongoose@8.9.5/node_modules/mongoose/lib/schemaType.js:1407:9\n    at processTicksAndRejections (node:internal/process/task_queues:77:11)","timestamp":"2025-02-13T12:22:17.926Z"}
{"level":"info","message":"MongoDB Connected Successfully","timestamp":"2025-02-13T12:23:29.649Z"}
{"level":"info","message":"Server running on port 3002","timestamp":"2025-02-13T12:23:29.656Z"}
{"level":"info","message":"MongoDB Connected Successfully","timestamp":"2025-02-13T12:23:36.661Z"}
{"level":"info","message":"Server running on port 3002","timestamp":"2025-02-13T12:23:36.668Z"}
{"_message":"ProductBlock validation failed","errors":{"link":{"kind":"required","message":"Path `link` is required.","name":"ValidatorError","path":"link","properties":{"message":"Path `link` is required.","path":"link","type":"required"}},"title":{"kind":"required","message":"Path `title` is required.","name":"ValidatorError","path":"title","properties":{"message":"Path `title` is required.","path":"title","type":"required"}}},"level":"error","message":"Error in createBlock: ProductBlock validation failed: link: Path `link` is required., title: Path `title` is required.","stack":"ValidationError: ProductBlock validation failed: link: Path `link` is required., title: Path `title` is required.\n    at model.Document.invalidate (/Users/keshavv/Desktop/dodo/dodo_be_new/node_modules/.pnpm/mongoose@8.9.5/node_modules/mongoose/lib/document.js:3334:32)\n    at /Users/keshavv/Desktop/dodo/dodo_be_new/node_modules/.pnpm/mongoose@8.9.5/node_modules/mongoose/lib/document.js:3095:17\n    at /Users/keshavv/Desktop/dodo/dodo_be_new/node_modules/.pnpm/mongoose@8.9.5/node_modules/mongoose/lib/schemaType.js:1407:9\n    at processTicksAndRejections (node:internal/process/task_queues:77:11)","timestamp":"2025-02-13T12:23:41.693Z"}
{"level":"info","message":"MongoDB Connected Successfully","timestamp":"2025-02-13T12:24:12.455Z"}
{"level":"info","message":"Server running on port 3002","timestamp":"2025-02-13T12:24:12.461Z"}
{"level":"info","message":"MongoDB Connected Successfully","timestamp":"2025-02-13T12:24:18.254Z"}
{"level":"info","message":"Server running on port 3002","timestamp":"2025-02-13T12:24:18.263Z"}
{"_message":"ProductBlock validation failed","errors":{"link":{"kind":"required","message":"Path `link` is required.","name":"ValidatorError","path":"link","properties":{"message":"Path `link` is required.","path":"link","type":"required"}},"title":{"kind":"required","message":"Path `title` is required.","name":"ValidatorError","path":"title","properties":{"message":"Path `title` is required.","path":"title","type":"required"}}},"level":"error","message":"Error in createBlock: ProductBlock validation failed: link: Path `link` is required., title: Path `title` is required.","stack":"ValidationError: ProductBlock validation failed: link: Path `link` is required., title: Path `title` is required.\n    at model.Document.invalidate (/Users/keshavv/Desktop/dodo/dodo_be_new/node_modules/.pnpm/mongoose@8.9.5/node_modules/mongoose/lib/document.js:3334:32)\n    at /Users/keshavv/Desktop/dodo/dodo_be_new/node_modules/.pnpm/mongoose@8.9.5/node_modules/mongoose/lib/document.js:3095:17\n    at /Users/keshavv/Desktop/dodo/dodo_be_new/node_modules/.pnpm/mongoose@8.9.5/node_modules/mongoose/lib/schemaType.js:1407:9\n    at processTicksAndRejections (node:internal/process/task_queues:77:11)","timestamp":"2025-02-13T12:24:21.550Z"}
{"level":"info","message":"MongoDB Connected Successfully","timestamp":"2025-02-13T12:25:53.789Z"}
{"level":"info","message":"Server running on port 3002","timestamp":"2025-02-13T12:25:53.791Z"}
{"_message":"ProductBlock validation failed","errors":{"link":{"kind":"required","message":"Path `link` is required.","name":"ValidatorError","path":"link","properties":{"message":"Path `link` is required.","path":"link","type":"required"}},"title":{"kind":"required","message":"Path `title` is required.","name":"ValidatorError","path":"title","properties":{"message":"Path `title` is required.","path":"title","type":"required"}}},"level":"error","message":"Error in createBlock: ProductBlock validation failed: link: Path `link` is required., title: Path `title` is required.","stack":"ValidationError: ProductBlock validation failed: link: Path `link` is required., title: Path `title` is required.\n    at model.Document.invalidate (/Users/keshavv/Desktop/dodo/dodo_be_new/node_modules/.pnpm/mongoose@8.9.5/node_modules/mongoose/lib/document.js:3334:32)\n    at /Users/keshavv/Desktop/dodo/dodo_be_new/node_modules/.pnpm/mongoose@8.9.5/node_modules/mongoose/lib/document.js:3095:17\n    at /Users/keshavv/Desktop/dodo/dodo_be_new/node_modules/.pnpm/mongoose@8.9.5/node_modules/mongoose/lib/schemaType.js:1407:9\n    at processTicksAndRejections (node:internal/process/task_queues:77:11)","timestamp":"2025-02-13T12:25:56.764Z"}
{"level":"info","message":"MongoDB Connected Successfully","timestamp":"2025-02-13T12:27:22.121Z"}
{"level":"info","message":"Server running on port 3002","timestamp":"2025-02-13T12:27:22.127Z"}
{"level":"info","message":"MongoDB Connected Successfully","timestamp":"2025-02-13T12:27:33.933Z"}
{"level":"info","message":"Server running on port 3002","timestamp":"2025-02-13T12:27:33.940Z"}
{"_message":"ProductBlock validation failed","errors":{"link":{"kind":"required","message":"Path `link` is required.","name":"ValidatorError","path":"link","properties":{"message":"Path `link` is required.","path":"link","type":"required"}},"title":{"kind":"required","message":"Path `title` is required.","name":"ValidatorError","path":"title","properties":{"message":"Path `title` is required.","path":"title","type":"required"}}},"level":"error","message":"Error in createBlock: ProductBlock validation failed: link: Path `link` is required., title: Path `title` is required.","stack":"ValidationError: ProductBlock validation failed: link: Path `link` is required., title: Path `title` is required.\n    at model.Document.invalidate (/Users/keshavv/Desktop/dodo/dodo_be_new/node_modules/.pnpm/mongoose@8.9.5/node_modules/mongoose/lib/document.js:3334:32)\n    at /Users/keshavv/Desktop/dodo/dodo_be_new/node_modules/.pnpm/mongoose@8.9.5/node_modules/mongoose/lib/document.js:3095:17\n    at /Users/keshavv/Desktop/dodo/dodo_be_new/node_modules/.pnpm/mongoose@8.9.5/node_modules/mongoose/lib/schemaType.js:1407:9\n    at processTicksAndRejections (node:internal/process/task_queues:77:11)","timestamp":"2025-02-13T12:29:46.674Z"}
{"level":"info","message":"MongoDB Connected Successfully","timestamp":"2025-02-13T12:30:34.933Z"}
{"level":"info","message":"Server running on port 3002","timestamp":"2025-02-13T12:30:34.940Z"}
{"level":"info","message":"MongoDB Connected Successfully","timestamp":"2025-02-13T12:30:44.079Z"}
{"level":"info","message":"Server running on port 3002","timestamp":"2025-02-13T12:30:44.087Z"}
{"level":"info","message":"MongoDB Connected Successfully","timestamp":"2025-02-13T12:31:29.521Z"}
{"level":"info","message":"Server running on port 3002","timestamp":"2025-02-13T12:31:29.527Z"}
{"_message":"ProductBlock validation failed","errors":{"link":{"kind":"required","message":"Path `link` is required.","name":"ValidatorError","path":"link","properties":{"message":"Path `link` is required.","path":"link","type":"required"}},"title":{"kind":"required","message":"Path `title` is required.","name":"ValidatorError","path":"title","properties":{"message":"Path `title` is required.","path":"title","type":"required"}}},"level":"error","message":"Error in createBlock: ProductBlock validation failed: link: Path `link` is required., title: Path `title` is required.","stack":"ValidationError: ProductBlock validation failed: link: Path `link` is required., title: Path `title` is required.\n    at model.Document.invalidate (/Users/keshavv/Desktop/dodo/dodo_be_new/node_modules/.pnpm/mongoose@8.9.5/node_modules/mongoose/lib/document.js:3334:32)\n    at /Users/keshavv/Desktop/dodo/dodo_be_new/node_modules/.pnpm/mongoose@8.9.5/node_modules/mongoose/lib/document.js:3095:17\n    at /Users/keshavv/Desktop/dodo/dodo_be_new/node_modules/.pnpm/mongoose@8.9.5/node_modules/mongoose/lib/schemaType.js:1407:9\n    at processTicksAndRejections (node:internal/process/task_queues:77:11)","timestamp":"2025-02-13T12:31:40.171Z"}
{"level":"warn","message":"MongoDB disconnected. Attempting to reconnect...","timestamp":"2025-02-13T12:42:34.651Z"}
{"level":"warn","message":"MongoDB disconnected. Attempting to reconnect...","timestamp":"2025-02-13T13:34:17.778Z"}
{"level":"info","message":"MongoDB Connected Successfully","timestamp":"2025-02-13T19:15:44.814Z"}
{"level":"info","message":"Server running on port 3002","timestamp":"2025-02-13T19:15:44.824Z"}
{"_message":"ProductBlock validation failed","errors":{"link":{"kind":"required","message":"Path `link` is required.","name":"ValidatorError","path":"link","properties":{"message":"Path `link` is required.","path":"link","type":"required"}},"title":{"kind":"required","message":"Path `title` is required.","name":"ValidatorError","path":"title","properties":{"message":"Path `title` is required.","path":"title","type":"required"}}},"level":"error","message":"Error in createBlock: ProductBlock validation failed: link: Path `link` is required., title: Path `title` is required.","stack":"ValidationError: ProductBlock validation failed: link: Path `link` is required., title: Path `title` is required.\n    at model.Document.invalidate (/Users/keshavv/Desktop/dodo/dodo_be_new/node_modules/.pnpm/mongoose@8.9.5/node_modules/mongoose/lib/document.js:3334:32)\n    at /Users/keshavv/Desktop/dodo/dodo_be_new/node_modules/.pnpm/mongoose@8.9.5/node_modules/mongoose/lib/document.js:3095:17\n    at /Users/keshavv/Desktop/dodo/dodo_be_new/node_modules/.pnpm/mongoose@8.9.5/node_modules/mongoose/lib/schemaType.js:1407:9\n    at processTicksAndRejections (node:internal/process/task_queues:77:11)","timestamp":"2025-02-13T19:16:29.956Z"}
{"_message":"Block validation failed","errors":{"dodoPageId":{"kind":"ObjectId","message":"Cast to ObjectId failed for value \"[ '67aa3b1f8b415bdf0dc369fd', '67aa3b1f8b415bdf0dc369fd' ]\" (type Array) at path \"dodoPageId\" because of \"BSONError\"","name":"CastError","path":"dodoPageId","reason":{},"stringValue":"\"[ '67aa3b1f8b415bdf0dc369fd', '67aa3b1f8b415bdf0dc369fd' ]\"","value":["67aa3b1f8b415bdf0dc369fd","67aa3b1f8b415bdf0dc369fd"],"valueType":"Array"}},"level":"error","message":"Error in createBlock: Block validation failed: dodoPageId: Cast to ObjectId failed for value \"[ '67aa3b1f8b415bdf0dc369fd', '67aa3b1f8b415bdf0dc369fd' ]\" (type Array) at path \"dodoPageId\" because of \"BSONError\"","stack":"ValidationError: Block validation failed: dodoPageId: Cast to ObjectId failed for value \"[ '67aa3b1f8b415bdf0dc369fd', '67aa3b1f8b415bdf0dc369fd' ]\" (type Array) at path \"dodoPageId\" because of \"BSONError\"\n    at model.Document.invalidate (/Users/keshavv/Desktop/dodo/dodo_be_new/node_modules/.pnpm/mongoose@8.9.5/node_modules/mongoose/lib/document.js:3334:32)\n    at model.$set (/Users/keshavv/Desktop/dodo/dodo_be_new/node_modules/.pnpm/mongoose@8.9.5/node_modules/mongoose/lib/document.js:1485:12)\n    at model.$set (/Users/keshavv/Desktop/dodo/dodo_be_new/node_modules/.pnpm/mongoose@8.9.5/node_modules/mongoose/lib/document.js:1137:16)\n    at model.Document (/Users/keshavv/Desktop/dodo/dodo_be_new/node_modules/.pnpm/mongoose@8.9.5/node_modules/mongoose/lib/document.js:178:12)\n    at model.Model (/Users/keshavv/Desktop/dodo/dodo_be_new/node_modules/.pnpm/mongoose@8.9.5/node_modules/mongoose/lib/model.js:129:12)\n    at new model (/Users/keshavv/Desktop/dodo/dodo_be_new/node_modules/.pnpm/mongoose@8.9.5/node_modules/mongoose/lib/model.js:4656:15)\n    at /Users/keshavv/Desktop/dodo/dodo_be_new/node_modules/.pnpm/mongoose@8.9.5/node_modules/mongoose/lib/model.js:2691:20\n    at Array.map (<anonymous>)\n    at Function.create (/Users/keshavv/Desktop/dodo/dodo_be_new/node_modules/.pnpm/mongoose@8.9.5/node_modules/mongoose/lib/model.js:2679:34)\n    at createBlock (/Users/keshavv/Desktop/dodo/dodo_be_new/src/controllers/block/blockController.ts:63:38)","timestamp":"2025-02-13T19:19:41.089Z"}
{"level":"warn","message":"MongoDB disconnected. Attempting to reconnect...","timestamp":"2025-02-13T20:20:14.437Z"}
{"code":"ERR_HTTP_HEADERS_SENT","level":"error","message":"Error in getBlockById: Cannot set headers after they are sent to the client","stack":"Error: Cannot set headers after they are sent to the client\n    at ServerResponse.setHeader (node:_http_outgoing:655:11)\n    at ServerResponse.header (/Users/keshavv/Desktop/dodo/dodo_be_new/node_modules/.pnpm/express@4.21.2/node_modules/express/lib/response.js:794:10)\n    at ServerResponse.send (/Users/keshavv/Desktop/dodo/dodo_be_new/node_modules/.pnpm/express@4.21.2/node_modules/express/lib/response.js:174:12)\n    at ServerResponse.json (/Users/keshavv/Desktop/dodo/dodo_be_new/node_modules/.pnpm/express@4.21.2/node_modules/express/lib/response.js:278:15)\n    at getBlockById (/Users/keshavv/Desktop/dodo/dodo_be_new/src/controllers/block/blockController.ts:699:23)\n    at processTicksAndRejections (node:internal/process/task_queues:95:5)","timestamp":"2025-02-13T21:48:01.532Z"}
{"level":"info","message":"MongoDB Connected Successfully","timestamp":"2025-02-13T21:48:25.936Z"}
{"level":"info","message":"Server running on port 3002","timestamp":"2025-02-13T21:48:25.946Z"}
{"level":"warn","message":"MongoDB disconnected. Attempting to reconnect...","timestamp":"2025-02-13T23:38:28.815Z"}
{"level":"warn","message":"MongoDB disconnected. Attempting to reconnect...","timestamp":"2025-02-14T00:43:41.228Z"}
{"level":"warn","message":"MongoDB disconnected. Attempting to reconnect...","timestamp":"2025-02-14T02:13:16.107Z"}
{"level":"warn","message":"MongoDB disconnected. Attempting to reconnect...","timestamp":"2025-02-14T06:00:41.350Z"}
{"code":"ERR_HTTP_HEADERS_SENT","level":"error","message":"Error in getBlockById: Cannot set headers after they are sent to the client","stack":"Error: Cannot set headers after they are sent to the client\n    at ServerResponse.setHeader (node:_http_outgoing:655:11)\n    at ServerResponse.header (/Users/keshavv/Desktop/dodo/dodo_be_new/node_modules/.pnpm/express@4.21.2/node_modules/express/lib/response.js:794:10)\n    at ServerResponse.send (/Users/keshavv/Desktop/dodo/dodo_be_new/node_modules/.pnpm/express@4.21.2/node_modules/express/lib/response.js:174:12)\n    at ServerResponse.json (/Users/keshavv/Desktop/dodo/dodo_be_new/node_modules/.pnpm/express@4.21.2/node_modules/express/lib/response.js:278:15)\n    at getBlockById (/Users/keshavv/Desktop/dodo/dodo_be_new/src/controllers/block/blockController.ts:699:23)\n    at processTicksAndRejections (node:internal/process/task_queues:95:5)","timestamp":"2025-02-14T06:04:48.726Z"}
{"level":"info","message":"MongoDB Connected Successfully","timestamp":"2025-02-14T06:05:49.720Z"}
{"level":"info","message":"Server running on port 3002","timestamp":"2025-02-14T06:05:49.728Z"}
{"level":"info","message":"MongoDB Connected Successfully","timestamp":"2025-02-14T06:07:48.156Z"}
{"level":"info","message":"Server running on port 3002","timestamp":"2025-02-14T06:07:48.168Z"}
{"level":"info","message":"MongoDB Connected Successfully","timestamp":"2025-02-14T06:08:02.272Z"}
{"level":"info","message":"Server running on port 3002","timestamp":"2025-02-14T06:08:02.279Z"}
{"level":"warn","message":"MongoDB disconnected. Attempting to reconnect...","timestamp":"2025-02-14T06:27:03.939Z"}
{"level":"warn","message":"MongoDB disconnected. Attempting to reconnect...","timestamp":"2025-02-14T07:09:01.997Z"}
{"level":"info","message":"MongoDB Connected Successfully","timestamp":"2025-02-14T07:16:31.862Z"}
{"level":"info","message":"Server running on port 3002","timestamp":"2025-02-14T07:16:31.874Z"}
{"level":"warn","message":"MongoDB disconnected. Attempting to reconnect...","timestamp":"2025-02-14T07:23:48.673Z"}
{"level":"warn","message":"MongoDB disconnected. Attempting to reconnect...","timestamp":"2025-02-14T07:38:49.144Z"}
{"level":"warn","message":"MongoDB disconnected. Attempting to reconnect...","timestamp":"2025-02-14T08:31:52.953Z"}
{"level":"warn","message":"MongoDB disconnected. Attempting to reconnect...","timestamp":"2025-02-14T09:27:01.928Z"}
{"level":"warn","message":"MongoDB disconnected. Attempting to reconnect...","timestamp":"2025-02-14T09:41:32.858Z"}
{"level":"info","message":"MongoDB Connected Successfully","timestamp":"2025-02-14T10:55:01.608Z"}
{"level":"info","message":"Server running on port 3002","timestamp":"2025-02-14T10:55:01.622Z"}
{"level":"info","message":"MongoDB Connected Successfully","timestamp":"2025-02-14T10:56:21.399Z"}
{"level":"info","message":"Server running on port 3002","timestamp":"2025-02-14T10:56:21.405Z"}
{"level":"info","message":"MongoDB Connected Successfully","timestamp":"2025-02-14T10:56:22.895Z"}
{"level":"info","message":"Server running on port 3002","timestamp":"2025-02-14T10:56:22.899Z"}
{"level":"info","message":"MongoDB Connected Successfully","timestamp":"2025-02-14T11:00:17.284Z"}
{"level":"info","message":"Server running on port 3002","timestamp":"2025-02-14T11:00:17.295Z"}
{"level":"info","message":"MongoDB Connected Successfully","timestamp":"2025-02-14T11:01:13.023Z"}
{"level":"info","message":"Server running on port 3002","timestamp":"2025-02-14T11:01:13.030Z"}
{"level":"info","message":"MongoDB Connected Successfully","timestamp":"2025-02-14T11:02:31.270Z"}
{"level":"info","message":"Server running on port 3002","timestamp":"2025-02-14T11:02:31.277Z"}
{"level":"info","message":"MongoDB Connected Successfully","timestamp":"2025-02-14T11:03:28.513Z"}
{"level":"info","message":"Server running on port 3002","timestamp":"2025-02-14T11:03:28.520Z"}
{"_message":"PollBlock validation failed","errors":{"optionCounts":{"kind":"Map","message":"Cast to Map failed for value \"{\n  '$__parent': {\n    _id: new ObjectId('67ae48b033fca2473ca91fb0'),\n    blockId: new ObjectId('67ae48b033fca2473ca91fae'),\n    question: 'What is my name',\n    options: [ 'Keshav', 'Malik', 'Huhu', 'hehe' ],\n    isMultipleOptionsAllowed: false,\n    optionCounts: Map(0) {},\n    createdAt: 2025-02-13T19:32:00.514Z,\n    updatedAt: 2025-02-13T19:32:00.514Z,\n    __v: 0\n  },\n  '$__path': 'optionCounts',\n  '$__schemaType': SchemaNumber {\n    path: 'optionCounts.$*',\n    instance: 'Number',\n    validators: [],\n    getters: [],\n    setters: [],\n    _presplitPath: [ 'optionCounts', '$*' ],\n    options: SchemaNumberOptions { type: [Function: Number] },\n    _index: null,\n    [Symbol(mongoose#schemaType)]: true\n  },\n  Keshav: 1\n}\" (type Object) at path \"optionCounts\"","name":"CastError","path":"optionCounts","reason":{},"stringValue":"\"{\n  '$__parent': {\n    _id: new ObjectId('67ae48b033fca2473ca91fb0'),\n    blockId: new ObjectId('67ae48b033fca2473ca91fae'),\n    question: 'What is my name',\n    options: [ 'Keshav', 'Malik', 'Huhu', 'hehe' ],\n    isMultipleOptionsAllowed: false,\n    optionCounts: Map(0) {},\n    createdAt: 2025-02-13T19:32:00.514Z,\n    updatedAt: 2025-02-13T19:32:00.514Z,\n    __v: 0\n  },\n  '$__path': 'optionCounts',\n  '$__schemaType': SchemaNumber {\n    path: 'optionCounts.$*',\n    instance: 'Number',\n    validators: [],\n    getters: [],\n    setters: [],\n    _presplitPath: [ 'optionCounts', '$*' ],\n    options: SchemaNumberOptions { type: [Function: Number] },\n    _index: null,\n    [Symbol(mongoose#schemaType)]: true\n  },\n  Keshav: 1\n}\"","value":{"$__parent":{"__v":0,"_id":"67ae48b033fca2473ca91fb0","blockId":"67ae48b033fca2473ca91fae","createdAt":"2025-02-13T19:32:00.514Z","isMultipleOptionsAllowed":false,"optionCounts":{},"options":["Keshav","Malik","Huhu","hehe"],"question":"What is my name","updatedAt":"2025-02-13T19:32:00.514Z"},"$__path":"optionCounts","$__schemaType":{"_index":null,"_presplitPath":["optionCounts","$*"],"getters":[],"instance":"Number","options":{},"path":"optionCounts.$*","setters":[],"validators":[]},"Keshav":1},"valueType":"Object"}},"level":"error","message":"Error in voteInPoll: PollBlock validation failed: optionCounts: Cast to Map failed for value \"{\n  '$__parent': {\n    _id: new ObjectId('67ae48b033fca2473ca91fb0'),\n    blockId: new ObjectId('67ae48b033fca2473ca91fae'),\n    question: 'What is my name',\n    options: [ 'Keshav', 'Malik', 'Huhu', 'hehe' ],\n    isMultipleOptionsAllowed: false,\n    optionCounts: Map(0) {},\n    createdAt: 2025-02-13T19:32:00.514Z,\n    updatedAt: 2025-02-13T19:32:00.514Z,\n    __v: 0\n  },\n  '$__path': 'optionCounts',\n  '$__schemaType': SchemaNumber {\n    path: 'optionCounts.$*',\n    instance: 'Number',\n    validators: [],\n    getters: [],\n    setters: [],\n    _presplitPath: [ 'optionCounts', '$*' ],\n    options: SchemaNumberOptions { type: [Function: Number] },\n    _index: null,\n    [Symbol(mongoose#schemaType)]: true\n  },\n  Keshav: 1\n}\" (type Object) at path \"optionCounts\"","stack":"ValidationError: PollBlock validation failed: optionCounts: Cast to Map failed for value \"{\n  '$__parent': {\n    _id: new ObjectId('67ae48b033fca2473ca91fb0'),\n    blockId: new ObjectId('67ae48b033fca2473ca91fae'),\n    question: 'What is my name',\n    options: [ 'Keshav', 'Malik', 'Huhu', 'hehe' ],\n    isMultipleOptionsAllowed: false,\n    optionCounts: Map(0) {},\n    createdAt: 2025-02-13T19:32:00.514Z,\n    updatedAt: 2025-02-13T19:32:00.514Z,\n    __v: 0\n  },\n  '$__path': 'optionCounts',\n  '$__schemaType': SchemaNumber {\n    path: 'optionCounts.$*',\n    instance: 'Number',\n    validators: [],\n    getters: [],\n    setters: [],\n    _presplitPath: [ 'optionCounts', '$*' ],\n    options: SchemaNumberOptions { type: [Function: Number] },\n    _index: null,\n    [Symbol(mongoose#schemaType)]: true\n  },\n  Keshav: 1\n}\" (type Object) at path \"optionCounts\"\n    at model.Document.invalidate (/Users/keshavv/Desktop/dodo/dodo_be_new/node_modules/.pnpm/mongoose@8.9.5/node_modules/mongoose/lib/document.js:3334:32)\n    at model.$set (/Users/keshavv/Desktop/dodo/dodo_be_new/node_modules/.pnpm/mongoose@8.9.5/node_modules/mongoose/lib/document.js:1491:12)\n    at model.set [as optionCounts] (/Users/keshavv/Desktop/dodo/dodo_be_new/node_modules/.pnpm/mongoose@8.9.5/node_modules/mongoose/lib/helpers/document/compile.js:205:19)\n    at voteInPoll (/Users/keshavv/Desktop/dodo/dodo_be_new/src/controllers/block/blockController.ts:475:29)\n    at processTicksAndRejections (node:internal/process/task_queues:95:5)","timestamp":"2025-02-14T11:03:31.629Z"}
{"_message":"PollBlock validation failed","errors":{"optionCounts":{"kind":"Map","message":"Cast to Map failed for value \"{\n  '$__parent': {\n    _id: new ObjectId('67ae48b033fca2473ca91fb0'),\n    blockId: new ObjectId('67ae48b033fca2473ca91fae'),\n    question: 'What is my name',\n    options: [ 'Keshav', 'Malik', 'Huhu', 'hehe' ],\n    isMultipleOptionsAllowed: false,\n    optionCounts: Map(0) {},\n    createdAt: 2025-02-13T19:32:00.514Z,\n    updatedAt: 2025-02-13T19:32:00.514Z,\n    __v: 0\n  },\n  '$__path': 'optionCounts',\n  '$__schemaType': SchemaNumber {\n    path: 'optionCounts.$*',\n    instance: 'Number',\n    validators: [],\n    getters: [],\n    setters: [],\n    _presplitPath: [ 'optionCounts', '$*' ],\n    options: SchemaNumberOptions { type: [Function: Number] },\n    _index: null,\n    [Symbol(mongoose#schemaType)]: true\n  },\n  Keshav: 1\n}\" (type Object) at path \"optionCounts\"","name":"CastError","path":"optionCounts","reason":{},"stringValue":"\"{\n  '$__parent': {\n    _id: new ObjectId('67ae48b033fca2473ca91fb0'),\n    blockId: new ObjectId('67ae48b033fca2473ca91fae'),\n    question: 'What is my name',\n    options: [ 'Keshav', 'Malik', 'Huhu', 'hehe' ],\n    isMultipleOptionsAllowed: false,\n    optionCounts: Map(0) {},\n    createdAt: 2025-02-13T19:32:00.514Z,\n    updatedAt: 2025-02-13T19:32:00.514Z,\n    __v: 0\n  },\n  '$__path': 'optionCounts',\n  '$__schemaType': SchemaNumber {\n    path: 'optionCounts.$*',\n    instance: 'Number',\n    validators: [],\n    getters: [],\n    setters: [],\n    _presplitPath: [ 'optionCounts', '$*' ],\n    options: SchemaNumberOptions { type: [Function: Number] },\n    _index: null,\n    [Symbol(mongoose#schemaType)]: true\n  },\n  Keshav: 1\n}\"","value":{"$__parent":{"__v":0,"_id":"67ae48b033fca2473ca91fb0","blockId":"67ae48b033fca2473ca91fae","createdAt":"2025-02-13T19:32:00.514Z","isMultipleOptionsAllowed":false,"optionCounts":{},"options":["Keshav","Malik","Huhu","hehe"],"question":"What is my name","updatedAt":"2025-02-13T19:32:00.514Z"},"$__path":"optionCounts","$__schemaType":{"_index":null,"_presplitPath":["optionCounts","$*"],"getters":[],"instance":"Number","options":{},"path":"optionCounts.$*","setters":[],"validators":[]},"Keshav":1},"valueType":"Object"}},"level":"error","message":"Error in voteInPoll: PollBlock validation failed: optionCounts: Cast to Map failed for value \"{\n  '$__parent': {\n    _id: new ObjectId('67ae48b033fca2473ca91fb0'),\n    blockId: new ObjectId('67ae48b033fca2473ca91fae'),\n    question: 'What is my name',\n    options: [ 'Keshav', 'Malik', 'Huhu', 'hehe' ],\n    isMultipleOptionsAllowed: false,\n    optionCounts: Map(0) {},\n    createdAt: 2025-02-13T19:32:00.514Z,\n    updatedAt: 2025-02-13T19:32:00.514Z,\n    __v: 0\n  },\n  '$__path': 'optionCounts',\n  '$__schemaType': SchemaNumber {\n    path: 'optionCounts.$*',\n    instance: 'Number',\n    validators: [],\n    getters: [],\n    setters: [],\n    _presplitPath: [ 'optionCounts', '$*' ],\n    options: SchemaNumberOptions { type: [Function: Number] },\n    _index: null,\n    [Symbol(mongoose#schemaType)]: true\n  },\n  Keshav: 1\n}\" (type Object) at path \"optionCounts\"","stack":"ValidationError: PollBlock validation failed: optionCounts: Cast to Map failed for value \"{\n  '$__parent': {\n    _id: new ObjectId('67ae48b033fca2473ca91fb0'),\n    blockId: new ObjectId('67ae48b033fca2473ca91fae'),\n    question: 'What is my name',\n    options: [ 'Keshav', 'Malik', 'Huhu', 'hehe' ],\n    isMultipleOptionsAllowed: false,\n    optionCounts: Map(0) {},\n    createdAt: 2025-02-13T19:32:00.514Z,\n    updatedAt: 2025-02-13T19:32:00.514Z,\n    __v: 0\n  },\n  '$__path': 'optionCounts',\n  '$__schemaType': SchemaNumber {\n    path: 'optionCounts.$*',\n    instance: 'Number',\n    validators: [],\n    getters: [],\n    setters: [],\n    _presplitPath: [ 'optionCounts', '$*' ],\n    options: SchemaNumberOptions { type: [Function: Number] },\n    _index: null,\n    [Symbol(mongoose#schemaType)]: true\n  },\n  Keshav: 1\n}\" (type Object) at path \"optionCounts\"\n    at model.Document.invalidate (/Users/keshavv/Desktop/dodo/dodo_be_new/node_modules/.pnpm/mongoose@8.9.5/node_modules/mongoose/lib/document.js:3334:32)\n    at model.$set (/Users/keshavv/Desktop/dodo/dodo_be_new/node_modules/.pnpm/mongoose@8.9.5/node_modules/mongoose/lib/document.js:1491:12)\n    at model.set [as optionCounts] (/Users/keshavv/Desktop/dodo/dodo_be_new/node_modules/.pnpm/mongoose@8.9.5/node_modules/mongoose/lib/helpers/document/compile.js:205:19)\n    at voteInPoll (/Users/keshavv/Desktop/dodo/dodo_be_new/src/controllers/block/blockController.ts:475:29)\n    at processTicksAndRejections (node:internal/process/task_queues:95:5)","timestamp":"2025-02-14T11:03:33.509Z"}
{"level":"info","message":"MongoDB Connected Successfully","timestamp":"2025-02-14T11:06:10.429Z"}
{"level":"info","message":"Server running on port 3002","timestamp":"2025-02-14T11:06:10.437Z"}
{"level":"warn","message":"MongoDB disconnected. Attempting to reconnect...","timestamp":"2025-02-14T11:08:21.145Z"}
{"level":"info","message":"MongoDB Connected Successfully","timestamp":"2025-02-14T11:10:41.106Z"}
{"level":"info","message":"Server running on port 3002","timestamp":"2025-02-14T11:10:41.120Z"}
{"level":"info","message":"MongoDB Connected Successfully","timestamp":"2025-02-14T11:10:41.861Z"}
{"level":"info","message":"Server running on port 3002","timestamp":"2025-02-14T11:10:41.866Z"}
{"level":"error","message":"Error in voteInPoll: Cannot read properties of undefined (reading 'length')","stack":"TypeError: Cannot read properties of undefined (reading 'length')\n    at voteInPoll (/Users/keshavv/Desktop/dodo/dodo_be_new/src/controllers/block/blockController.ts:460:58)\n    at processTicksAndRejections (node:internal/process/task_queues:95:5)","timestamp":"2025-02-14T11:11:06.166Z"}
{"level":"info","message":"MongoDB Connected Successfully","timestamp":"2025-02-14T11:11:31.533Z"}
{"level":"info","message":"Server running on port 3002","timestamp":"2025-02-14T11:11:31.539Z"}
{"level":"info","message":"MongoDB Connected Successfully","timestamp":"2025-02-14T11:11:42.530Z"}
{"level":"info","message":"Server running on port 3002","timestamp":"2025-02-14T11:11:42.540Z"}
{"level":"error","message":"Error in voteInPoll: Cannot read properties of undefined (reading 'filter')","stack":"TypeError: Cannot read properties of undefined (reading 'filter')\n    at voteInPoll (/Users/keshavv/Desktop/dodo/dodo_be_new/src/controllers/block/blockController.ts:469:38)\n    at processTicksAndRejections (node:internal/process/task_queues:95:5)","timestamp":"2025-02-14T11:11:44.762Z"}
{"level":"info","message":"MongoDB Connected Successfully","timestamp":"2025-02-14T11:11:59.211Z"}
{"level":"info","message":"Server running on port 3002","timestamp":"2025-02-14T11:11:59.224Z"}
{"level":"error","message":"Error in voteInPoll: Cannot read properties of undefined (reading 'filter')","stack":"TypeError: Cannot read properties of undefined (reading 'filter')\n    at voteInPoll (/Users/keshavv/Desktop/dodo/dodo_be_new/src/controllers/block/blockController.ts:471:38)\n    at processTicksAndRejections (node:internal/process/task_queues:95:5)","timestamp":"2025-02-14T11:11:59.986Z"}
{"level":"info","message":"MongoDB Connected Successfully","timestamp":"2025-02-14T11:17:09.934Z"}
{"level":"info","message":"Server running on port 3002","timestamp":"2025-02-14T11:17:09.942Z"}
{"level":"info","message":"MongoDB Connected Successfully","timestamp":"2025-02-14T12:00:20.450Z"}
{"level":"info","message":"Server running on port 3002","timestamp":"2025-02-14T12:00:20.465Z"}
{"_message":"Badge validation failed","errors":{"color":{"kind":"required","message":"Path `color` is required.","name":"ValidatorError","path":"color","properties":{"message":"Path `color` is required.","path":"color","type":"required"}}},"level":"error","message":"Error in createBlock: Badge validation failed: color: Path `color` is required.","stack":"ValidationError: Badge validation failed: color: Path `color` is required.\n    at model.Document.invalidate (/Users/keshavv/Desktop/dodo/dodo_be_new/node_modules/.pnpm/mongoose@8.9.5/node_modules/mongoose/lib/document.js:3334:32)\n    at /Users/keshavv/Desktop/dodo/dodo_be_new/node_modules/.pnpm/mongoose@8.9.5/node_modules/mongoose/lib/document.js:3095:17\n    at /Users/keshavv/Desktop/dodo/dodo_be_new/node_modules/.pnpm/mongoose@8.9.5/node_modules/mongoose/lib/schemaType.js:1407:9\n    at processTicksAndRejections (node:internal/process/task_queues:77:11)","timestamp":"2025-02-14T12:03:39.680Z"}
{"level":"info","message":"MongoDB Connected Successfully","timestamp":"2025-02-14T12:05:11.071Z"}
{"level":"info","message":"Server running on port 3002","timestamp":"2025-02-14T12:05:11.080Z"}
{"level":"info","message":"MongoDB Connected Successfully","timestamp":"2025-02-14T12:05:22.269Z"}
{"level":"info","message":"Server running on port 3002","timestamp":"2025-02-14T12:05:22.276Z"}
{"level":"info","message":"MongoDB Connected Successfully","timestamp":"2025-02-14T12:05:35.532Z"}
{"level":"info","message":"Server running on port 3002","timestamp":"2025-02-14T12:05:35.537Z"}
{"level":"error","message":"Error in createBlock: Cannot use 'in' operator to search for 'badge' in {\"title\":\"Lastest Video\",\"url\":\"https://www.youtube.com\",\"badge\":{\"text\":\"Trending #1\",\"color\":\"#FFFFFF\",\"backgroundColor\":\"#FB7053\"}}","stack":"TypeError: Cannot use 'in' operator to search for 'badge' in {\"title\":\"Lastest Video\",\"url\":\"https://www.youtube.com\",\"badge\":{\"text\":\"Trending #1\",\"color\":\"#FFFFFF\",\"backgroundColor\":\"#FB7053\"}}\n    at createBlock (/Users/keshavv/Desktop/dodo/dodo_be_new/src/controllers/block/blockController.ts:75:22)\n    at processTicksAndRejections (node:internal/process/task_queues:95:5)","timestamp":"2025-02-14T13:28:11.729Z"}
{"_message":"Block validation failed","errors":{"dodoPageId":{"kind":"ObjectId","message":"Cast to ObjectId failed for value \"[ '67aa3b1f8b415bdf0dc369fd', '67aa3b1f8b415bdf0dc369fd' ]\" (type Array) at path \"dodoPageId\" because of \"BSONError\"","name":"CastError","path":"dodoPageId","reason":{},"stringValue":"\"[ '67aa3b1f8b415bdf0dc369fd', '67aa3b1f8b415bdf0dc369fd' ]\"","value":["67aa3b1f8b415bdf0dc369fd","67aa3b1f8b415bdf0dc369fd"],"valueType":"Array"}},"level":"error","message":"Error in createBlock: Block validation failed: dodoPageId: Cast to ObjectId failed for value \"[ '67aa3b1f8b415bdf0dc369fd', '67aa3b1f8b415bdf0dc369fd' ]\" (type Array) at path \"dodoPageId\" because of \"BSONError\"","stack":"ValidationError: Block validation failed: dodoPageId: Cast to ObjectId failed for value \"[ '67aa3b1f8b415bdf0dc369fd', '67aa3b1f8b415bdf0dc369fd' ]\" (type Array) at path \"dodoPageId\" because of \"BSONError\"\n    at model.Document.invalidate (/Users/keshavv/Desktop/dodo/dodo_be_new/node_modules/.pnpm/mongoose@8.9.5/node_modules/mongoose/lib/document.js:3334:32)\n    at model.$set (/Users/keshavv/Desktop/dodo/dodo_be_new/node_modules/.pnpm/mongoose@8.9.5/node_modules/mongoose/lib/document.js:1485:12)\n    at model.$set (/Users/keshavv/Desktop/dodo/dodo_be_new/node_modules/.pnpm/mongoose@8.9.5/node_modules/mongoose/lib/document.js:1137:16)\n    at model.Document (/Users/keshavv/Desktop/dodo/dodo_be_new/node_modules/.pnpm/mongoose@8.9.5/node_modules/mongoose/lib/document.js:178:12)\n    at model.Model (/Users/keshavv/Desktop/dodo/dodo_be_new/node_modules/.pnpm/mongoose@8.9.5/node_modules/mongoose/lib/model.js:129:12)\n    at new model (/Users/keshavv/Desktop/dodo/dodo_be_new/node_modules/.pnpm/mongoose@8.9.5/node_modules/mongoose/lib/model.js:4656:15)\n    at /Users/keshavv/Desktop/dodo/dodo_be_new/node_modules/.pnpm/mongoose@8.9.5/node_modules/mongoose/lib/model.js:2691:20\n    at Array.map (<anonymous>)\n    at Function.create (/Users/keshavv/Desktop/dodo/dodo_be_new/node_modules/.pnpm/mongoose@8.9.5/node_modules/mongoose/lib/model.js:2679:34)\n    at createBlock (/Users/keshavv/Desktop/dodo/dodo_be_new/src/controllers/block/blockController.ts:63:38)","timestamp":"2025-02-14T13:31:21.120Z"}
{"level":"warn","message":"MongoDB disconnected. Attempting to reconnect...","timestamp":"2025-02-14T14:22:33.078Z"}
{"level":"warn","message":"MongoDB disconnected. Attempting to reconnect...","timestamp":"2025-02-14T14:40:15.003Z"}
{"level":"warn","message":"MongoDB disconnected. Attempting to reconnect...","timestamp":"2025-02-14T15:15:05.767Z"}
{"level":"warn","message":"MongoDB disconnected. Attempting to reconnect...","timestamp":"2025-02-14T16:22:48.248Z"}
{"level":"warn","message":"MongoDB disconnected. Attempting to reconnect...","timestamp":"2025-02-14T17:11:04.848Z"}
{"level":"info","message":"MongoDB Connected Successfully","timestamp":"2025-02-14T17:26:12.418Z"}
{"level":"info","message":"Server running on port 3002","timestamp":"2025-02-14T17:26:12.429Z"}
{"level":"info","message":"MongoDB Connected Successfully","timestamp":"2025-02-14T17:55:52.991Z"}
{"level":"info","message":"Server running on port 3002","timestamp":"2025-02-14T17:55:52.997Z"}
{"level":"info","message":"MongoDB Connected Successfully","timestamp":"2025-02-16T01:54:50.636Z"}
{"level":"info","message":"Server running on port 3002","timestamp":"2025-02-16T01:54:50.646Z"}
{"code":"LIMIT_UNEXPECTED_FILE","field":"userIdprofilePicture","level":"error","message":"File upload error: Unexpected field","name":"MulterError","stack":"MulterError: Unexpected field\n    at wrappedFileFilter (/Users/keshavv/Desktop/dodo/dodo_be_new/node_modules/.pnpm/multer@1.4.5-lts.1/node_modules/multer/index.js:40:19)\n    at Multipart.<anonymous> (/Users/keshavv/Desktop/dodo/dodo_be_new/node_modules/.pnpm/multer@1.4.5-lts.1/node_modules/multer/lib/make-middleware.js:107:7)\n    at Multipart.emit (node:events:518:28)\n    at HeaderParser.cb (/Users/keshavv/Desktop/dodo/dodo_be_new/node_modules/.pnpm/busboy@1.6.0/node_modules/busboy/lib/types/multipart.js:358:14)\n    at HeaderParser.push (/Users/keshavv/Desktop/dodo/dodo_be_new/node_modules/.pnpm/busboy@1.6.0/node_modules/busboy/lib/types/multipart.js:162:20)\n    at SBMH.ssCb [as _cb] (/Users/keshavv/Desktop/dodo/dodo_be_new/node_modules/.pnpm/busboy@1.6.0/node_modules/busboy/lib/types/multipart.js:394:37)\n    at feed (/Users/keshavv/Desktop/dodo/dodo_be_new/node_modules/.pnpm/streamsearch@1.1.0/node_modules/streamsearch/lib/sbmh.js:248:10)\n    at SBMH.push (/Users/keshavv/Desktop/dodo/dodo_be_new/node_modules/.pnpm/streamsearch@1.1.0/node_modules/streamsearch/lib/sbmh.js:104:16)\n    at Multipart._write (/Users/keshavv/Desktop/dodo/dodo_be_new/node_modules/.pnpm/busboy@1.6.0/node_modules/busboy/lib/types/multipart.js:567:19)\n    at writeOrBuffer (node:internal/streams/writable:572:12)","storageErrors":[],"timestamp":"2025-02-16T02:08:47.294Z"}
{"level":"info","message":"MongoDB Connected Successfully","timestamp":"2025-02-16T02:10:35.293Z"}
{"level":"info","message":"Server running on port 3002","timestamp":"2025-02-16T02:10:35.299Z"}
{"level":"info","message":"MongoDB Connected Successfully","timestamp":"2025-02-16T02:22:35.505Z"}
{"level":"info","message":"Server running on port 3002","timestamp":"2025-02-16T02:22:35.513Z"}
{"level":"info","message":"MongoDB Connected Successfully","timestamp":"2025-02-16T02:23:33.972Z"}
{"level":"info","message":"Server running on port 3002","timestamp":"2025-02-16T02:23:33.981Z"}
{"level":"info","message":"MongoDB Connected Successfully","timestamp":"2025-02-16T02:24:11.782Z"}
{"level":"info","message":"Server running on port 3002","timestamp":"2025-02-16T02:24:11.786Z"}
{"level":"info","message":"MongoDB Connected Successfully","timestamp":"2025-02-16T02:25:43.960Z"}
{"level":"info","message":"Server running on port 3002","timestamp":"2025-02-16T02:25:43.970Z"}
{"level":"info","message":"MongoDB Connected Successfully","timestamp":"2025-02-16T02:25:44.847Z"}
{"level":"info","message":"Server running on port 3002","timestamp":"2025-02-16T02:25:44.851Z"}
{"level":"info","message":"MongoDB Connected Successfully","timestamp":"2025-02-16T02:28:24.443Z"}
{"level":"info","message":"Server running on port 3002","timestamp":"2025-02-16T02:28:24.456Z"}
{"level":"info","message":"MongoDB Connected Successfully","timestamp":"2025-02-16T02:28:38.599Z"}
{"level":"info","message":"Server running on port 3002","timestamp":"2025-02-16T02:28:38.606Z"}
{"level":"info","message":"MongoDB Connected Successfully","timestamp":"2025-02-16T02:53:00.386Z"}
{"level":"info","message":"Server running on port 3002","timestamp":"2025-02-16T02:53:00.395Z"}
{"level":"info","message":"MongoDB Connected Successfully","timestamp":"2025-02-16T02:53:15.056Z"}
{"level":"info","message":"Server running on port 3002","timestamp":"2025-02-16T02:53:15.067Z"}
{"level":"info","message":"MongoDB Connected Successfully","timestamp":"2025-02-16T02:53:33.400Z"}
{"level":"info","message":"Server running on port 3002","timestamp":"2025-02-16T02:53:33.405Z"}
{"level":"info","message":"MongoDB Connected Successfully","timestamp":"2025-02-16T02:55:22.944Z"}
{"level":"info","message":"Server running on port 3002","timestamp":"2025-02-16T02:55:22.954Z"}
{"level":"info","message":"MongoDB Connected Successfully","timestamp":"2025-02-16T03:43:29.579Z"}
{"level":"info","message":"Server running on port 3002","timestamp":"2025-02-16T03:43:29.589Z"}
{"level":"warn","message":"MongoDB disconnected. Attempting to reconnect...","timestamp":"2025-02-16T03:43:45.262Z"}
{"level":"info","message":"MongoDB Connected Successfully","timestamp":"2025-02-16T03:43:46.703Z"}
{"level":"info","message":"Server running on port 3002","timestamp":"2025-02-16T03:43:46.708Z"}
{"level":"info","message":"MongoDB Connected Successfully","timestamp":"2025-02-16T03:43:48.759Z"}
{"level":"info","message":"Server running on port 3002","timestamp":"2025-02-16T03:43:48.764Z"}
{"level":"info","message":"MongoDB Connected Successfully","timestamp":"2025-02-16T03:50:07.351Z"}
{"level":"info","message":"Server running on port 3002","timestamp":"2025-02-16T03:50:07.359Z"}
{"level":"info","message":"MongoDB Connected Successfully","timestamp":"2025-02-16T03:58:20.966Z"}
{"level":"info","message":"Server running on port 3002","timestamp":"2025-02-16T03:58:20.975Z"}
{"level":"info","message":"MongoDB Connected Successfully","timestamp":"2025-02-16T03:58:43.022Z"}
{"level":"info","message":"Server running on port 3002","timestamp":"2025-02-16T03:58:43.033Z"}
{"level":"info","message":"MongoDB Connected Successfully","timestamp":"2025-02-16T03:59:03.436Z"}
{"level":"info","message":"Server running on port 3002","timestamp":"2025-02-16T03:59:03.443Z"}
{"level":"info","message":"MongoDB Connected Successfully","timestamp":"2025-02-16T03:59:20.874Z"}
{"level":"info","message":"Server running on port 3002","timestamp":"2025-02-16T03:59:20.881Z"}
{"level":"info","message":"MongoDB Connected Successfully","timestamp":"2025-02-16T04:04:22.670Z"}
{"level":"info","message":"Server running on port 3002","timestamp":"2025-02-16T04:04:22.678Z"}
{"level":"info","message":"MongoDB Connected Successfully","timestamp":"2025-02-16T04:05:20.671Z"}
{"level":"info","message":"Server running on port 3002","timestamp":"2025-02-16T04:05:20.685Z"}
{"level":"info","message":"MongoDB Connected Successfully","timestamp":"2025-02-16T04:05:34.160Z"}
{"level":"info","message":"Server running on port 3002","timestamp":"2025-02-16T04:05:34.163Z"}
{"level":"info","message":"MongoDB Connected Successfully","timestamp":"2025-02-16T04:07:04.722Z"}
{"level":"info","message":"Server running on port 3002","timestamp":"2025-02-16T04:07:04.726Z"}
{"level":"info","message":"MongoDB Connected Successfully","timestamp":"2025-02-16T04:07:37.222Z"}
{"level":"info","message":"Server running on port 3002","timestamp":"2025-02-16T04:07:37.228Z"}
{"level":"info","message":"MongoDB Connected Successfully","timestamp":"2025-02-16T04:08:15.967Z"}
{"level":"info","message":"Server running on port 3002","timestamp":"2025-02-16T04:08:15.972Z"}
{"level":"warn","message":"MongoDB disconnected. Attempting to reconnect...","timestamp":"2025-02-16T04:14:54.609Z"}
{"level":"info","message":"MongoDB Connected Successfully","timestamp":"2025-02-16T04:14:59.836Z"}
{"level":"info","message":"Server running on port 3002","timestamp":"2025-02-16T04:14:59.849Z"}
{"level":"info","message":"MongoDB Connected Successfully","timestamp":"2025-02-16T04:15:16.094Z"}
{"level":"info","message":"Server running on port 3002","timestamp":"2025-02-16T04:15:16.097Z"}
{"level":"info","message":"MongoDB Connected Successfully","timestamp":"2025-02-16T04:15:20.562Z"}
{"level":"info","message":"Server running on port 3002","timestamp":"2025-02-16T04:15:20.566Z"}
{"level":"info","message":"MongoDB Connected Successfully","timestamp":"2025-02-16T04:15:25.602Z"}
{"level":"info","message":"Server running on port 3002","timestamp":"2025-02-16T04:15:25.605Z"}
{"level":"info","message":"MongoDB Connected Successfully","timestamp":"2025-02-16T05:17:36.737Z"}
{"level":"info","message":"Server running on port 3002","timestamp":"2025-02-16T05:17:36.746Z"}
{"level":"info","message":"MongoDB Connected Successfully","timestamp":"2025-02-16T05:17:39.698Z"}
{"level":"info","message":"Server running on port 3002","timestamp":"2025-02-16T05:17:39.705Z"}
{"_message":"DodoPage validation failed","errors":{"name":{"kind":"required","message":"Path `name` is required.","name":"ValidatorError","path":"name","properties":{"message":"Path `name` is required.","path":"name","type":"required","value":null},"value":null}},"level":"error","message":"Error in updateDodoPage: DodoPage validation failed: name: Path `name` is required.","stack":"ValidationError: DodoPage validation failed: name: Path `name` is required.\n    at model.Document.invalidate (/Users/keshavv/Desktop/dodo/dodo_be_new/node_modules/.pnpm/mongoose@8.9.5/node_modules/mongoose/lib/document.js:3334:32)\n    at /Users/keshavv/Desktop/dodo/dodo_be_new/node_modules/.pnpm/mongoose@8.9.5/node_modules/mongoose/lib/document.js:3095:17\n    at /Users/keshavv/Desktop/dodo/dodo_be_new/node_modules/.pnpm/mongoose@8.9.5/node_modules/mongoose/lib/schemaType.js:1407:9\n    at processTicksAndRejections (node:internal/process/task_queues:77:11)","timestamp":"2025-02-16T05:19:30.654Z"}
{"level":"warn","message":"MongoDB disconnected. Attempting to reconnect...","timestamp":"2025-02-16T06:08:54.611Z"}
{"_message":"DodoPage validation failed","errors":{"socialLinks.0":{"kind":"string","message":"Cast to string failed for value \"{\n  key: 'website',\n  value: 'https://www.figma.com/design/IjUx9uSrWzfF38tHQvlh3q/DODO?node-id=364-1858&p=f&t=dwRCOh91lzCOtP3J-0'\n}\" (type Object) at path \"socialLinks.$*\"","name":"CastError","path":"socialLinks.$*","reason":null,"stringValue":"\"{\n  key: 'website',\n  value: 'https://www.figma.com/design/IjUx9uSrWzfF38tHQvlh3q/DODO?node-id=364-1858&p=f&t=dwRCOh91lzCOtP3J-0'\n}\"","value":{"key":"website","value":"https://www.figma.com/design/IjUx9uSrWzfF38tHQvlh3q/DODO?node-id=364-1858&p=f&t=dwRCOh91lzCOtP3J-0"},"valueType":"Object"},"socialLinks.1":{"kind":"string","message":"Cast to string failed for value \"{ key: 'instagram', value: '' }\" (type Object) at path \"socialLinks.$*\"","name":"CastError","path":"socialLinks.$*","reason":null,"stringValue":"\"{ key: 'instagram', value: '' }\"","value":{"key":"instagram","value":""},"valueType":"Object"},"socialLinks.10":{"kind":"string","message":"Cast to string failed for value \"{ key: 'dribble', value: '' }\" (type Object) at path \"socialLinks.$*\"","name":"CastError","path":"socialLinks.$*","reason":null,"stringValue":"\"{ key: 'dribble', value: '' }\"","value":{"key":"dribble","value":""},"valueType":"Object"},"socialLinks.11":{"kind":"string","message":"Cast to string failed for value \"{ key: 'email', value: '' }\" (type Object) at path \"socialLinks.$*\"","name":"CastError","path":"socialLinks.$*","reason":null,"stringValue":"\"{ key: 'email', value: '' }\"","value":{"key":"email","value":""},"valueType":"Object"},"socialLinks.2":{"kind":"string","message":"Cast to string failed for value \"{ key: 'facebook', value: '' }\" (type Object) at path \"socialLinks.$*\"","name":"CastError","path":"socialLinks.$*","reason":null,"stringValue":"\"{ key: 'facebook', value: '' }\"","value":{"key":"facebook","value":""},"valueType":"Object"},"socialLinks.3":{"kind":"string","message":"Cast to string failed for value \"{ key: 'youtube', value: '' }\" (type Object) at path \"socialLinks.$*\"","name":"CastError","path":"socialLinks.$*","reason":null,"stringValue":"\"{ key: 'youtube', value: '' }\"","value":{"key":"youtube","value":""},"valueType":"Object"},"socialLinks.4":{"kind":"string","message":"Cast to string failed for value \"{ key: 'telegram', value: '' }\" (type Object) at path \"socialLinks.$*\"","name":"CastError","path":"socialLinks.$*","reason":null,"stringValue":"\"{ key: 'telegram', value: '' }\"","value":{"key":"telegram","value":""},"valueType":"Object"},"socialLinks.5":{"kind":"string","message":"Cast to string failed for value \"{ key: 'snapchat', value: '' }\" (type Object) at path \"socialLinks.$*\"","name":"CastError","path":"socialLinks.$*","reason":null,"stringValue":"\"{ key: 'snapchat', value: '' }\"","value":{"key":"snapchat","value":""},"valueType":"Object"},"socialLinks.6":{"kind":"string","message":"Cast to string failed for value \"{ key: 'twitter', value: '' }\" (type Object) at path \"socialLinks.$*\"","name":"CastError","path":"socialLinks.$*","reason":null,"stringValue":"\"{ key: 'twitter', value: '' }\"","value":{"key":"twitter","value":""},"valueType":"Object"},"socialLinks.7":{"kind":"string","message":"Cast to string failed for value \"{ key: 'github', value: '' }\" (type Object) at path \"socialLinks.$*\"","name":"CastError","path":"socialLinks.$*","reason":null,"stringValue":"\"{ key: 'github', value: '' }\"","value":{"key":"github","value":""},"valueType":"Object"},"socialLinks.8":{"kind":"string","message":"Cast to string failed for value \"{ key: 'discord', value: '' }\" (type Object) at path \"socialLinks.$*\"","name":"CastError","path":"socialLinks.$*","reason":null,"stringValue":"\"{ key: 'discord', value: '' }\"","value":{"key":"discord","value":""},"valueType":"Object"},"socialLinks.9":{"kind":"string","message":"Cast to string failed for value \"{ key: 'behance', value: '' }\" (type Object) at path \"socialLinks.$*\"","name":"CastError","path":"socialLinks.$*","reason":null,"stringValue":"\"{ key: 'behance', value: '' }\"","value":{"key":"behance","value":""},"valueType":"Object"}},"level":"error","message":"Error in updateDodoPage: DodoPage validation failed: socialLinks.0: Cast to string failed for value \"{\n  key: 'website',\n  value: 'https://www.figma.com/design/IjUx9uSrWzfF38tHQvlh3q/DODO?node-id=364-1858&p=f&t=dwRCOh91lzCOtP3J-0'\n}\" (type Object) at path \"socialLinks.$*\", socialLinks.1: Cast to string failed for value \"{ key: 'instagram', value: '' }\" (type Object) at path \"socialLinks.$*\", socialLinks.2: Cast to string failed for value \"{ key: 'facebook', value: '' }\" (type Object) at path \"socialLinks.$*\", socialLinks.3: Cast to string failed for value \"{ key: 'youtube', value: '' }\" (type Object) at path \"socialLinks.$*\", socialLinks.4: Cast to string failed for value \"{ key: 'telegram', value: '' }\" (type Object) at path \"socialLinks.$*\", socialLinks.5: Cast to string failed for value \"{ key: 'snapchat', value: '' }\" (type Object) at path \"socialLinks.$*\", socialLinks.6: Cast to string failed for value \"{ key: 'twitter', value: '' }\" (type Object) at path \"socialLinks.$*\", socialLinks.7: Cast to string failed for value \"{ key: 'github', value: '' }\" (type Object) at path \"socialLinks.$*\", socialLinks.8: Cast to string failed for value \"{ key: 'discord', value: '' }\" (type Object) at path \"socialLinks.$*\", socialLinks.9: Cast to string failed for value \"{ key: 'behance', value: '' }\" (type Object) at path \"socialLinks.$*\", socialLinks.10: Cast to string failed for value \"{ key: 'dribble', value: '' }\" (type Object) at path \"socialLinks.$*\", socialLinks.11: Cast to string failed for value \"{ key: 'email', value: '' }\" (type Object) at path \"socialLinks.$*\"","stack":"ValidationError: DodoPage validation failed: socialLinks.0: Cast to string failed for value \"{\n  key: 'website',\n  value: 'https://www.figma.com/design/IjUx9uSrWzfF38tHQvlh3q/DODO?node-id=364-1858&p=f&t=dwRCOh91lzCOtP3J-0'\n}\" (type Object) at path \"socialLinks.$*\", socialLinks.1: Cast to string failed for value \"{ key: 'instagram', value: '' }\" (type Object) at path \"socialLinks.$*\", socialLinks.2: Cast to string failed for value \"{ key: 'facebook', value: '' }\" (type Object) at path \"socialLinks.$*\", socialLinks.3: Cast to string failed for value \"{ key: 'youtube', value: '' }\" (type Object) at path \"socialLinks.$*\", socialLinks.4: Cast to string failed for value \"{ key: 'telegram', value: '' }\" (type Object) at path \"socialLinks.$*\", socialLinks.5: Cast to string failed for value \"{ key: 'snapchat', value: '' }\" (type Object) at path \"socialLinks.$*\", socialLinks.6: Cast to string failed for value \"{ key: 'twitter', value: '' }\" (type Object) at path \"socialLinks.$*\", socialLinks.7: Cast to string failed for value \"{ key: 'github', value: '' }\" (type Object) at path \"socialLinks.$*\", socialLinks.8: Cast to string failed for value \"{ key: 'discord', value: '' }\" (type Object) at path \"socialLinks.$*\", socialLinks.9: Cast to string failed for value \"{ key: 'behance', value: '' }\" (type Object) at path \"socialLinks.$*\", socialLinks.10: Cast to string failed for value \"{ key: 'dribble', value: '' }\" (type Object) at path \"socialLinks.$*\", socialLinks.11: Cast to string failed for value \"{ key: 'email', value: '' }\" (type Object) at path \"socialLinks.$*\"\n    at model.Document.invalidate (/Users/keshavv/Desktop/dodo/dodo_be_new/node_modules/.pnpm/mongoose@8.9.5/node_modules/mongoose/lib/document.js:3334:32)\n    at MongooseMap.set (/Users/keshavv/Desktop/dodo/dodo_be_new/node_modules/.pnpm/mongoose@8.9.5/node_modules/mongoose/lib/types/map.js:151:26)\n    at /Users/keshavv/Desktop/dodo/dodo_be_new/src/controllers/dodoPage/dodoPageController.ts:287:32\n    at Map.forEach (<anonymous>)\n    at updateDodoPage (/Users/keshavv/Desktop/dodo/dodo_be_new/src/controllers/dodoPage/dodoPageController.ts:286:24)\n    at processTicksAndRejections (node:internal/process/task_queues:95:5)","timestamp":"2025-02-16T06:29:05.157Z"}
{"level":"info","message":"MongoDB Connected Successfully","timestamp":"2025-02-16T06:29:43.813Z"}
{"level":"info","message":"Server running on port 3002","timestamp":"2025-02-16T06:29:43.821Z"}
{"level":"info","message":"MongoDB Connected Successfully","timestamp":"2025-02-16T06:29:45.593Z"}
{"level":"info","message":"Server running on port 3002","timestamp":"2025-02-16T06:29:45.597Z"}
{"_message":"DodoPage validation failed","errors":{"socialLinks.0":{"kind":"string","message":"Cast to string failed for value \"{ key: 'website', value: '' }\" (type Object) at path \"socialLinks.$*\"","name":"CastError","path":"socialLinks.$*","reason":null,"stringValue":"\"{ key: 'website', value: '' }\"","value":{"key":"website","value":""},"valueType":"Object"},"socialLinks.1":{"kind":"string","message":"Cast to string failed for value \"{ key: 'instagram', value: 'ss' }\" (type Object) at path \"socialLinks.$*\"","name":"CastError","path":"socialLinks.$*","reason":null,"stringValue":"\"{ key: 'instagram', value: 'ss' }\"","value":{"key":"instagram","value":"ss"},"valueType":"Object"},"socialLinks.10":{"kind":"string","message":"Cast to string failed for value \"{ key: 'dribble', value: '' }\" (type Object) at path \"socialLinks.$*\"","name":"CastError","path":"socialLinks.$*","reason":null,"stringValue":"\"{ key: 'dribble', value: '' }\"","value":{"key":"dribble","value":""},"valueType":"Object"},"socialLinks.11":{"kind":"string","message":"Cast to string failed for value \"{ key: 'email', value: '' }\" (type Object) at path \"socialLinks.$*\"","name":"CastError","path":"socialLinks.$*","reason":null,"stringValue":"\"{ key: 'email', value: '' }\"","value":{"key":"email","value":""},"valueType":"Object"},"socialLinks.2":{"kind":"string","message":"Cast to string failed for value \"{ key: 'facebook', value: '' }\" (type Object) at path \"socialLinks.$*\"","name":"CastError","path":"socialLinks.$*","reason":null,"stringValue":"\"{ key: 'facebook', value: '' }\"","value":{"key":"facebook","value":""},"valueType":"Object"},"socialLinks.3":{"kind":"string","message":"Cast to string failed for value \"{ key: 'youtube', value: '' }\" (type Object) at path \"socialLinks.$*\"","name":"CastError","path":"socialLinks.$*","reason":null,"stringValue":"\"{ key: 'youtube', value: '' }\"","value":{"key":"youtube","value":""},"valueType":"Object"},"socialLinks.4":{"kind":"string","message":"Cast to string failed for value \"{ key: 'telegram', value: '' }\" (type Object) at path \"socialLinks.$*\"","name":"CastError","path":"socialLinks.$*","reason":null,"stringValue":"\"{ key: 'telegram', value: '' }\"","value":{"key":"telegram","value":""},"valueType":"Object"},"socialLinks.5":{"kind":"string","message":"Cast to string failed for value \"{ key: 'snapchat', value: '' }\" (type Object) at path \"socialLinks.$*\"","name":"CastError","path":"socialLinks.$*","reason":null,"stringValue":"\"{ key: 'snapchat', value: '' }\"","value":{"key":"snapchat","value":""},"valueType":"Object"},"socialLinks.6":{"kind":"string","message":"Cast to string failed for value \"{ key: 'twitter', value: '' }\" (type Object) at path \"socialLinks.$*\"","name":"CastError","path":"socialLinks.$*","reason":null,"stringValue":"\"{ key: 'twitter', value: '' }\"","value":{"key":"twitter","value":""},"valueType":"Object"},"socialLinks.7":{"kind":"string","message":"Cast to string failed for value \"{ key: 'github', value: '' }\" (type Object) at path \"socialLinks.$*\"","name":"CastError","path":"socialLinks.$*","reason":null,"stringValue":"\"{ key: 'github', value: '' }\"","value":{"key":"github","value":""},"valueType":"Object"},"socialLinks.8":{"kind":"string","message":"Cast to string failed for value \"{ key: 'discord', value: '' }\" (type Object) at path \"socialLinks.$*\"","name":"CastError","path":"socialLinks.$*","reason":null,"stringValue":"\"{ key: 'discord', value: '' }\"","value":{"key":"discord","value":""},"valueType":"Object"},"socialLinks.9":{"kind":"string","message":"Cast to string failed for value \"{ key: 'behance', value: '' }\" (type Object) at path \"socialLinks.$*\"","name":"CastError","path":"socialLinks.$*","reason":null,"stringValue":"\"{ key: 'behance', value: '' }\"","value":{"key":"behance","value":""},"valueType":"Object"}},"level":"error","message":"Error in updateDodoPage: DodoPage validation failed: socialLinks.0: Cast to string failed for value \"{ key: 'website', value: '' }\" (type Object) at path \"socialLinks.$*\", socialLinks.1: Cast to string failed for value \"{ key: 'instagram', value: 'ss' }\" (type Object) at path \"socialLinks.$*\", socialLinks.2: Cast to string failed for value \"{ key: 'facebook', value: '' }\" (type Object) at path \"socialLinks.$*\", socialLinks.3: Cast to string failed for value \"{ key: 'youtube', value: '' }\" (type Object) at path \"socialLinks.$*\", socialLinks.4: Cast to string failed for value \"{ key: 'telegram', value: '' }\" (type Object) at path \"socialLinks.$*\", socialLinks.5: Cast to string failed for value \"{ key: 'snapchat', value: '' }\" (type Object) at path \"socialLinks.$*\", socialLinks.6: Cast to string failed for value \"{ key: 'twitter', value: '' }\" (type Object) at path \"socialLinks.$*\", socialLinks.7: Cast to string failed for value \"{ key: 'github', value: '' }\" (type Object) at path \"socialLinks.$*\", socialLinks.8: Cast to string failed for value \"{ key: 'discord', value: '' }\" (type Object) at path \"socialLinks.$*\", socialLinks.9: Cast to string failed for value \"{ key: 'behance', value: '' }\" (type Object) at path \"socialLinks.$*\", socialLinks.10: Cast to string failed for value \"{ key: 'dribble', value: '' }\" (type Object) at path \"socialLinks.$*\", socialLinks.11: Cast to string failed for value \"{ key: 'email', value: '' }\" (type Object) at path \"socialLinks.$*\"","stack":"ValidationError: DodoPage validation failed: socialLinks.0: Cast to string failed for value \"{ key: 'website', value: '' }\" (type Object) at path \"socialLinks.$*\", socialLinks.1: Cast to string failed for value \"{ key: 'instagram', value: 'ss' }\" (type Object) at path \"socialLinks.$*\", socialLinks.2: Cast to string failed for value \"{ key: 'facebook', value: '' }\" (type Object) at path \"socialLinks.$*\", socialLinks.3: Cast to string failed for value \"{ key: 'youtube', value: '' }\" (type Object) at path \"socialLinks.$*\", socialLinks.4: Cast to string failed for value \"{ key: 'telegram', value: '' }\" (type Object) at path \"socialLinks.$*\", socialLinks.5: Cast to string failed for value \"{ key: 'snapchat', value: '' }\" (type Object) at path \"socialLinks.$*\", socialLinks.6: Cast to string failed for value \"{ key: 'twitter', value: '' }\" (type Object) at path \"socialLinks.$*\", socialLinks.7: Cast to string failed for value \"{ key: 'github', value: '' }\" (type Object) at path \"socialLinks.$*\", socialLinks.8: Cast to string failed for value \"{ key: 'discord', value: '' }\" (type Object) at path \"socialLinks.$*\", socialLinks.9: Cast to string failed for value \"{ key: 'behance', value: '' }\" (type Object) at path \"socialLinks.$*\", socialLinks.10: Cast to string failed for value \"{ key: 'dribble', value: '' }\" (type Object) at path \"socialLinks.$*\", socialLinks.11: Cast to string failed for value \"{ key: 'email', value: '' }\" (type Object) at path \"socialLinks.$*\"\n    at model.Document.invalidate (/Users/keshavv/Desktop/dodo/dodo_be_new/node_modules/.pnpm/mongoose@8.9.5/node_modules/mongoose/lib/document.js:3334:32)\n    at MongooseMap.set (/Users/keshavv/Desktop/dodo/dodo_be_new/node_modules/.pnpm/mongoose@8.9.5/node_modules/mongoose/lib/types/map.js:151:26)\n    at /Users/keshavv/Desktop/dodo/dodo_be_new/src/controllers/dodoPage/dodoPageController.ts:287:32\n    at Map.forEach (<anonymous>)\n    at updateDodoPage (/Users/keshavv/Desktop/dodo/dodo_be_new/src/controllers/dodoPage/dodoPageController.ts:286:24)\n    at processTicksAndRejections (node:internal/process/task_queues:95:5)","timestamp":"2025-02-16T06:30:21.702Z"}
{"_message":"DodoPage validation failed","errors":{"socialLinks.0":{"kind":"string","message":"Cast to string failed for value \"{ key: 'website', value: '' }\" (type Object) at path \"socialLinks.$*\"","name":"CastError","path":"socialLinks.$*","reason":null,"stringValue":"\"{ key: 'website', value: '' }\"","value":{"key":"website","value":""},"valueType":"Object"},"socialLinks.1":{"kind":"string","message":"Cast to string failed for value \"{ key: 'instagram', value: '' }\" (type Object) at path \"socialLinks.$*\"","name":"CastError","path":"socialLinks.$*","reason":null,"stringValue":"\"{ key: 'instagram', value: '' }\"","value":{"key":"instagram","value":""},"valueType":"Object"},"socialLinks.10":{"kind":"string","message":"Cast to string failed for value \"{ key: 'dribble', value: '' }\" (type Object) at path \"socialLinks.$*\"","name":"CastError","path":"socialLinks.$*","reason":null,"stringValue":"\"{ key: 'dribble', value: '' }\"","value":{"key":"dribble","value":""},"valueType":"Object"},"socialLinks.11":{"kind":"string","message":"Cast to string failed for value \"{ key: 'email', value: '' }\" (type Object) at path \"socialLinks.$*\"","name":"CastError","path":"socialLinks.$*","reason":null,"stringValue":"\"{ key: 'email', value: '' }\"","value":{"key":"email","value":""},"valueType":"Object"},"socialLinks.2":{"kind":"string","message":"Cast to string failed for value \"{ key: 'facebook', value: 'https://facebook.com/user' }\" (type Object) at path \"socialLinks.$*\"","name":"CastError","path":"socialLinks.$*","reason":null,"stringValue":"\"{ key: 'facebook', value: 'https://facebook.com/user' }\"","value":{"key":"facebook","value":"https://facebook.com/user"},"valueType":"Object"},"socialLinks.3":{"kind":"string","message":"Cast to string failed for value \"{ key: 'youtube', value: 'eewe' }\" (type Object) at path \"socialLinks.$*\"","name":"CastError","path":"socialLinks.$*","reason":null,"stringValue":"\"{ key: 'youtube', value: 'eewe' }\"","value":{"key":"youtube","value":"eewe"},"valueType":"Object"},"socialLinks.4":{"kind":"string","message":"Cast to string failed for value \"{ key: 'telegram', value: 'erwef' }\" (type Object) at path \"socialLinks.$*\"","name":"CastError","path":"socialLinks.$*","reason":null,"stringValue":"\"{ key: 'telegram', value: 'erwef' }\"","value":{"key":"telegram","value":"erwef"},"valueType":"Object"},"socialLinks.5":{"kind":"string","message":"Cast to string failed for value \"{ key: 'snapchat', value: '' }\" (type Object) at path \"socialLinks.$*\"","name":"CastError","path":"socialLinks.$*","reason":null,"stringValue":"\"{ key: 'snapchat', value: '' }\"","value":{"key":"snapchat","value":""},"valueType":"Object"},"socialLinks.6":{"kind":"string","message":"Cast to string failed for value \"{ key: 'twitter', value: '' }\" (type Object) at path \"socialLinks.$*\"","name":"CastError","path":"socialLinks.$*","reason":null,"stringValue":"\"{ key: 'twitter', value: '' }\"","value":{"key":"twitter","value":""},"valueType":"Object"},"socialLinks.7":{"kind":"string","message":"Cast to string failed for value \"{ key: 'github', value: '' }\" (type Object) at path \"socialLinks.$*\"","name":"CastError","path":"socialLinks.$*","reason":null,"stringValue":"\"{ key: 'github', value: '' }\"","value":{"key":"github","value":""},"valueType":"Object"},"socialLinks.8":{"kind":"string","message":"Cast to string failed for value \"{ key: 'discord', value: '' }\" (type Object) at path \"socialLinks.$*\"","name":"CastError","path":"socialLinks.$*","reason":null,"stringValue":"\"{ key: 'discord', value: '' }\"","value":{"key":"discord","value":""},"valueType":"Object"},"socialLinks.9":{"kind":"string","message":"Cast to string failed for value \"{ key: 'behance', value: '' }\" (type Object) at path \"socialLinks.$*\"","name":"CastError","path":"socialLinks.$*","reason":null,"stringValue":"\"{ key: 'behance', value: '' }\"","value":{"key":"behance","value":""},"valueType":"Object"}},"level":"error","message":"Error in updateDodoPage: DodoPage validation failed: socialLinks.0: Cast to string failed for value \"{ key: 'website', value: '' }\" (type Object) at path \"socialLinks.$*\", socialLinks.1: Cast to string failed for value \"{ key: 'instagram', value: '' }\" (type Object) at path \"socialLinks.$*\", socialLinks.2: Cast to string failed for value \"{ key: 'facebook', value: 'https://facebook.com/user' }\" (type Object) at path \"socialLinks.$*\", socialLinks.3: Cast to string failed for value \"{ key: 'youtube', value: 'eewe' }\" (type Object) at path \"socialLinks.$*\", socialLinks.4: Cast to string failed for value \"{ key: 'telegram', value: 'erwef' }\" (type Object) at path \"socialLinks.$*\", socialLinks.5: Cast to string failed for value \"{ key: 'snapchat', value: '' }\" (type Object) at path \"socialLinks.$*\", socialLinks.6: Cast to string failed for value \"{ key: 'twitter', value: '' }\" (type Object) at path \"socialLinks.$*\", socialLinks.7: Cast to string failed for value \"{ key: 'github', value: '' }\" (type Object) at path \"socialLinks.$*\", socialLinks.8: Cast to string failed for value \"{ key: 'discord', value: '' }\" (type Object) at path \"socialLinks.$*\", socialLinks.9: Cast to string failed for value \"{ key: 'behance', value: '' }\" (type Object) at path \"socialLinks.$*\", socialLinks.10: Cast to string failed for value \"{ key: 'dribble', value: '' }\" (type Object) at path \"socialLinks.$*\", socialLinks.11: Cast to string failed for value \"{ key: 'email', value: '' }\" (type Object) at path \"socialLinks.$*\"","stack":"ValidationError: DodoPage validation failed: socialLinks.0: Cast to string failed for value \"{ key: 'website', value: '' }\" (type Object) at path \"socialLinks.$*\", socialLinks.1: Cast to string failed for value \"{ key: 'instagram', value: '' }\" (type Object) at path \"socialLinks.$*\", socialLinks.2: Cast to string failed for value \"{ key: 'facebook', value: 'https://facebook.com/user' }\" (type Object) at path \"socialLinks.$*\", socialLinks.3: Cast to string failed for value \"{ key: 'youtube', value: 'eewe' }\" (type Object) at path \"socialLinks.$*\", socialLinks.4: Cast to string failed for value \"{ key: 'telegram', value: 'erwef' }\" (type Object) at path \"socialLinks.$*\", socialLinks.5: Cast to string failed for value \"{ key: 'snapchat', value: '' }\" (type Object) at path \"socialLinks.$*\", socialLinks.6: Cast to string failed for value \"{ key: 'twitter', value: '' }\" (type Object) at path \"socialLinks.$*\", socialLinks.7: Cast to string failed for value \"{ key: 'github', value: '' }\" (type Object) at path \"socialLinks.$*\", socialLinks.8: Cast to string failed for value \"{ key: 'discord', value: '' }\" (type Object) at path \"socialLinks.$*\", socialLinks.9: Cast to string failed for value \"{ key: 'behance', value: '' }\" (type Object) at path \"socialLinks.$*\", socialLinks.10: Cast to string failed for value \"{ key: 'dribble', value: '' }\" (type Object) at path \"socialLinks.$*\", socialLinks.11: Cast to string failed for value \"{ key: 'email', value: '' }\" (type Object) at path \"socialLinks.$*\"\n    at model.Document.invalidate (/Users/keshavv/Desktop/dodo/dodo_be_new/node_modules/.pnpm/mongoose@8.9.5/node_modules/mongoose/lib/document.js:3334:32)\n    at MongooseMap.set (/Users/keshavv/Desktop/dodo/dodo_be_new/node_modules/.pnpm/mongoose@8.9.5/node_modules/mongoose/lib/types/map.js:151:26)\n    at /Users/keshavv/Desktop/dodo/dodo_be_new/src/controllers/dodoPage/dodoPageController.ts:287:32\n    at Map.forEach (<anonymous>)\n    at updateDodoPage (/Users/keshavv/Desktop/dodo/dodo_be_new/src/controllers/dodoPage/dodoPageController.ts:286:24)\n    at processTicksAndRejections (node:internal/process/task_queues:95:5)","timestamp":"2025-02-16T06:40:06.403Z"}
{"level":"warn","message":"MongoDB disconnected. Attempting to reconnect...","timestamp":"2025-02-16T06:58:11.246Z"}
{"level":"warn","message":"MongoDB disconnected. Attempting to reconnect...","timestamp":"2025-02-16T08:25:53.710Z"}
{"level":"info","message":"MongoDB Connected Successfully","timestamp":"2025-02-16T14:18:12.010Z"}
{"level":"info","message":"Server running on port 3002","timestamp":"2025-02-16T14:18:12.019Z"}
{"level":"info","message":"MongoDB Connected Successfully","timestamp":"2025-02-16T14:49:53.734Z"}
{"level":"info","message":"Server running on port 3002","timestamp":"2025-02-16T14:49:53.742Z"}
{"level":"info","message":"MongoDB Connected Successfully","timestamp":"2025-02-16T14:51:32.103Z"}
{"level":"info","message":"Server running on port 3002","timestamp":"2025-02-16T14:51:32.110Z"}
{"level":"info","message":"MongoDB Connected Successfully","timestamp":"2025-02-16T14:52:23.865Z"}
{"level":"info","message":"Server running on port 3002","timestamp":"2025-02-16T14:52:23.873Z"}
{"level":"info","message":"MongoDB Connected Successfully","timestamp":"2025-02-16T14:54:00.774Z"}
{"level":"info","message":"Server running on port 3002","timestamp":"2025-02-16T14:54:00.784Z"}
{"level":"info","message":"MongoDB Connected Successfully","timestamp":"2025-02-16T14:54:58.391Z"}
{"level":"info","message":"Server running on port 3002","timestamp":"2025-02-16T14:54:58.397Z"}
{"level":"info","message":"MongoDB Connected Successfully","timestamp":"2025-02-16T14:55:03.702Z"}
{"level":"info","message":"Server running on port 3002","timestamp":"2025-02-16T14:55:03.708Z"}
{"level":"info","message":"MongoDB Connected Successfully","timestamp":"2025-02-16T14:55:22.738Z"}
{"level":"info","message":"Server running on port 3002","timestamp":"2025-02-16T14:55:22.747Z"}
{"level":"info","message":"MongoDB Connected Successfully","timestamp":"2025-02-16T14:55:30.173Z"}
{"level":"info","message":"Server running on port 3002","timestamp":"2025-02-16T14:55:30.182Z"}
{"level":"info","message":"MongoDB Connected Successfully","timestamp":"2025-02-16T15:10:18.450Z"}
{"level":"info","message":"Server running on port 3002","timestamp":"2025-02-16T15:10:18.459Z"}
{"level":"info","message":"MongoDB Connected Successfully","timestamp":"2025-02-16T15:12:28.479Z"}
{"level":"info","message":"Server running on port 3002","timestamp":"2025-02-16T15:12:28.497Z"}
{"level":"info","message":"MongoDB Connected Successfully","timestamp":"2025-02-16T15:44:07.667Z"}
{"level":"info","message":"Server running on port 3002","timestamp":"2025-02-16T15:44:07.680Z"}
{"level":"info","message":"MongoDB Connected Successfully","timestamp":"2025-02-16T15:44:19.711Z"}
{"level":"info","message":"Server running on port 3002","timestamp":"2025-02-16T15:44:19.716Z"}
{"level":"info","message":"MongoDB Connected Successfully","timestamp":"2025-02-16T15:44:23.081Z"}
{"level":"info","message":"Server running on port 3002","timestamp":"2025-02-16T15:44:23.087Z"}
{"level":"warn","message":"MongoDB disconnected. Attempting to reconnect...","timestamp":"2025-02-16T15:44:31.270Z"}
{"level":"info","message":"MongoDB Connected Successfully","timestamp":"2025-02-16T15:45:32.344Z"}
{"level":"info","message":"Server running on port 3002","timestamp":"2025-02-16T15:45:32.352Z"}
{"level":"info","message":"MongoDB Connected Successfully","timestamp":"2025-02-16T15:45:36.961Z"}
{"level":"info","message":"Server running on port 3002","timestamp":"2025-02-16T15:45:36.966Z"}
{"level":"info","message":"MongoDB Connected Successfully","timestamp":"2025-02-16T15:46:34.801Z"}
{"level":"info","message":"Server running on port 3002","timestamp":"2025-02-16T15:46:34.809Z"}
{"level":"info","message":"MongoDB Connected Successfully","timestamp":"2025-02-16T15:46:44.706Z"}
{"level":"info","message":"Server running on port 3002","timestamp":"2025-02-16T15:46:44.708Z"}
{"level":"info","message":"MongoDB Connected Successfully","timestamp":"2025-02-16T15:46:52.190Z"}
{"level":"info","message":"Server running on port 3002","timestamp":"2025-02-16T15:46:52.195Z"}
{"level":"warn","message":"MongoDB disconnected. Attempting to reconnect...","timestamp":"2025-02-16T15:52:21.271Z"}
{"level":"info","message":"MongoDB Connected Successfully","timestamp":"2025-02-16T16:26:31.470Z"}
{"level":"info","message":"Server running on port 3002","timestamp":"2025-02-16T16:26:31.482Z"}
{"level":"info","message":"MongoDB Connected Successfully","timestamp":"2025-02-16T16:44:27.680Z"}
{"level":"info","message":"Server running on port 3002","timestamp":"2025-02-16T16:44:27.693Z"}
{"level":"info","message":"MongoDB Connected Successfully","timestamp":"2025-02-16T16:44:31.360Z"}
{"level":"info","message":"Server running on port 3002","timestamp":"2025-02-16T16:44:31.364Z"}
{"level":"info","message":"MongoDB Connected Successfully","timestamp":"2025-02-16T16:45:12.625Z"}
{"level":"info","message":"Server running on port 3002","timestamp":"2025-02-16T16:45:12.628Z"}
{"level":"info","message":"MongoDB Connected Successfully","timestamp":"2025-02-16T16:45:29.230Z"}
{"level":"info","message":"Server running on port 3002","timestamp":"2025-02-16T16:45:29.237Z"}
{"code":"ERR_HTTP_HEADERS_SENT","level":"error","message":"Error in getBlockById: Cannot set headers after they are sent to the client","stack":"Error: Cannot set headers after they are sent to the client\n    at ServerResponse.setHeader (node:_http_outgoing:655:11)\n    at ServerResponse.header (/Users/keshavv/Desktop/dodo/dodo_be_new/node_modules/.pnpm/express@4.21.2/node_modules/express/lib/response.js:794:10)\n    at ServerResponse.send (/Users/keshavv/Desktop/dodo/dodo_be_new/node_modules/.pnpm/express@4.21.2/node_modules/express/lib/response.js:174:12)\n    at ServerResponse.json (/Users/keshavv/Desktop/dodo/dodo_be_new/node_modules/.pnpm/express@4.21.2/node_modules/express/lib/response.js:278:15)\n    at getBlockById (/Users/keshavv/Desktop/dodo/dodo_be_new/src/controllers/block/blockController.ts:814:23)\n    at processTicksAndRejections (node:internal/process/task_queues:95:5)","timestamp":"2025-02-16T16:45:35.100Z"}
{"level":"info","message":"MongoDB Connected Successfully","timestamp":"2025-02-16T16:45:49.931Z"}
{"level":"info","message":"Server running on port 3002","timestamp":"2025-02-16T16:45:49.938Z"}
{"level":"info","message":"MongoDB Connected Successfully","timestamp":"2025-02-16T16:46:43.546Z"}
{"level":"info","message":"Server running on port 3002","timestamp":"2025-02-16T16:46:43.558Z"}
{"level":"info","message":"MongoDB Connected Successfully","timestamp":"2025-02-16T16:52:44.155Z"}
{"level":"info","message":"Server running on port 3002","timestamp":"2025-02-16T16:52:44.168Z"}
{"kind":"ObjectId","level":"error","message":"Error in updateBlock: Cast to ObjectId failed for value \"{ text: 'Woowwwww ', backgroundColor: '#FFCF58', color: '#000000' }\" (type Object) at path \"badge\" because of \"BSONError\"","path":"badge","reason":{},"stack":"CastError: Cast to ObjectId failed for value \"{ text: 'Woowwwww ', backgroundColor: '#FFCF58', color: '#000000' }\" (type Object) at path \"badge\" because of \"BSONError\"\n    at SchemaObjectId.cast (/Users/keshavv/Desktop/dodo/dodo_be_new/node_modules/.pnpm/mongoose@8.9.5/node_modules/mongoose/lib/schema/objectId.js:250:11)\n    at SchemaObjectId.SchemaType.applySetters (/Users/keshavv/Desktop/dodo/dodo_be_new/node_modules/.pnpm/mongoose@8.9.5/node_modules/mongoose/lib/schemaType.js:1255:12)\n    at SchemaObjectId.SchemaType.castForQuery (/Users/keshavv/Desktop/dodo/dodo_be_new/node_modules/.pnpm/mongoose@8.9.5/node_modules/mongoose/lib/schemaType.js:1673:17)\n    at castUpdateVal (/Users/keshavv/Desktop/dodo/dodo_be_new/node_modules/.pnpm/mongoose@8.9.5/node_modules/mongoose/lib/helpers/query/castUpdate.js:618:19)\n    at walkUpdatePath (/Users/keshavv/Desktop/dodo/dodo_be_new/node_modules/.pnpm/mongoose@8.9.5/node_modules/mongoose/lib/helpers/query/castUpdate.js:323:22)\n    at castUpdate (/Users/keshavv/Desktop/dodo/dodo_be_new/node_modules/.pnpm/mongoose@8.9.5/node_modules/mongoose/lib/helpers/query/castUpdate.js:134:7)\n    at model.Query._castUpdate (/Users/keshavv/Desktop/dodo/dodo_be_new/node_modules/.pnpm/mongoose@8.9.5/node_modules/mongoose/lib/query.js:4685:10)\n    at model.Query._findOneAndUpdate (/Users/keshavv/Desktop/dodo/dodo_be_new/node_modules/.pnpm/mongoose@8.9.5/node_modules/mongoose/lib/query.js:3420:23)\n    at model.Query.exec (/Users/keshavv/Desktop/dodo/dodo_be_new/node_modules/.pnpm/mongoose@8.9.5/node_modules/mongoose/lib/query.js:4438:80)\n    at processTicksAndRejections (node:internal/process/task_queues:95:5)","stringValue":"\"{ text: 'Woowwwww ', backgroundColor: '#FFCF58', color: '#000000' }\"","timestamp":"2025-02-16T17:11:50.326Z","value":{"backgroundColor":"#FFCF58","color":"#000000","text":"Woowwwww "},"valueType":"Object"}
{"level":"info","message":"MongoDB Connected Successfully","timestamp":"2025-02-16T17:12:09.443Z"}
{"level":"info","message":"Server running on port 3002","timestamp":"2025-02-16T17:12:09.453Z"}
{"level":"info","message":"MongoDB Connected Successfully","timestamp":"2025-02-16T17:12:10.802Z"}
{"level":"info","message":"Server running on port 3002","timestamp":"2025-02-16T17:12:10.808Z"}
{"level":"info","message":"MongoDB Connected Successfully","timestamp":"2025-02-16T17:12:12.765Z"}
{"level":"info","message":"Server running on port 3002","timestamp":"2025-02-16T17:12:12.769Z"}
{"level":"info","message":"MongoDB Connected Successfully","timestamp":"2025-02-16T17:12:14.173Z"}
{"level":"info","message":"Server running on port 3002","timestamp":"2025-02-16T17:12:14.180Z"}
{"level":"info","message":"MongoDB Connected Successfully","timestamp":"2025-02-16T17:14:33.162Z"}
{"level":"info","message":"Server running on port 3002","timestamp":"2025-02-16T17:14:33.174Z"}
{"level":"info","message":"MongoDB Connected Successfully","timestamp":"2025-02-16T17:15:03.129Z"}
{"level":"info","message":"Server running on port 3002","timestamp":"2025-02-16T17:15:03.131Z"}
{"level":"info","message":"MongoDB Connected Successfully","timestamp":"2025-02-16T17:15:24.311Z"}
{"level":"info","message":"Server running on port 3002","timestamp":"2025-02-16T17:15:24.319Z"}
{"level":"info","message":"MongoDB Connected Successfully","timestamp":"2025-02-16T17:16:18.714Z"}
{"level":"info","message":"Server running on port 3002","timestamp":"2025-02-16T17:16:18.721Z"}
{"level":"info","message":"MongoDB Connected Successfully","timestamp":"2025-02-16T17:18:32.605Z"}
{"level":"info","message":"Server running on port 3002","timestamp":"2025-02-16T17:18:32.617Z"}
{"kind":"ObjectId","level":"error","message":"Error in updateBlock: Cast to ObjectId failed for value \"{ text: 'Woowwwww ', backgroundColor: '#FFCF58', color: '#000000' }\" (type Object) at path \"badge\" because of \"BSONError\"","path":"badge","reason":{},"stack":"CastError: Cast to ObjectId failed for value \"{ text: 'Woowwwww ', backgroundColor: '#FFCF58', color: '#000000' }\" (type Object) at path \"badge\" because of \"BSONError\"\n    at SchemaObjectId.cast (/Users/keshavv/Desktop/dodo/dodo_be_new/node_modules/.pnpm/mongoose@8.9.5/node_modules/mongoose/lib/schema/objectId.js:250:11)\n    at SchemaObjectId.SchemaType.applySetters (/Users/keshavv/Desktop/dodo/dodo_be_new/node_modules/.pnpm/mongoose@8.9.5/node_modules/mongoose/lib/schemaType.js:1255:12)\n    at SchemaObjectId.SchemaType.castForQuery (/Users/keshavv/Desktop/dodo/dodo_be_new/node_modules/.pnpm/mongoose@8.9.5/node_modules/mongoose/lib/schemaType.js:1673:17)\n    at castUpdateVal (/Users/keshavv/Desktop/dodo/dodo_be_new/node_modules/.pnpm/mongoose@8.9.5/node_modules/mongoose/lib/helpers/query/castUpdate.js:618:19)\n    at walkUpdatePath (/Users/keshavv/Desktop/dodo/dodo_be_new/node_modules/.pnpm/mongoose@8.9.5/node_modules/mongoose/lib/helpers/query/castUpdate.js:323:22)\n    at castUpdate (/Users/keshavv/Desktop/dodo/dodo_be_new/node_modules/.pnpm/mongoose@8.9.5/node_modules/mongoose/lib/helpers/query/castUpdate.js:134:7)\n    at model.Query._castUpdate (/Users/keshavv/Desktop/dodo/dodo_be_new/node_modules/.pnpm/mongoose@8.9.5/node_modules/mongoose/lib/query.js:4685:10)\n    at model.Query._findOneAndUpdate (/Users/keshavv/Desktop/dodo/dodo_be_new/node_modules/.pnpm/mongoose@8.9.5/node_modules/mongoose/lib/query.js:3420:23)\n    at model.Query.exec (/Users/keshavv/Desktop/dodo/dodo_be_new/node_modules/.pnpm/mongoose@8.9.5/node_modules/mongoose/lib/query.js:4438:80)\n    at processTicksAndRejections (node:internal/process/task_queues:95:5)","stringValue":"\"{ text: 'Woowwwww ', backgroundColor: '#FFCF58', color: '#000000' }\"","timestamp":"2025-02-16T17:19:34.372Z","value":{"backgroundColor":"#FFCF58","color":"#000000","text":"Woowwwww "},"valueType":"Object"}
{"kind":"ObjectId","level":"error","message":"Error in updateBlock: Cast to ObjectId failed for value \"{ text: 'Woowwwww ', backgroundColor: '#FFCF58', color: '#000000' }\" (type Object) at path \"badge\" because of \"BSONError\"","path":"badge","reason":{},"stack":"CastError: Cast to ObjectId failed for value \"{ text: 'Woowwwww ', backgroundColor: '#FFCF58', color: '#000000' }\" (type Object) at path \"badge\" because of \"BSONError\"\n    at SchemaObjectId.cast (/Users/keshavv/Desktop/dodo/dodo_be_new/node_modules/.pnpm/mongoose@8.9.5/node_modules/mongoose/lib/schema/objectId.js:250:11)\n    at SchemaObjectId.SchemaType.applySetters (/Users/keshavv/Desktop/dodo/dodo_be_new/node_modules/.pnpm/mongoose@8.9.5/node_modules/mongoose/lib/schemaType.js:1255:12)\n    at SchemaObjectId.SchemaType.castForQuery (/Users/keshavv/Desktop/dodo/dodo_be_new/node_modules/.pnpm/mongoose@8.9.5/node_modules/mongoose/lib/schemaType.js:1673:17)\n    at castUpdateVal (/Users/keshavv/Desktop/dodo/dodo_be_new/node_modules/.pnpm/mongoose@8.9.5/node_modules/mongoose/lib/helpers/query/castUpdate.js:618:19)\n    at walkUpdatePath (/Users/keshavv/Desktop/dodo/dodo_be_new/node_modules/.pnpm/mongoose@8.9.5/node_modules/mongoose/lib/helpers/query/castUpdate.js:323:22)\n    at castUpdate (/Users/keshavv/Desktop/dodo/dodo_be_new/node_modules/.pnpm/mongoose@8.9.5/node_modules/mongoose/lib/helpers/query/castUpdate.js:134:7)\n    at model.Query._castUpdate (/Users/keshavv/Desktop/dodo/dodo_be_new/node_modules/.pnpm/mongoose@8.9.5/node_modules/mongoose/lib/query.js:4685:10)\n    at model.Query._findOneAndUpdate (/Users/keshavv/Desktop/dodo/dodo_be_new/node_modules/.pnpm/mongoose@8.9.5/node_modules/mongoose/lib/query.js:3420:23)\n    at model.Query.exec (/Users/keshavv/Desktop/dodo/dodo_be_new/node_modules/.pnpm/mongoose@8.9.5/node_modules/mongoose/lib/query.js:4438:80)\n    at processTicksAndRejections (node:internal/process/task_queues:95:5)","stringValue":"\"{ text: 'Woowwwww ', backgroundColor: '#FFCF58', color: '#000000' }\"","timestamp":"2025-02-16T17:19:57.997Z","value":{"backgroundColor":"#FFCF58","color":"#000000","text":"Woowwwww "},"valueType":"Object"}
{"level":"info","message":"MongoDB Connected Successfully","timestamp":"2025-02-16T17:23:46.030Z"}
{"level":"info","message":"Server running on port 3002","timestamp":"2025-02-16T17:23:46.041Z"}
{"level":"info","message":"MongoDB Connected Successfully","timestamp":"2025-02-16T17:23:53.910Z"}
{"level":"info","message":"Server running on port 3002","timestamp":"2025-02-16T17:23:53.917Z"}
{"level":"warn","message":"MongoDB disconnected. Attempting to reconnect...","timestamp":"2025-02-16T17:32:50.758Z"}
{"_message":"Badge validation failed","errors":{"backgroundColor":{"kind":"required","message":"Path `backgroundColor` is required.","name":"ValidatorError","path":"backgroundColor","properties":{"message":"Path `backgroundColor` is required.","path":"backgroundColor","type":"required","value":""},"value":""},"color":{"kind":"required","message":"Path `color` is required.","name":"ValidatorError","path":"color","properties":{"message":"Path `color` is required.","path":"color","type":"required","value":""},"value":""},"text":{"kind":"required","message":"Path `text` is required.","name":"ValidatorError","path":"text","properties":{"message":"Path `text` is required.","path":"text","type":"required","value":""},"value":""}},"level":"error","message":"Error in createBlock: Badge validation failed: text: Path `text` is required., color: Path `color` is required., backgroundColor: Path `backgroundColor` is required.","stack":"ValidationError: Badge validation failed: text: Path `text` is required., color: Path `color` is required., backgroundColor: Path `backgroundColor` is required.\n    at model.Document.invalidate (/Users/keshavv/Desktop/dodo/dodo_be_new/node_modules/.pnpm/mongoose@8.9.5/node_modules/mongoose/lib/document.js:3334:32)\n    at /Users/keshavv/Desktop/dodo/dodo_be_new/node_modules/.pnpm/mongoose@8.9.5/node_modules/mongoose/lib/document.js:3095:17\n    at /Users/keshavv/Desktop/dodo/dodo_be_new/node_modules/.pnpm/mongoose@8.9.5/node_modules/mongoose/lib/schemaType.js:1407:9\n    at processTicksAndRejections (node:internal/process/task_queues:77:11)","timestamp":"2025-02-16T18:13:37.516Z"}
{"_message":"Badge validation failed","errors":{"backgroundColor":{"kind":"required","message":"Path `backgroundColor` is required.","name":"ValidatorError","path":"backgroundColor","properties":{"message":"Path `backgroundColor` is required.","path":"backgroundColor","type":"required","value":""},"value":""},"color":{"kind":"required","message":"Path `color` is required.","name":"ValidatorError","path":"color","properties":{"message":"Path `color` is required.","path":"color","type":"required","value":""},"value":""},"text":{"kind":"required","message":"Path `text` is required.","name":"ValidatorError","path":"text","properties":{"message":"Path `text` is required.","path":"text","type":"required","value":""},"value":""}},"level":"error","message":"Error in createBlock: Badge validation failed: text: Path `text` is required., color: Path `color` is required., backgroundColor: Path `backgroundColor` is required.","stack":"ValidationError: Badge validation failed: text: Path `text` is required., color: Path `color` is required., backgroundColor: Path `backgroundColor` is required.\n    at model.Document.invalidate (/Users/keshavv/Desktop/dodo/dodo_be_new/node_modules/.pnpm/mongoose@8.9.5/node_modules/mongoose/lib/document.js:3334:32)\n    at /Users/keshavv/Desktop/dodo/dodo_be_new/node_modules/.pnpm/mongoose@8.9.5/node_modules/mongoose/lib/document.js:3095:17\n    at /Users/keshavv/Desktop/dodo/dodo_be_new/node_modules/.pnpm/mongoose@8.9.5/node_modules/mongoose/lib/schemaType.js:1407:9\n    at processTicksAndRejections (node:internal/process/task_queues:77:11)","timestamp":"2025-02-16T18:13:55.154Z"}
{"_message":"Badge validation failed","errors":{"backgroundColor":{"kind":"required","message":"Path `backgroundColor` is required.","name":"ValidatorError","path":"backgroundColor","properties":{"message":"Path `backgroundColor` is required.","path":"backgroundColor","type":"required","value":""},"value":""},"color":{"kind":"required","message":"Path `color` is required.","name":"ValidatorError","path":"color","properties":{"message":"Path `color` is required.","path":"color","type":"required","value":""},"value":""},"text":{"kind":"required","message":"Path `text` is required.","name":"ValidatorError","path":"text","properties":{"message":"Path `text` is required.","path":"text","type":"required","value":""},"value":""}},"level":"error","message":"Error in createBlock: Badge validation failed: text: Path `text` is required., color: Path `color` is required., backgroundColor: Path `backgroundColor` is required.","stack":"ValidationError: Badge validation failed: text: Path `text` is required., color: Path `color` is required., backgroundColor: Path `backgroundColor` is required.\n    at model.Document.invalidate (/Users/keshavv/Desktop/dodo/dodo_be_new/node_modules/.pnpm/mongoose@8.9.5/node_modules/mongoose/lib/document.js:3334:32)\n    at /Users/keshavv/Desktop/dodo/dodo_be_new/node_modules/.pnpm/mongoose@8.9.5/node_modules/mongoose/lib/document.js:3095:17\n    at /Users/keshavv/Desktop/dodo/dodo_be_new/node_modules/.pnpm/mongoose@8.9.5/node_modules/mongoose/lib/schemaType.js:1407:9\n    at processTicksAndRejections (node:internal/process/task_queues:77:11)","timestamp":"2025-02-16T18:13:55.974Z"}
{"level":"warn","message":"MongoDB disconnected. Attempting to reconnect...","timestamp":"2025-02-16T18:47:26.120Z"}
{"level":"info","message":"MongoDB Connected Successfully","timestamp":"2025-02-17T07:38:46.045Z"}
{"level":"info","message":"Server running on port 3002","timestamp":"2025-02-17T07:38:46.054Z"}
{"level":"warn","message":"MongoDB disconnected. Attempting to reconnect...","timestamp":"2025-02-17T09:29:26.124Z"}
{"level":"warn","message":"MongoDB disconnected. Attempting to reconnect...","timestamp":"2025-02-17T10:10:36.965Z"}
{"level":"warn","message":"MongoDB disconnected. Attempting to reconnect...","timestamp":"2025-02-17T10:28:39.572Z"}
{"level":"warn","message":"MongoDB disconnected. Attempting to reconnect...","timestamp":"2025-02-17T10:36:09.864Z"}
{"level":"info","message":"MongoDB Connected Successfully","timestamp":"2025-02-17T11:35:54.300Z"}
{"level":"info","message":"Server running on port 3002","timestamp":"2025-02-17T11:35:54.309Z"}
{"level":"warn","message":"MongoDB disconnected. Attempting to reconnect...","timestamp":"2025-02-17T13:07:00.985Z"}
{"level":"info","message":"MongoDB Connected Successfully","timestamp":"2025-02-17T13:09:34.217Z"}
{"level":"info","message":"Server running on port 3002","timestamp":"2025-02-17T13:09:34.231Z"}
{"level":"warn","message":"MongoDB disconnected. Attempting to reconnect...","timestamp":"2025-02-17T13:26:23.444Z"}
{"level":"warn","message":"MongoDB disconnected. Attempting to reconnect...","timestamp":"2025-02-17T15:22:17.818Z"}
{"level":"warn","message":"MongoDB disconnected. Attempting to reconnect...","timestamp":"2025-02-17T15:29:32.651Z"}
{"level":"warn","message":"MongoDB disconnected. Attempting to reconnect...","timestamp":"2025-02-17T15:33:47.590Z"}
{"level":"warn","message":"MongoDB disconnected. Attempting to reconnect...","timestamp":"2025-02-17T15:44:08.435Z"}
{"_message":"LinkBlock validation failed","errors":{"title":{"kind":"required","message":"Path `title` is required.","name":"ValidatorError","path":"title","properties":{"message":"Path `title` is required.","path":"title","type":"required","value":""},"value":""}},"level":"error","message":"Error in createBlock: LinkBlock validation failed: title: Path `title` is required.","stack":"ValidationError: LinkBlock validation failed: title: Path `title` is required.\n    at model.Document.invalidate (/Users/keshavv/Desktop/dodo/dodo_be_new/node_modules/.pnpm/mongoose@8.9.5/node_modules/mongoose/lib/document.js:3334:32)\n    at /Users/keshavv/Desktop/dodo/dodo_be_new/node_modules/.pnpm/mongoose@8.9.5/node_modules/mongoose/lib/document.js:3095:17\n    at /Users/keshavv/Desktop/dodo/dodo_be_new/node_modules/.pnpm/mongoose@8.9.5/node_modules/mongoose/lib/schemaType.js:1407:9\n    at processTicksAndRejections (node:internal/process/task_queues:77:11)","timestamp":"2025-02-17T15:57:16.977Z"}
{"_message":"LinkBlock validation failed","errors":{"title":{"kind":"required","message":"Path `title` is required.","name":"ValidatorError","path":"title","properties":{"message":"Path `title` is required.","path":"title","type":"required","value":""},"value":""}},"level":"error","message":"Error in createBlock: LinkBlock validation failed: title: Path `title` is required.","stack":"ValidationError: LinkBlock validation failed: title: Path `title` is required.\n    at model.Document.invalidate (/Users/keshavv/Desktop/dodo/dodo_be_new/node_modules/.pnpm/mongoose@8.9.5/node_modules/mongoose/lib/document.js:3334:32)\n    at /Users/keshavv/Desktop/dodo/dodo_be_new/node_modules/.pnpm/mongoose@8.9.5/node_modules/mongoose/lib/document.js:3095:17\n    at /Users/keshavv/Desktop/dodo/dodo_be_new/node_modules/.pnpm/mongoose@8.9.5/node_modules/mongoose/lib/schemaType.js:1407:9\n    at processTicksAndRejections (node:internal/process/task_queues:77:11)","timestamp":"2025-02-17T15:59:10.787Z"}
{"level":"info","message":"MongoDB Connected Successfully","timestamp":"2025-02-17T16:04:54.023Z"}
{"level":"info","message":"Server running on port 3002","timestamp":"2025-02-17T16:04:54.032Z"}
{"level":"info","message":"MongoDB Connected Successfully","timestamp":"2025-02-17T16:07:35.569Z"}
{"level":"info","message":"Server running on port 3002","timestamp":"2025-02-17T16:07:35.577Z"}
{"level":"info","message":"MongoDB Connected Successfully","timestamp":"2025-02-17T17:10:05.812Z"}
{"level":"info","message":"Server running on port 3002","timestamp":"2025-02-17T17:10:05.824Z"}
{"level":"info","message":"MongoDB Connected Successfully","timestamp":"2025-02-17T17:13:02.832Z"}
{"level":"info","message":"Server running on port 3002","timestamp":"2025-02-17T17:13:02.839Z"}
{"level":"info","message":"MongoDB Connected Successfully","timestamp":"2025-02-17T17:13:11.807Z"}
{"level":"info","message":"Server running on port 3002","timestamp":"2025-02-17T17:13:11.813Z"}
{"level":"info","message":"MongoDB Connected Successfully","timestamp":"2025-02-17T17:15:32.332Z"}
{"level":"info","message":"Server running on port 3002","timestamp":"2025-02-17T17:15:32.338Z"}
{"level":"info","message":"MongoDB Connected Successfully","timestamp":"2025-02-17T17:24:48.694Z"}
{"level":"info","message":"Server running on port 3002","timestamp":"2025-02-17T17:24:48.702Z"}
{"level":"info","message":"MongoDB Connected Successfully","timestamp":"2025-02-17T17:28:17.061Z"}
{"level":"info","message":"Server running on port 3002","timestamp":"2025-02-17T17:28:17.072Z"}
{"level":"info","message":"MongoDB Connected Successfully","timestamp":"2025-02-17T17:28:23.945Z"}
{"level":"info","message":"Server running on port 3002","timestamp":"2025-02-17T17:28:23.953Z"}
{"level":"info","message":"MongoDB Connected Successfully","timestamp":"2025-02-17T17:29:17.937Z"}
{"level":"info","message":"Server running on port 3002","timestamp":"2025-02-17T17:29:17.951Z"}
{"level":"info","message":"MongoDB Connected Successfully","timestamp":"2025-02-17T17:33:48.578Z"}
{"level":"info","message":"Server running on port 3002","timestamp":"2025-02-17T17:33:48.585Z"}
{"level":"warn","message":"MongoDB disconnected. Attempting to reconnect...","timestamp":"2025-02-17T18:19:41.072Z"}
{"level":"warn","message":"MongoDB disconnected. Attempting to reconnect...","timestamp":"2025-02-17T19:02:30.021Z"}
{"kind":"ObjectId","level":"error","message":"Error in reorderBlocks: Cast to ObjectId failed for value \"3672c6d1-6396-44ba-8239-7de2c27da9b5\" (type string) at path \"_id\" for model \"Block\"","path":"_id","reason":{},"stack":"CastError: Cast to ObjectId failed for value \"3672c6d1-6396-44ba-8239-7de2c27da9b5\" (type string) at path \"_id\" for model \"Block\"\n    at SchemaObjectId.cast (/Users/keshavv/Desktop/dodo/dodo_be_new/node_modules/.pnpm/mongoose@8.9.5/node_modules/mongoose/lib/schema/objectId.js:250:11)\n    at SchemaObjectId.SchemaType.applySetters (/Users/keshavv/Desktop/dodo/dodo_be_new/node_modules/.pnpm/mongoose@8.9.5/node_modules/mongoose/lib/schemaType.js:1255:12)\n    at SchemaObjectId.SchemaType.castForQuery (/Users/keshavv/Desktop/dodo/dodo_be_new/node_modules/.pnpm/mongoose@8.9.5/node_modules/mongoose/lib/schemaType.js:1673:17)\n    at /Users/keshavv/Desktop/dodo/dodo_be_new/node_modules/.pnpm/mongoose@8.9.5/node_modules/mongoose/lib/schemaType.js:1634:18\n    at Array.map (<anonymous>)\n    at SchemaObjectId.handle$in (/Users/keshavv/Desktop/dodo/dodo_be_new/node_modules/.pnpm/mongoose@8.9.5/node_modules/mongoose/lib/schemaType.js:1630:14)\n    at SchemaObjectId.SchemaType.castForQuery (/Users/keshavv/Desktop/dodo/dodo_be_new/node_modules/.pnpm/mongoose@8.9.5/node_modules/mongoose/lib/schemaType.js:1669:20)\n    at cast (/Users/keshavv/Desktop/dodo/dodo_be_new/node_modules/.pnpm/mongoose@8.9.5/node_modules/mongoose/lib/cast.js:367:39)\n    at model.Query.Query.cast (/Users/keshavv/Desktop/dodo/dodo_be_new/node_modules/.pnpm/mongoose@8.9.5/node_modules/mongoose/lib/query.js:4889:12)\n    at model.Query.Query._castConditions (/Users/keshavv/Desktop/dodo/dodo_be_new/node_modules/.pnpm/mongoose@8.9.5/node_modules/mongoose/lib/query.js:2306:10)","stringValue":"\"3672c6d1-6396-44ba-8239-7de2c27da9b5\"","timestamp":"2025-02-17T20:10:29.959Z","value":"3672c6d1-6396-44ba-8239-7de2c27da9b5","valueType":"string"}
{"kind":"ObjectId","level":"error","message":"Error in reorderBlocks: Cast to ObjectId failed for value \"3672c6d1-6396-44ba-8239-7de2c27da9b5\" (type string) at path \"_id\" for model \"Block\"","path":"_id","reason":{},"stack":"CastError: Cast to ObjectId failed for value \"3672c6d1-6396-44ba-8239-7de2c27da9b5\" (type string) at path \"_id\" for model \"Block\"\n    at SchemaObjectId.cast (/Users/keshavv/Desktop/dodo/dodo_be_new/node_modules/.pnpm/mongoose@8.9.5/node_modules/mongoose/lib/schema/objectId.js:250:11)\n    at SchemaObjectId.SchemaType.applySetters (/Users/keshavv/Desktop/dodo/dodo_be_new/node_modules/.pnpm/mongoose@8.9.5/node_modules/mongoose/lib/schemaType.js:1255:12)\n    at SchemaObjectId.SchemaType.castForQuery (/Users/keshavv/Desktop/dodo/dodo_be_new/node_modules/.pnpm/mongoose@8.9.5/node_modules/mongoose/lib/schemaType.js:1673:17)\n    at /Users/keshavv/Desktop/dodo/dodo_be_new/node_modules/.pnpm/mongoose@8.9.5/node_modules/mongoose/lib/schemaType.js:1634:18\n    at Array.map (<anonymous>)\n    at SchemaObjectId.handle$in (/Users/keshavv/Desktop/dodo/dodo_be_new/node_modules/.pnpm/mongoose@8.9.5/node_modules/mongoose/lib/schemaType.js:1630:14)\n    at SchemaObjectId.SchemaType.castForQuery (/Users/keshavv/Desktop/dodo/dodo_be_new/node_modules/.pnpm/mongoose@8.9.5/node_modules/mongoose/lib/schemaType.js:1669:20)\n    at cast (/Users/keshavv/Desktop/dodo/dodo_be_new/node_modules/.pnpm/mongoose@8.9.5/node_modules/mongoose/lib/cast.js:367:39)\n    at model.Query.Query.cast (/Users/keshavv/Desktop/dodo/dodo_be_new/node_modules/.pnpm/mongoose@8.9.5/node_modules/mongoose/lib/query.js:4889:12)\n    at model.Query.Query._castConditions (/Users/keshavv/Desktop/dodo/dodo_be_new/node_modules/.pnpm/mongoose@8.9.5/node_modules/mongoose/lib/query.js:2306:10)","stringValue":"\"3672c6d1-6396-44ba-8239-7de2c27da9b5\"","timestamp":"2025-02-17T20:10:31.705Z","value":"3672c6d1-6396-44ba-8239-7de2c27da9b5","valueType":"string"}
{"kind":"ObjectId","level":"error","message":"Error in reorderBlocks: Cast to ObjectId failed for value \"3672c6d1-6396-44ba-8239-7de2c27da9b5\" (type string) at path \"_id\" for model \"Block\"","path":"_id","reason":{},"stack":"CastError: Cast to ObjectId failed for value \"3672c6d1-6396-44ba-8239-7de2c27da9b5\" (type string) at path \"_id\" for model \"Block\"\n    at SchemaObjectId.cast (/Users/keshavv/Desktop/dodo/dodo_be_new/node_modules/.pnpm/mongoose@8.9.5/node_modules/mongoose/lib/schema/objectId.js:250:11)\n    at SchemaObjectId.SchemaType.applySetters (/Users/keshavv/Desktop/dodo/dodo_be_new/node_modules/.pnpm/mongoose@8.9.5/node_modules/mongoose/lib/schemaType.js:1255:12)\n    at SchemaObjectId.SchemaType.castForQuery (/Users/keshavv/Desktop/dodo/dodo_be_new/node_modules/.pnpm/mongoose@8.9.5/node_modules/mongoose/lib/schemaType.js:1673:17)\n    at /Users/keshavv/Desktop/dodo/dodo_be_new/node_modules/.pnpm/mongoose@8.9.5/node_modules/mongoose/lib/schemaType.js:1634:18\n    at Array.map (<anonymous>)\n    at SchemaObjectId.handle$in (/Users/keshavv/Desktop/dodo/dodo_be_new/node_modules/.pnpm/mongoose@8.9.5/node_modules/mongoose/lib/schemaType.js:1630:14)\n    at SchemaObjectId.SchemaType.castForQuery (/Users/keshavv/Desktop/dodo/dodo_be_new/node_modules/.pnpm/mongoose@8.9.5/node_modules/mongoose/lib/schemaType.js:1669:20)\n    at cast (/Users/keshavv/Desktop/dodo/dodo_be_new/node_modules/.pnpm/mongoose@8.9.5/node_modules/mongoose/lib/cast.js:367:39)\n    at model.Query.Query.cast (/Users/keshavv/Desktop/dodo/dodo_be_new/node_modules/.pnpm/mongoose@8.9.5/node_modules/mongoose/lib/query.js:4889:12)\n    at model.Query.Query._castConditions (/Users/keshavv/Desktop/dodo/dodo_be_new/node_modules/.pnpm/mongoose@8.9.5/node_modules/mongoose/lib/query.js:2306:10)","stringValue":"\"3672c6d1-6396-44ba-8239-7de2c27da9b5\"","timestamp":"2025-02-17T20:10:33.612Z","value":"3672c6d1-6396-44ba-8239-7de2c27da9b5","valueType":"string"}
{"kind":"ObjectId","level":"error","message":"Error in reorderBlocks: Cast to ObjectId failed for value \"3672c6d1-6396-44ba-8239-7de2c27da9b5\" (type string) at path \"_id\" for model \"Block\"","path":"_id","reason":{},"stack":"CastError: Cast to ObjectId failed for value \"3672c6d1-6396-44ba-8239-7de2c27da9b5\" (type string) at path \"_id\" for model \"Block\"\n    at SchemaObjectId.cast (/Users/keshavv/Desktop/dodo/dodo_be_new/node_modules/.pnpm/mongoose@8.9.5/node_modules/mongoose/lib/schema/objectId.js:250:11)\n    at SchemaObjectId.SchemaType.applySetters (/Users/keshavv/Desktop/dodo/dodo_be_new/node_modules/.pnpm/mongoose@8.9.5/node_modules/mongoose/lib/schemaType.js:1255:12)\n    at SchemaObjectId.SchemaType.castForQuery (/Users/keshavv/Desktop/dodo/dodo_be_new/node_modules/.pnpm/mongoose@8.9.5/node_modules/mongoose/lib/schemaType.js:1673:17)\n    at /Users/keshavv/Desktop/dodo/dodo_be_new/node_modules/.pnpm/mongoose@8.9.5/node_modules/mongoose/lib/schemaType.js:1634:18\n    at Array.map (<anonymous>)\n    at SchemaObjectId.handle$in (/Users/keshavv/Desktop/dodo/dodo_be_new/node_modules/.pnpm/mongoose@8.9.5/node_modules/mongoose/lib/schemaType.js:1630:14)\n    at SchemaObjectId.SchemaType.castForQuery (/Users/keshavv/Desktop/dodo/dodo_be_new/node_modules/.pnpm/mongoose@8.9.5/node_modules/mongoose/lib/schemaType.js:1669:20)\n    at cast (/Users/keshavv/Desktop/dodo/dodo_be_new/node_modules/.pnpm/mongoose@8.9.5/node_modules/mongoose/lib/cast.js:367:39)\n    at model.Query.Query.cast (/Users/keshavv/Desktop/dodo/dodo_be_new/node_modules/.pnpm/mongoose@8.9.5/node_modules/mongoose/lib/query.js:4889:12)\n    at model.Query.Query._castConditions (/Users/keshavv/Desktop/dodo/dodo_be_new/node_modules/.pnpm/mongoose@8.9.5/node_modules/mongoose/lib/query.js:2306:10)","stringValue":"\"3672c6d1-6396-44ba-8239-7de2c27da9b5\"","timestamp":"2025-02-17T20:10:36.708Z","value":"3672c6d1-6396-44ba-8239-7de2c27da9b5","valueType":"string"}
{"kind":"ObjectId","level":"error","message":"Error in reorderBlocks: Cast to ObjectId failed for value \"3672c6d1-6396-44ba-8239-7de2c27da9b5\" (type string) at path \"_id\" for model \"Block\"","path":"_id","reason":{},"stack":"CastError: Cast to ObjectId failed for value \"3672c6d1-6396-44ba-8239-7de2c27da9b5\" (type string) at path \"_id\" for model \"Block\"\n    at SchemaObjectId.cast (/Users/keshavv/Desktop/dodo/dodo_be_new/node_modules/.pnpm/mongoose@8.9.5/node_modules/mongoose/lib/schema/objectId.js:250:11)\n    at SchemaObjectId.SchemaType.applySetters (/Users/keshavv/Desktop/dodo/dodo_be_new/node_modules/.pnpm/mongoose@8.9.5/node_modules/mongoose/lib/schemaType.js:1255:12)\n    at SchemaObjectId.SchemaType.castForQuery (/Users/keshavv/Desktop/dodo/dodo_be_new/node_modules/.pnpm/mongoose@8.9.5/node_modules/mongoose/lib/schemaType.js:1673:17)\n    at /Users/keshavv/Desktop/dodo/dodo_be_new/node_modules/.pnpm/mongoose@8.9.5/node_modules/mongoose/lib/schemaType.js:1634:18\n    at Array.map (<anonymous>)\n    at SchemaObjectId.handle$in (/Users/keshavv/Desktop/dodo/dodo_be_new/node_modules/.pnpm/mongoose@8.9.5/node_modules/mongoose/lib/schemaType.js:1630:14)\n    at SchemaObjectId.SchemaType.castForQuery (/Users/keshavv/Desktop/dodo/dodo_be_new/node_modules/.pnpm/mongoose@8.9.5/node_modules/mongoose/lib/schemaType.js:1669:20)\n    at cast (/Users/keshavv/Desktop/dodo/dodo_be_new/node_modules/.pnpm/mongoose@8.9.5/node_modules/mongoose/lib/cast.js:367:39)\n    at model.Query.Query.cast (/Users/keshavv/Desktop/dodo/dodo_be_new/node_modules/.pnpm/mongoose@8.9.5/node_modules/mongoose/lib/query.js:4889:12)\n    at model.Query.Query._castConditions (/Users/keshavv/Desktop/dodo/dodo_be_new/node_modules/.pnpm/mongoose@8.9.5/node_modules/mongoose/lib/query.js:2306:10)","stringValue":"\"3672c6d1-6396-44ba-8239-7de2c27da9b5\"","timestamp":"2025-02-17T20:10:38.949Z","value":"3672c6d1-6396-44ba-8239-7de2c27da9b5","valueType":"string"}
{"kind":"ObjectId","level":"error","message":"Error in reorderBlocks: Cast to ObjectId failed for value \"3672c6d1-6396-44ba-8239-7de2c27da9b5\" (type string) at path \"_id\" for model \"Block\"","path":"_id","reason":{},"stack":"CastError: Cast to ObjectId failed for value \"3672c6d1-6396-44ba-8239-7de2c27da9b5\" (type string) at path \"_id\" for model \"Block\"\n    at SchemaObjectId.cast (/Users/keshavv/Desktop/dodo/dodo_be_new/node_modules/.pnpm/mongoose@8.9.5/node_modules/mongoose/lib/schema/objectId.js:250:11)\n    at SchemaObjectId.SchemaType.applySetters (/Users/keshavv/Desktop/dodo/dodo_be_new/node_modules/.pnpm/mongoose@8.9.5/node_modules/mongoose/lib/schemaType.js:1255:12)\n    at SchemaObjectId.SchemaType.castForQuery (/Users/keshavv/Desktop/dodo/dodo_be_new/node_modules/.pnpm/mongoose@8.9.5/node_modules/mongoose/lib/schemaType.js:1673:17)\n    at /Users/keshavv/Desktop/dodo/dodo_be_new/node_modules/.pnpm/mongoose@8.9.5/node_modules/mongoose/lib/schemaType.js:1634:18\n    at Array.map (<anonymous>)\n    at SchemaObjectId.handle$in (/Users/keshavv/Desktop/dodo/dodo_be_new/node_modules/.pnpm/mongoose@8.9.5/node_modules/mongoose/lib/schemaType.js:1630:14)\n    at SchemaObjectId.SchemaType.castForQuery (/Users/keshavv/Desktop/dodo/dodo_be_new/node_modules/.pnpm/mongoose@8.9.5/node_modules/mongoose/lib/schemaType.js:1669:20)\n    at cast (/Users/keshavv/Desktop/dodo/dodo_be_new/node_modules/.pnpm/mongoose@8.9.5/node_modules/mongoose/lib/cast.js:367:39)\n    at model.Query.Query.cast (/Users/keshavv/Desktop/dodo/dodo_be_new/node_modules/.pnpm/mongoose@8.9.5/node_modules/mongoose/lib/query.js:4889:12)\n    at model.Query.Query._castConditions (/Users/keshavv/Desktop/dodo/dodo_be_new/node_modules/.pnpm/mongoose@8.9.5/node_modules/mongoose/lib/query.js:2306:10)","stringValue":"\"3672c6d1-6396-44ba-8239-7de2c27da9b5\"","timestamp":"2025-02-17T20:10:53.123Z","value":"3672c6d1-6396-44ba-8239-7de2c27da9b5","valueType":"string"}
{"level":"info","message":"MongoDB Connected Successfully","timestamp":"2025-02-17T20:11:58.731Z"}
{"level":"info","message":"Server running on port 3002","timestamp":"2025-02-17T20:11:58.742Z"}
{"level":"info","message":"MongoDB Connected Successfully","timestamp":"2025-02-17T22:31:02.231Z"}
{"level":"info","message":"Server running on port 3002","timestamp":"2025-02-17T22:31:02.241Z"}
{"kind":"ObjectId","level":"error","message":"Error in reorderBlocks: Cast to ObjectId failed for value \"bd426690-c03d-4641-b193-f1eade966ce2\" (type string) at path \"_id\" for model \"Block\"","path":"_id","reason":{},"stack":"CastError: Cast to ObjectId failed for value \"bd426690-c03d-4641-b193-f1eade966ce2\" (type string) at path \"_id\" for model \"Block\"\n    at SchemaObjectId.cast (/Users/keshavv/Desktop/dodo/dodo_be_new/node_modules/.pnpm/mongoose@8.9.5/node_modules/mongoose/lib/schema/objectId.js:250:11)\n    at SchemaObjectId.SchemaType.applySetters (/Users/keshavv/Desktop/dodo/dodo_be_new/node_modules/.pnpm/mongoose@8.9.5/node_modules/mongoose/lib/schemaType.js:1255:12)\n    at SchemaObjectId.SchemaType.castForQuery (/Users/keshavv/Desktop/dodo/dodo_be_new/node_modules/.pnpm/mongoose@8.9.5/node_modules/mongoose/lib/schemaType.js:1673:17)\n    at /Users/keshavv/Desktop/dodo/dodo_be_new/node_modules/.pnpm/mongoose@8.9.5/node_modules/mongoose/lib/schemaType.js:1634:18\n    at Array.map (<anonymous>)\n    at SchemaObjectId.handle$in (/Users/keshavv/Desktop/dodo/dodo_be_new/node_modules/.pnpm/mongoose@8.9.5/node_modules/mongoose/lib/schemaType.js:1630:14)\n    at SchemaObjectId.SchemaType.castForQuery (/Users/keshavv/Desktop/dodo/dodo_be_new/node_modules/.pnpm/mongoose@8.9.5/node_modules/mongoose/lib/schemaType.js:1669:20)\n    at cast (/Users/keshavv/Desktop/dodo/dodo_be_new/node_modules/.pnpm/mongoose@8.9.5/node_modules/mongoose/lib/cast.js:367:39)\n    at model.Query.Query.cast (/Users/keshavv/Desktop/dodo/dodo_be_new/node_modules/.pnpm/mongoose@8.9.5/node_modules/mongoose/lib/query.js:4889:12)\n    at model.Query.Query._castConditions (/Users/keshavv/Desktop/dodo/dodo_be_new/node_modules/.pnpm/mongoose@8.9.5/node_modules/mongoose/lib/query.js:2306:10)","stringValue":"\"bd426690-c03d-4641-b193-f1eade966ce2\"","timestamp":"2025-02-17T22:34:49.688Z","value":"bd426690-c03d-4641-b193-f1eade966ce2","valueType":"string"}
{"kind":"ObjectId","level":"error","message":"Error in getBlockById: Cast to ObjectId failed for value \"f3af0607-c60a-4ca7-b62b-29be6e1c00f3\" (type string) at path \"_id\" for model \"Block\"","path":"_id","reason":{},"stack":"CastError: Cast to ObjectId failed for value \"f3af0607-c60a-4ca7-b62b-29be6e1c00f3\" (type string) at path \"_id\" for model \"Block\"\n    at SchemaObjectId.cast (/Users/keshavv/Desktop/dodo/dodo_be_new/node_modules/.pnpm/mongoose@8.9.5/node_modules/mongoose/lib/schema/objectId.js:250:11)\n    at SchemaObjectId.SchemaType.applySetters (/Users/keshavv/Desktop/dodo/dodo_be_new/node_modules/.pnpm/mongoose@8.9.5/node_modules/mongoose/lib/schemaType.js:1255:12)\n    at SchemaObjectId.SchemaType.castForQuery (/Users/keshavv/Desktop/dodo/dodo_be_new/node_modules/.pnpm/mongoose@8.9.5/node_modules/mongoose/lib/schemaType.js:1673:17)\n    at cast (/Users/keshavv/Desktop/dodo/dodo_be_new/node_modules/.pnpm/mongoose@8.9.5/node_modules/mongoose/lib/cast.js:390:32)\n    at model.Query.Query.cast (/Users/keshavv/Desktop/dodo/dodo_be_new/node_modules/.pnpm/mongoose@8.9.5/node_modules/mongoose/lib/query.js:4889:12)\n    at model.Query.Query._castConditions (/Users/keshavv/Desktop/dodo/dodo_be_new/node_modules/.pnpm/mongoose@8.9.5/node_modules/mongoose/lib/query.js:2306:10)\n    at model.Query._findOne (/Users/keshavv/Desktop/dodo/dodo_be_new/node_modules/.pnpm/mongoose@8.9.5/node_modules/mongoose/lib/query.js:2630:8)\n    at model.Query.exec (/Users/keshavv/Desktop/dodo/dodo_be_new/node_modules/.pnpm/mongoose@8.9.5/node_modules/mongoose/lib/query.js:4438:80)\n    at processTicksAndRejections (node:internal/process/task_queues:95:5)\n    at getBlockById (/Users/keshavv/Desktop/dodo/dodo_be_new/src/controllers/block/blockController.ts:773:21)","stringValue":"\"f3af0607-c60a-4ca7-b62b-29be6e1c00f3\"","timestamp":"2025-02-17T22:39:51.855Z","value":"f3af0607-c60a-4ca7-b62b-29be6e1c00f3","valueType":"string"}
{"kind":"ObjectId","level":"error","message":"Error in getBlockById: Cast to ObjectId failed for value \"f3af0607-c60a-4ca7-b62b-29be6e1c00f3\" (type string) at path \"_id\" for model \"Block\"","path":"_id","reason":{},"stack":"CastError: Cast to ObjectId failed for value \"f3af0607-c60a-4ca7-b62b-29be6e1c00f3\" (type string) at path \"_id\" for model \"Block\"\n    at SchemaObjectId.cast (/Users/keshavv/Desktop/dodo/dodo_be_new/node_modules/.pnpm/mongoose@8.9.5/node_modules/mongoose/lib/schema/objectId.js:250:11)\n    at SchemaObjectId.SchemaType.applySetters (/Users/keshavv/Desktop/dodo/dodo_be_new/node_modules/.pnpm/mongoose@8.9.5/node_modules/mongoose/lib/schemaType.js:1255:12)\n    at SchemaObjectId.SchemaType.castForQuery (/Users/keshavv/Desktop/dodo/dodo_be_new/node_modules/.pnpm/mongoose@8.9.5/node_modules/mongoose/lib/schemaType.js:1673:17)\n    at cast (/Users/keshavv/Desktop/dodo/dodo_be_new/node_modules/.pnpm/mongoose@8.9.5/node_modules/mongoose/lib/cast.js:390:32)\n    at model.Query.Query.cast (/Users/keshavv/Desktop/dodo/dodo_be_new/node_modules/.pnpm/mongoose@8.9.5/node_modules/mongoose/lib/query.js:4889:12)\n    at model.Query.Query._castConditions (/Users/keshavv/Desktop/dodo/dodo_be_new/node_modules/.pnpm/mongoose@8.9.5/node_modules/mongoose/lib/query.js:2306:10)\n    at model.Query._findOne (/Users/keshavv/Desktop/dodo/dodo_be_new/node_modules/.pnpm/mongoose@8.9.5/node_modules/mongoose/lib/query.js:2630:8)\n    at model.Query.exec (/Users/keshavv/Desktop/dodo/dodo_be_new/node_modules/.pnpm/mongoose@8.9.5/node_modules/mongoose/lib/query.js:4438:80)\n    at processTicksAndRejections (node:internal/process/task_queues:95:5)\n    at getBlockById (/Users/keshavv/Desktop/dodo/dodo_be_new/src/controllers/block/blockController.ts:773:21)","stringValue":"\"f3af0607-c60a-4ca7-b62b-29be6e1c00f3\"","timestamp":"2025-02-17T22:39:51.861Z","value":"f3af0607-c60a-4ca7-b62b-29be6e1c00f3","valueType":"string"}
{"kind":"ObjectId","level":"error","message":"Error in getBlockById: Cast to ObjectId failed for value \"f3af0607-c60a-4ca7-b62b-29be6e1c00f3\" (type string) at path \"_id\" for model \"Block\"","path":"_id","reason":{},"stack":"CastError: Cast to ObjectId failed for value \"f3af0607-c60a-4ca7-b62b-29be6e1c00f3\" (type string) at path \"_id\" for model \"Block\"\n    at SchemaObjectId.cast (/Users/keshavv/Desktop/dodo/dodo_be_new/node_modules/.pnpm/mongoose@8.9.5/node_modules/mongoose/lib/schema/objectId.js:250:11)\n    at SchemaObjectId.SchemaType.applySetters (/Users/keshavv/Desktop/dodo/dodo_be_new/node_modules/.pnpm/mongoose@8.9.5/node_modules/mongoose/lib/schemaType.js:1255:12)\n    at SchemaObjectId.SchemaType.castForQuery (/Users/keshavv/Desktop/dodo/dodo_be_new/node_modules/.pnpm/mongoose@8.9.5/node_modules/mongoose/lib/schemaType.js:1673:17)\n    at cast (/Users/keshavv/Desktop/dodo/dodo_be_new/node_modules/.pnpm/mongoose@8.9.5/node_modules/mongoose/lib/cast.js:390:32)\n    at model.Query.Query.cast (/Users/keshavv/Desktop/dodo/dodo_be_new/node_modules/.pnpm/mongoose@8.9.5/node_modules/mongoose/lib/query.js:4889:12)\n    at model.Query.Query._castConditions (/Users/keshavv/Desktop/dodo/dodo_be_new/node_modules/.pnpm/mongoose@8.9.5/node_modules/mongoose/lib/query.js:2306:10)\n    at model.Query._findOne (/Users/keshavv/Desktop/dodo/dodo_be_new/node_modules/.pnpm/mongoose@8.9.5/node_modules/mongoose/lib/query.js:2630:8)\n    at model.Query.exec (/Users/keshavv/Desktop/dodo/dodo_be_new/node_modules/.pnpm/mongoose@8.9.5/node_modules/mongoose/lib/query.js:4438:80)\n    at processTicksAndRejections (node:internal/process/task_queues:95:5)\n    at getBlockById (/Users/keshavv/Desktop/dodo/dodo_be_new/src/controllers/block/blockController.ts:773:21)","stringValue":"\"f3af0607-c60a-4ca7-b62b-29be6e1c00f3\"","timestamp":"2025-02-17T22:40:03.916Z","value":"f3af0607-c60a-4ca7-b62b-29be6e1c00f3","valueType":"string"}
{"kind":"ObjectId","level":"error","message":"Error in getBlockById: Cast to ObjectId failed for value \"f3af0607-c60a-4ca7-b62b-29be6e1c00f3\" (type string) at path \"_id\" for model \"Block\"","path":"_id","reason":{},"stack":"CastError: Cast to ObjectId failed for value \"f3af0607-c60a-4ca7-b62b-29be6e1c00f3\" (type string) at path \"_id\" for model \"Block\"\n    at SchemaObjectId.cast (/Users/keshavv/Desktop/dodo/dodo_be_new/node_modules/.pnpm/mongoose@8.9.5/node_modules/mongoose/lib/schema/objectId.js:250:11)\n    at SchemaObjectId.SchemaType.applySetters (/Users/keshavv/Desktop/dodo/dodo_be_new/node_modules/.pnpm/mongoose@8.9.5/node_modules/mongoose/lib/schemaType.js:1255:12)\n    at SchemaObjectId.SchemaType.castForQuery (/Users/keshavv/Desktop/dodo/dodo_be_new/node_modules/.pnpm/mongoose@8.9.5/node_modules/mongoose/lib/schemaType.js:1673:17)\n    at cast (/Users/keshavv/Desktop/dodo/dodo_be_new/node_modules/.pnpm/mongoose@8.9.5/node_modules/mongoose/lib/cast.js:390:32)\n    at model.Query.Query.cast (/Users/keshavv/Desktop/dodo/dodo_be_new/node_modules/.pnpm/mongoose@8.9.5/node_modules/mongoose/lib/query.js:4889:12)\n    at model.Query.Query._castConditions (/Users/keshavv/Desktop/dodo/dodo_be_new/node_modules/.pnpm/mongoose@8.9.5/node_modules/mongoose/lib/query.js:2306:10)\n    at model.Query._findOne (/Users/keshavv/Desktop/dodo/dodo_be_new/node_modules/.pnpm/mongoose@8.9.5/node_modules/mongoose/lib/query.js:2630:8)\n    at model.Query.exec (/Users/keshavv/Desktop/dodo/dodo_be_new/node_modules/.pnpm/mongoose@8.9.5/node_modules/mongoose/lib/query.js:4438:80)\n    at processTicksAndRejections (node:internal/process/task_queues:95:5)\n    at getBlockById (/Users/keshavv/Desktop/dodo/dodo_be_new/src/controllers/block/blockController.ts:773:21)","stringValue":"\"f3af0607-c60a-4ca7-b62b-29be6e1c00f3\"","timestamp":"2025-02-17T22:40:03.924Z","value":"f3af0607-c60a-4ca7-b62b-29be6e1c00f3","valueType":"string"}
{"code":"ERR_HTTP_HEADERS_SENT","level":"error","message":"Error in getBlockById: Cannot set headers after they are sent to the client","stack":"Error: Cannot set headers after they are sent to the client\n    at ServerResponse.setHeader (node:_http_outgoing:655:11)\n    at ServerResponse.header (/Users/keshavv/Desktop/dodo/dodo_be_new/node_modules/.pnpm/express@4.21.2/node_modules/express/lib/response.js:794:10)\n    at ServerResponse.send (/Users/keshavv/Desktop/dodo/dodo_be_new/node_modules/.pnpm/express@4.21.2/node_modules/express/lib/response.js:174:12)\n    at ServerResponse.json (/Users/keshavv/Desktop/dodo/dodo_be_new/node_modules/.pnpm/express@4.21.2/node_modules/express/lib/response.js:278:15)\n    at getBlockById (/Users/keshavv/Desktop/dodo/dodo_be_new/src/controllers/block/blockController.ts:818:23)\n    at processTicksAndRejections (node:internal/process/task_queues:95:5)","timestamp":"2025-02-17T23:10:55.616Z"}
{"level":"info","message":"MongoDB Connected Successfully","timestamp":"2025-02-17T23:11:40.446Z"}
{"level":"info","message":"Server running on port 3002","timestamp":"2025-02-17T23:11:40.456Z"}
{"kind":"ObjectId","level":"error","message":"Error in updateBlock: Cast to ObjectId failed for value \"undefined\" (type string) at path \"_id\" for model \"Block\"","path":"_id","reason":{},"stack":"CastError: Cast to ObjectId failed for value \"undefined\" (type string) at path \"_id\" for model \"Block\"\n    at SchemaObjectId.cast (/Users/keshavv/Desktop/dodo/dodo_be_new/node_modules/.pnpm/mongoose@8.9.5/node_modules/mongoose/lib/schema/objectId.js:250:11)\n    at SchemaObjectId.SchemaType.applySetters (/Users/keshavv/Desktop/dodo/dodo_be_new/node_modules/.pnpm/mongoose@8.9.5/node_modules/mongoose/lib/schemaType.js:1255:12)\n    at SchemaObjectId.SchemaType.castForQuery (/Users/keshavv/Desktop/dodo/dodo_be_new/node_modules/.pnpm/mongoose@8.9.5/node_modules/mongoose/lib/schemaType.js:1673:17)\n    at cast (/Users/keshavv/Desktop/dodo/dodo_be_new/node_modules/.pnpm/mongoose@8.9.5/node_modules/mongoose/lib/cast.js:390:32)\n    at model.Query.Query.cast (/Users/keshavv/Desktop/dodo/dodo_be_new/node_modules/.pnpm/mongoose@8.9.5/node_modules/mongoose/lib/query.js:4889:12)\n    at model.Query.Query._castConditions (/Users/keshavv/Desktop/dodo/dodo_be_new/node_modules/.pnpm/mongoose@8.9.5/node_modules/mongoose/lib/query.js:2306:10)\n    at model.Query._findOne (/Users/keshavv/Desktop/dodo/dodo_be_new/node_modules/.pnpm/mongoose@8.9.5/node_modules/mongoose/lib/query.js:2630:8)\n    at model.Query.exec (/Users/keshavv/Desktop/dodo/dodo_be_new/node_modules/.pnpm/mongoose@8.9.5/node_modules/mongoose/lib/query.js:4438:80)\n    at processTicksAndRejections (node:internal/process/task_queues:95:5)\n    at updateBlock (/Users/keshavv/Desktop/dodo/dodo_be_new/src/controllers/block/blockController.ts:179:21)","stringValue":"\"undefined\"","timestamp":"2025-02-17T23:13:29.110Z","value":"undefined","valueType":"string"}
{"level":"info","message":"MongoDB Connected Successfully","timestamp":"2025-02-17T23:16:22.253Z"}
{"level":"info","message":"Server running on port 3002","timestamp":"2025-02-17T23:16:22.262Z"}
{"level":"info","message":"MongoDB Connected Successfully","timestamp":"2025-02-17T23:17:35.258Z"}
{"level":"info","message":"Server running on port 3002","timestamp":"2025-02-17T23:17:35.263Z"}
{"level":"info","message":"MongoDB Connected Successfully","timestamp":"2025-02-17T23:17:55.215Z"}
{"level":"info","message":"Server running on port 3002","timestamp":"2025-02-17T23:17:55.221Z"}
{"level":"warn","message":"MongoDB disconnected. Attempting to reconnect...","timestamp":"2025-02-17T23:36:49.925Z"}
{"level":"warn","message":"MongoDB disconnected. Attempting to reconnect...","timestamp":"2025-02-18T00:12:04.525Z"}
{"level":"warn","message":"MongoDB disconnected. Attempting to reconnect...","timestamp":"2025-02-18T02:09:30.246Z"}
{"level":"warn","message":"MongoDB disconnected. Attempting to reconnect...","timestamp":"2025-02-18T05:49:13.046Z"}
{"level":"warn","message":"MongoDB disconnected. Attempting to reconnect...","timestamp":"2025-02-18T06:08:40.327Z"}
{"kind":"ObjectId","level":"error","message":"Error in updateBlock: Cast to ObjectId failed for value \"\" (type string) at path \"userId\" for model \"DodoPage\"","path":"userId","reason":{},"stack":"CastError: Cast to ObjectId failed for value \"\" (type string) at path \"userId\" for model \"DodoPage\"\n    at SchemaObjectId.cast (/Users/keshavv/Desktop/dodo/dodo_be_new/node_modules/.pnpm/mongoose@8.9.5/node_modules/mongoose/lib/schema/objectId.js:250:11)\n    at SchemaObjectId.SchemaType.applySetters (/Users/keshavv/Desktop/dodo/dodo_be_new/node_modules/.pnpm/mongoose@8.9.5/node_modules/mongoose/lib/schemaType.js:1255:12)\n    at SchemaObjectId.SchemaType.castForQuery (/Users/keshavv/Desktop/dodo/dodo_be_new/node_modules/.pnpm/mongoose@8.9.5/node_modules/mongoose/lib/schemaType.js:1673:17)\n    at cast (/Users/keshavv/Desktop/dodo/dodo_be_new/node_modules/.pnpm/mongoose@8.9.5/node_modules/mongoose/lib/cast.js:390:32)\n    at model.Query.Query.cast (/Users/keshavv/Desktop/dodo/dodo_be_new/node_modules/.pnpm/mongoose@8.9.5/node_modules/mongoose/lib/query.js:4889:12)\n    at model.Query.Query._castConditions (/Users/keshavv/Desktop/dodo/dodo_be_new/node_modules/.pnpm/mongoose@8.9.5/node_modules/mongoose/lib/query.js:2306:10)\n    at model.Query._findOne (/Users/keshavv/Desktop/dodo/dodo_be_new/node_modules/.pnpm/mongoose@8.9.5/node_modules/mongoose/lib/query.js:2630:8)\n    at model.Query.exec (/Users/keshavv/Desktop/dodo/dodo_be_new/node_modules/.pnpm/mongoose@8.9.5/node_modules/mongoose/lib/query.js:4438:80)\n    at processTicksAndRejections (node:internal/process/task_queues:95:5)\n    at updateBlock (/Users/keshavv/Desktop/dodo/dodo_be_new/src/controllers/block/blockController.ts:179:24)","stringValue":"\"\"","timestamp":"2025-02-18T06:09:06.535Z","value":"","valueType":"string"}
{"level":"info","message":"MongoDB Connected Successfully","timestamp":"2025-02-18T06:09:15.237Z"}
{"level":"info","message":"Server running on port 3002","timestamp":"2025-02-18T06:09:15.244Z"}
{"level":"info","message":"MongoDB Connected Successfully","timestamp":"2025-02-18T06:09:22.669Z"}
{"level":"info","message":"Server running on port 3002","timestamp":"2025-02-18T06:09:22.673Z"}
{"kind":"ObjectId","level":"error","message":"Error in updateBlock: Cast to ObjectId failed for value \"\" (type string) at path \"userId\" for model \"DodoPage\"","path":"userId","reason":{},"stack":"CastError: Cast to ObjectId failed for value \"\" (type string) at path \"userId\" for model \"DodoPage\"\n    at SchemaObjectId.cast (/Users/keshavv/Desktop/dodo/dodo_be_new/node_modules/.pnpm/mongoose@8.9.5/node_modules/mongoose/lib/schema/objectId.js:250:11)\n    at SchemaObjectId.SchemaType.applySetters (/Users/keshavv/Desktop/dodo/dodo_be_new/node_modules/.pnpm/mongoose@8.9.5/node_modules/mongoose/lib/schemaType.js:1255:12)\n    at SchemaObjectId.SchemaType.castForQuery (/Users/keshavv/Desktop/dodo/dodo_be_new/node_modules/.pnpm/mongoose@8.9.5/node_modules/mongoose/lib/schemaType.js:1673:17)\n    at cast (/Users/keshavv/Desktop/dodo/dodo_be_new/node_modules/.pnpm/mongoose@8.9.5/node_modules/mongoose/lib/cast.js:390:32)\n    at model.Query.Query.cast (/Users/keshavv/Desktop/dodo/dodo_be_new/node_modules/.pnpm/mongoose@8.9.5/node_modules/mongoose/lib/query.js:4889:12)\n    at model.Query.Query._castConditions (/Users/keshavv/Desktop/dodo/dodo_be_new/node_modules/.pnpm/mongoose@8.9.5/node_modules/mongoose/lib/query.js:2306:10)\n    at model.Query._findOne (/Users/keshavv/Desktop/dodo/dodo_be_new/node_modules/.pnpm/mongoose@8.9.5/node_modules/mongoose/lib/query.js:2630:8)\n    at model.Query.exec (/Users/keshavv/Desktop/dodo/dodo_be_new/node_modules/.pnpm/mongoose@8.9.5/node_modules/mongoose/lib/query.js:4438:80)\n    at processTicksAndRejections (node:internal/process/task_queues:95:5)\n    at updateBlock (/Users/keshavv/Desktop/dodo/dodo_be_new/src/controllers/block/blockController.ts:179:24)","stringValue":"\"\"","timestamp":"2025-02-18T06:09:32.325Z","value":"","valueType":"string"}
{"kind":"ObjectId","level":"error","message":"Error in updateBlock: Cast to ObjectId failed for value \"\" (type string) at path \"userId\" for model \"DodoPage\"","path":"userId","reason":{},"stack":"CastError: Cast to ObjectId failed for value \"\" (type string) at path \"userId\" for model \"DodoPage\"\n    at SchemaObjectId.cast (/Users/keshavv/Desktop/dodo/dodo_be_new/node_modules/.pnpm/mongoose@8.9.5/node_modules/mongoose/lib/schema/objectId.js:250:11)\n    at SchemaObjectId.SchemaType.applySetters (/Users/keshavv/Desktop/dodo/dodo_be_new/node_modules/.pnpm/mongoose@8.9.5/node_modules/mongoose/lib/schemaType.js:1255:12)\n    at SchemaObjectId.SchemaType.castForQuery (/Users/keshavv/Desktop/dodo/dodo_be_new/node_modules/.pnpm/mongoose@8.9.5/node_modules/mongoose/lib/schemaType.js:1673:17)\n    at cast (/Users/keshavv/Desktop/dodo/dodo_be_new/node_modules/.pnpm/mongoose@8.9.5/node_modules/mongoose/lib/cast.js:390:32)\n    at model.Query.Query.cast (/Users/keshavv/Desktop/dodo/dodo_be_new/node_modules/.pnpm/mongoose@8.9.5/node_modules/mongoose/lib/query.js:4889:12)\n    at model.Query.Query._castConditions (/Users/keshavv/Desktop/dodo/dodo_be_new/node_modules/.pnpm/mongoose@8.9.5/node_modules/mongoose/lib/query.js:2306:10)\n    at model.Query._findOne (/Users/keshavv/Desktop/dodo/dodo_be_new/node_modules/.pnpm/mongoose@8.9.5/node_modules/mongoose/lib/query.js:2630:8)\n    at model.Query.exec (/Users/keshavv/Desktop/dodo/dodo_be_new/node_modules/.pnpm/mongoose@8.9.5/node_modules/mongoose/lib/query.js:4438:80)\n    at processTicksAndRejections (node:internal/process/task_queues:95:5)\n    at updateBlock (/Users/keshavv/Desktop/dodo/dodo_be_new/src/controllers/block/blockController.ts:179:24)","stringValue":"\"\"","timestamp":"2025-02-18T06:11:32.816Z","value":"","valueType":"string"}
{"level":"info","message":"MongoDB Connected Successfully","timestamp":"2025-02-18T06:11:58.111Z"}
{"level":"info","message":"Server running on port 3002","timestamp":"2025-02-18T06:11:58.117Z"}
{"kind":"ObjectId","level":"error","message":"Error in updateBlock: Cast to ObjectId failed for value \"\" (type string) at path \"userId\" for model \"DodoPage\"","path":"userId","reason":{},"stack":"CastError: Cast to ObjectId failed for value \"\" (type string) at path \"userId\" for model \"DodoPage\"\n    at SchemaObjectId.cast (/Users/keshavv/Desktop/dodo/dodo_be_new/node_modules/.pnpm/mongoose@8.9.5/node_modules/mongoose/lib/schema/objectId.js:250:11)\n    at SchemaObjectId.SchemaType.applySetters (/Users/keshavv/Desktop/dodo/dodo_be_new/node_modules/.pnpm/mongoose@8.9.5/node_modules/mongoose/lib/schemaType.js:1255:12)\n    at SchemaObjectId.SchemaType.castForQuery (/Users/keshavv/Desktop/dodo/dodo_be_new/node_modules/.pnpm/mongoose@8.9.5/node_modules/mongoose/lib/schemaType.js:1673:17)\n    at cast (/Users/keshavv/Desktop/dodo/dodo_be_new/node_modules/.pnpm/mongoose@8.9.5/node_modules/mongoose/lib/cast.js:390:32)\n    at model.Query.Query.cast (/Users/keshavv/Desktop/dodo/dodo_be_new/node_modules/.pnpm/mongoose@8.9.5/node_modules/mongoose/lib/query.js:4889:12)\n    at model.Query.Query._castConditions (/Users/keshavv/Desktop/dodo/dodo_be_new/node_modules/.pnpm/mongoose@8.9.5/node_modules/mongoose/lib/query.js:2306:10)\n    at model.Query._findOne (/Users/keshavv/Desktop/dodo/dodo_be_new/node_modules/.pnpm/mongoose@8.9.5/node_modules/mongoose/lib/query.js:2630:8)\n    at model.Query.exec (/Users/keshavv/Desktop/dodo/dodo_be_new/node_modules/.pnpm/mongoose@8.9.5/node_modules/mongoose/lib/query.js:4438:80)\n    at processTicksAndRejections (node:internal/process/task_queues:95:5)\n    at updateBlock (/Users/keshavv/Desktop/dodo/dodo_be_new/src/controllers/block/blockController.ts:186:24)","stringValue":"\"\"","timestamp":"2025-02-18T06:12:01.164Z","value":"","valueType":"string"}
{"level":"info","message":"MongoDB Connected Successfully","timestamp":"2025-02-18T06:13:12.128Z"}
{"level":"info","message":"Server running on port 3002","timestamp":"2025-02-18T06:13:12.139Z"}
{"kind":"ObjectId","level":"error","message":"Error in updateBlock: Cast to ObjectId failed for value \"\" (type string) at path \"userId\" for model \"DodoPage\"","path":"userId","reason":{},"stack":"CastError: Cast to ObjectId failed for value \"\" (type string) at path \"userId\" for model \"DodoPage\"\n    at SchemaObjectId.cast (/Users/keshavv/Desktop/dodo/dodo_be_new/node_modules/.pnpm/mongoose@8.9.5/node_modules/mongoose/lib/schema/objectId.js:250:11)\n    at SchemaObjectId.SchemaType.applySetters (/Users/keshavv/Desktop/dodo/dodo_be_new/node_modules/.pnpm/mongoose@8.9.5/node_modules/mongoose/lib/schemaType.js:1255:12)\n    at SchemaObjectId.SchemaType.castForQuery (/Users/keshavv/Desktop/dodo/dodo_be_new/node_modules/.pnpm/mongoose@8.9.5/node_modules/mongoose/lib/schemaType.js:1673:17)\n    at cast (/Users/keshavv/Desktop/dodo/dodo_be_new/node_modules/.pnpm/mongoose@8.9.5/node_modules/mongoose/lib/cast.js:390:32)\n    at model.Query.Query.cast (/Users/keshavv/Desktop/dodo/dodo_be_new/node_modules/.pnpm/mongoose@8.9.5/node_modules/mongoose/lib/query.js:4889:12)\n    at model.Query.Query._castConditions (/Users/keshavv/Desktop/dodo/dodo_be_new/node_modules/.pnpm/mongoose@8.9.5/node_modules/mongoose/lib/query.js:2306:10)\n    at model.Query._findOne (/Users/keshavv/Desktop/dodo/dodo_be_new/node_modules/.pnpm/mongoose@8.9.5/node_modules/mongoose/lib/query.js:2630:8)\n    at model.Query.exec (/Users/keshavv/Desktop/dodo/dodo_be_new/node_modules/.pnpm/mongoose@8.9.5/node_modules/mongoose/lib/query.js:4438:80)\n    at processTicksAndRejections (node:internal/process/task_queues:95:5)\n    at updateBlock (/Users/keshavv/Desktop/dodo/dodo_be_new/src/controllers/block/blockController.ts:186:24)","stringValue":"\"\"","timestamp":"2025-02-18T06:13:15.085Z","value":"","valueType":"string"}
{"level":"info","message":"MongoDB Connected Successfully","timestamp":"2025-02-18T06:17:29.547Z"}
{"level":"info","message":"Server running on port 3002","timestamp":"2025-02-18T06:17:29.554Z"}
{"level":"info","message":"MongoDB Connected Successfully","timestamp":"2025-02-18T06:17:31.162Z"}
{"level":"info","message":"Server running on port 3002","timestamp":"2025-02-18T06:17:31.169Z"}
{"kind":"ObjectId","level":"error","message":"Error in updateBlock: Cast to ObjectId failed for value \"\" (type string) at path \"userId\" for model \"DodoPage\"","path":"userId","reason":{},"stack":"CastError: Cast to ObjectId failed for value \"\" (type string) at path \"userId\" for model \"DodoPage\"\n    at SchemaObjectId.cast (/Users/keshavv/Desktop/dodo/dodo_be_new/node_modules/.pnpm/mongoose@8.9.5/node_modules/mongoose/lib/schema/objectId.js:250:11)\n    at SchemaObjectId.SchemaType.applySetters (/Users/keshavv/Desktop/dodo/dodo_be_new/node_modules/.pnpm/mongoose@8.9.5/node_modules/mongoose/lib/schemaType.js:1255:12)\n    at SchemaObjectId.SchemaType.castForQuery (/Users/keshavv/Desktop/dodo/dodo_be_new/node_modules/.pnpm/mongoose@8.9.5/node_modules/mongoose/lib/schemaType.js:1673:17)\n    at cast (/Users/keshavv/Desktop/dodo/dodo_be_new/node_modules/.pnpm/mongoose@8.9.5/node_modules/mongoose/lib/cast.js:390:32)\n    at model.Query.Query.cast (/Users/keshavv/Desktop/dodo/dodo_be_new/node_modules/.pnpm/mongoose@8.9.5/node_modules/mongoose/lib/query.js:4889:12)\n    at model.Query.Query._castConditions (/Users/keshavv/Desktop/dodo/dodo_be_new/node_modules/.pnpm/mongoose@8.9.5/node_modules/mongoose/lib/query.js:2306:10)\n    at model.Query._findOne (/Users/keshavv/Desktop/dodo/dodo_be_new/node_modules/.pnpm/mongoose@8.9.5/node_modules/mongoose/lib/query.js:2630:8)\n    at model.Query.exec (/Users/keshavv/Desktop/dodo/dodo_be_new/node_modules/.pnpm/mongoose@8.9.5/node_modules/mongoose/lib/query.js:4438:80)\n    at processTicksAndRejections (node:internal/process/task_queues:95:5)\n    at updateBlock (/Users/keshavv/Desktop/dodo/dodo_be_new/src/controllers/block/blockController.ts:186:24)","stringValue":"\"\"","timestamp":"2025-02-18T06:17:34.635Z","value":"","valueType":"string"}
{"kind":"ObjectId","level":"error","message":"Error in updateBlock: Cast to ObjectId failed for value \"\" (type string) at path \"userId\" for model \"DodoPage\"","path":"userId","reason":{},"stack":"CastError: Cast to ObjectId failed for value \"\" (type string) at path \"userId\" for model \"DodoPage\"\n    at SchemaObjectId.cast (/Users/keshavv/Desktop/dodo/dodo_be_new/node_modules/.pnpm/mongoose@8.9.5/node_modules/mongoose/lib/schema/objectId.js:250:11)\n    at SchemaObjectId.SchemaType.applySetters (/Users/keshavv/Desktop/dodo/dodo_be_new/node_modules/.pnpm/mongoose@8.9.5/node_modules/mongoose/lib/schemaType.js:1255:12)\n    at SchemaObjectId.SchemaType.castForQuery (/Users/keshavv/Desktop/dodo/dodo_be_new/node_modules/.pnpm/mongoose@8.9.5/node_modules/mongoose/lib/schemaType.js:1673:17)\n    at cast (/Users/keshavv/Desktop/dodo/dodo_be_new/node_modules/.pnpm/mongoose@8.9.5/node_modules/mongoose/lib/cast.js:390:32)\n    at model.Query.Query.cast (/Users/keshavv/Desktop/dodo/dodo_be_new/node_modules/.pnpm/mongoose@8.9.5/node_modules/mongoose/lib/query.js:4889:12)\n    at model.Query.Query._castConditions (/Users/keshavv/Desktop/dodo/dodo_be_new/node_modules/.pnpm/mongoose@8.9.5/node_modules/mongoose/lib/query.js:2306:10)\n    at model.Query._findOne (/Users/keshavv/Desktop/dodo/dodo_be_new/node_modules/.pnpm/mongoose@8.9.5/node_modules/mongoose/lib/query.js:2630:8)\n    at model.Query.exec (/Users/keshavv/Desktop/dodo/dodo_be_new/node_modules/.pnpm/mongoose@8.9.5/node_modules/mongoose/lib/query.js:4438:80)\n    at processTicksAndRejections (node:internal/process/task_queues:95:5)\n    at updateBlock (/Users/keshavv/Desktop/dodo/dodo_be_new/src/controllers/block/blockController.ts:186:24)","stringValue":"\"\"","timestamp":"2025-02-18T06:18:49.490Z","value":"","valueType":"string"}
{"kind":"ObjectId","level":"error","message":"Error in updateBlock: Cast to ObjectId failed for value \"\" (type string) at path \"userId\" for model \"DodoPage\"","path":"userId","reason":{},"stack":"CastError: Cast to ObjectId failed for value \"\" (type string) at path \"userId\" for model \"DodoPage\"\n    at SchemaObjectId.cast (/Users/keshavv/Desktop/dodo/dodo_be_new/node_modules/.pnpm/mongoose@8.9.5/node_modules/mongoose/lib/schema/objectId.js:250:11)\n    at SchemaObjectId.SchemaType.applySetters (/Users/keshavv/Desktop/dodo/dodo_be_new/node_modules/.pnpm/mongoose@8.9.5/node_modules/mongoose/lib/schemaType.js:1255:12)\n    at SchemaObjectId.SchemaType.castForQuery (/Users/keshavv/Desktop/dodo/dodo_be_new/node_modules/.pnpm/mongoose@8.9.5/node_modules/mongoose/lib/schemaType.js:1673:17)\n    at cast (/Users/keshavv/Desktop/dodo/dodo_be_new/node_modules/.pnpm/mongoose@8.9.5/node_modules/mongoose/lib/cast.js:390:32)\n    at model.Query.Query.cast (/Users/keshavv/Desktop/dodo/dodo_be_new/node_modules/.pnpm/mongoose@8.9.5/node_modules/mongoose/lib/query.js:4889:12)\n    at model.Query.Query._castConditions (/Users/keshavv/Desktop/dodo/dodo_be_new/node_modules/.pnpm/mongoose@8.9.5/node_modules/mongoose/lib/query.js:2306:10)\n    at model.Query._findOne (/Users/keshavv/Desktop/dodo/dodo_be_new/node_modules/.pnpm/mongoose@8.9.5/node_modules/mongoose/lib/query.js:2630:8)\n    at model.Query.exec (/Users/keshavv/Desktop/dodo/dodo_be_new/node_modules/.pnpm/mongoose@8.9.5/node_modules/mongoose/lib/query.js:4438:80)\n    at processTicksAndRejections (node:internal/process/task_queues:95:5)\n    at updateBlock (/Users/keshavv/Desktop/dodo/dodo_be_new/src/controllers/block/blockController.ts:186:24)","stringValue":"\"\"","timestamp":"2025-02-18T06:19:48.188Z","value":"","valueType":"string"}
{"level":"info","message":"MongoDB Connected Successfully","timestamp":"2025-02-18T06:23:44.787Z"}
{"level":"info","message":"Server running on port 3002","timestamp":"2025-02-18T06:23:44.795Z"}
{"level":"info","message":"MongoDB Connected Successfully","timestamp":"2025-02-18T06:23:46.455Z"}
{"level":"info","message":"Server running on port 3002","timestamp":"2025-02-18T06:23:46.461Z"}
{"level":"info","message":"MongoDB Connected Successfully","timestamp":"2025-02-18T06:24:42.168Z"}
{"level":"info","message":"Server running on port 3002","timestamp":"2025-02-18T06:24:42.179Z"}
{"level":"info","message":"MongoDB Connected Successfully","timestamp":"2025-02-18T06:25:13.159Z"}
{"level":"info","message":"Server running on port 3002","timestamp":"2025-02-18T06:25:13.166Z"}
{"level":"info","message":"MongoDB Connected Successfully","timestamp":"2025-02-18T06:26:47.563Z"}
{"level":"info","message":"Server running on port 3002","timestamp":"2025-02-18T06:26:47.570Z"}
{"level":"info","message":"MongoDB Connected Successfully","timestamp":"2025-02-18T06:27:38.492Z"}
{"level":"info","message":"Server running on port 3002","timestamp":"2025-02-18T06:27:38.500Z"}
{"level":"info","message":"MongoDB Connected Successfully","timestamp":"2025-02-18T06:28:15.324Z"}
{"level":"info","message":"Server running on port 3002","timestamp":"2025-02-18T06:28:15.332Z"}
{"level":"info","message":"MongoDB Connected Successfully","timestamp":"2025-02-18T06:28:22.727Z"}
{"level":"info","message":"Server running on port 3002","timestamp":"2025-02-18T06:28:22.732Z"}
{"level":"info","message":"MongoDB Connected Successfully","timestamp":"2025-02-18T06:29:22.302Z"}
{"level":"info","message":"Server running on port 3002","timestamp":"2025-02-18T06:29:22.311Z"}
{"level":"info","message":"MongoDB Connected Successfully","timestamp":"2025-02-18T06:30:29.492Z"}
{"level":"info","message":"Server running on port 3002","timestamp":"2025-02-18T06:30:29.499Z"}
{"kind":"ObjectId","level":"error","message":"Error in updateBlock: Cast to ObjectId failed for value \"{\n  text: [ 'Dnd Kit', 'Dnd Kit' ],\n  backgroundColor: '#FFCF58',\n  color: '#000000'\n}\" (type Object) at path \"badge\" because of \"BSONError\"","path":"badge","reason":{},"stack":"CastError: Cast to ObjectId failed for value \"{\n  text: [ 'Dnd Kit', 'Dnd Kit' ],\n  backgroundColor: '#FFCF58',\n  color: '#000000'\n}\" (type Object) at path \"badge\" because of \"BSONError\"\n    at SchemaObjectId.cast (/Users/keshavv/Desktop/dodo/dodo_be_new/node_modules/.pnpm/mongoose@8.9.5/node_modules/mongoose/lib/schema/objectId.js:250:11)\n    at SchemaObjectId.SchemaType.applySetters (/Users/keshavv/Desktop/dodo/dodo_be_new/node_modules/.pnpm/mongoose@8.9.5/node_modules/mongoose/lib/schemaType.js:1255:12)\n    at SchemaObjectId.SchemaType.castForQuery (/Users/keshavv/Desktop/dodo/dodo_be_new/node_modules/.pnpm/mongoose@8.9.5/node_modules/mongoose/lib/schemaType.js:1673:17)\n    at castUpdateVal (/Users/keshavv/Desktop/dodo/dodo_be_new/node_modules/.pnpm/mongoose@8.9.5/node_modules/mongoose/lib/helpers/query/castUpdate.js:618:19)\n    at walkUpdatePath (/Users/keshavv/Desktop/dodo/dodo_be_new/node_modules/.pnpm/mongoose@8.9.5/node_modules/mongoose/lib/helpers/query/castUpdate.js:323:22)\n    at castUpdate (/Users/keshavv/Desktop/dodo/dodo_be_new/node_modules/.pnpm/mongoose@8.9.5/node_modules/mongoose/lib/helpers/query/castUpdate.js:134:7)\n    at model.Query._castUpdate (/Users/keshavv/Desktop/dodo/dodo_be_new/node_modules/.pnpm/mongoose@8.9.5/node_modules/mongoose/lib/query.js:4685:10)\n    at model.Query._findOneAndUpdate (/Users/keshavv/Desktop/dodo/dodo_be_new/node_modules/.pnpm/mongoose@8.9.5/node_modules/mongoose/lib/query.js:3420:23)\n    at model.Query.exec (/Users/keshavv/Desktop/dodo/dodo_be_new/node_modules/.pnpm/mongoose@8.9.5/node_modules/mongoose/lib/query.js:4438:80)\n    at processTicksAndRejections (node:internal/process/task_queues:95:5)","stringValue":"\"{\n  text: [ 'Dnd Kit', 'Dnd Kit' ],\n  backgroundColor: '#FFCF58',\n  color: '#000000'\n}\"","timestamp":"2025-02-18T06:30:31.767Z","value":{"backgroundColor":"#FFCF58","color":"#000000","text":["Dnd Kit","Dnd Kit"]},"valueType":"Object"}
{"level":"info","message":"MongoDB Connected Successfully","timestamp":"2025-02-18T06:31:01.095Z"}
{"level":"info","message":"Server running on port 3002","timestamp":"2025-02-18T06:31:01.102Z"}
{"kind":"ObjectId","level":"error","message":"Error in updateBlock: Cast to ObjectId failed for value \"{\n  text: [ 'Dnd Kit', 'Dnd Kit' ],\n  backgroundColor: '#FFCF58',\n  color: '#000000'\n}\" (type Object) at path \"badge\" because of \"BSONError\"","path":"badge","reason":{},"stack":"CastError: Cast to ObjectId failed for value \"{\n  text: [ 'Dnd Kit', 'Dnd Kit' ],\n  backgroundColor: '#FFCF58',\n  color: '#000000'\n}\" (type Object) at path \"badge\" because of \"BSONError\"\n    at SchemaObjectId.cast (/Users/keshavv/Desktop/dodo/dodo_be_new/node_modules/.pnpm/mongoose@8.9.5/node_modules/mongoose/lib/schema/objectId.js:250:11)\n    at SchemaObjectId.SchemaType.applySetters (/Users/keshavv/Desktop/dodo/dodo_be_new/node_modules/.pnpm/mongoose@8.9.5/node_modules/mongoose/lib/schemaType.js:1255:12)\n    at SchemaObjectId.SchemaType.castForQuery (/Users/keshavv/Desktop/dodo/dodo_be_new/node_modules/.pnpm/mongoose@8.9.5/node_modules/mongoose/lib/schemaType.js:1673:17)\n    at castUpdateVal (/Users/keshavv/Desktop/dodo/dodo_be_new/node_modules/.pnpm/mongoose@8.9.5/node_modules/mongoose/lib/helpers/query/castUpdate.js:618:19)\n    at walkUpdatePath (/Users/keshavv/Desktop/dodo/dodo_be_new/node_modules/.pnpm/mongoose@8.9.5/node_modules/mongoose/lib/helpers/query/castUpdate.js:323:22)\n    at castUpdate (/Users/keshavv/Desktop/dodo/dodo_be_new/node_modules/.pnpm/mongoose@8.9.5/node_modules/mongoose/lib/helpers/query/castUpdate.js:134:7)\n    at model.Query._castUpdate (/Users/keshavv/Desktop/dodo/dodo_be_new/node_modules/.pnpm/mongoose@8.9.5/node_modules/mongoose/lib/query.js:4685:10)\n    at model.Query._findOneAndUpdate (/Users/keshavv/Desktop/dodo/dodo_be_new/node_modules/.pnpm/mongoose@8.9.5/node_modules/mongoose/lib/query.js:3420:23)\n    at model.Query.exec (/Users/keshavv/Desktop/dodo/dodo_be_new/node_modules/.pnpm/mongoose@8.9.5/node_modules/mongoose/lib/query.js:4438:80)\n    at processTicksAndRejections (node:internal/process/task_queues:95:5)","stringValue":"\"{\n  text: [ 'Dnd Kit', 'Dnd Kit' ],\n  backgroundColor: '#FFCF58',\n  color: '#000000'\n}\"","timestamp":"2025-02-18T06:31:03.328Z","value":{"backgroundColor":"#FFCF58","color":"#000000","text":["Dnd Kit","Dnd Kit"]},"valueType":"Object"}
{"level":"info","message":"MongoDB Connected Successfully","timestamp":"2025-02-18T06:32:02.032Z"}
{"level":"info","message":"Server running on port 3002","timestamp":"2025-02-18T06:32:02.035Z"}
{"kind":"ObjectId","level":"error","message":"Error in updateBlock: Cast to ObjectId failed for value \"{\n  text: [ 'Dnd Kit', 'Dnd Kit' ],\n  backgroundColor: '#FFCF58',\n  color: '#000000'\n}\" (type Object) at path \"badge\" because of \"BSONError\"","path":"badge","reason":{},"stack":"CastError: Cast to ObjectId failed for value \"{\n  text: [ 'Dnd Kit', 'Dnd Kit' ],\n  backgroundColor: '#FFCF58',\n  color: '#000000'\n}\" (type Object) at path \"badge\" because of \"BSONError\"\n    at SchemaObjectId.cast (/Users/keshavv/Desktop/dodo/dodo_be_new/node_modules/.pnpm/mongoose@8.9.5/node_modules/mongoose/lib/schema/objectId.js:250:11)\n    at SchemaObjectId.SchemaType.applySetters (/Users/keshavv/Desktop/dodo/dodo_be_new/node_modules/.pnpm/mongoose@8.9.5/node_modules/mongoose/lib/schemaType.js:1255:12)\n    at SchemaObjectId.SchemaType.castForQuery (/Users/keshavv/Desktop/dodo/dodo_be_new/node_modules/.pnpm/mongoose@8.9.5/node_modules/mongoose/lib/schemaType.js:1673:17)\n    at castUpdateVal (/Users/keshavv/Desktop/dodo/dodo_be_new/node_modules/.pnpm/mongoose@8.9.5/node_modules/mongoose/lib/helpers/query/castUpdate.js:618:19)\n    at walkUpdatePath (/Users/keshavv/Desktop/dodo/dodo_be_new/node_modules/.pnpm/mongoose@8.9.5/node_modules/mongoose/lib/helpers/query/castUpdate.js:323:22)\n    at castUpdate (/Users/keshavv/Desktop/dodo/dodo_be_new/node_modules/.pnpm/mongoose@8.9.5/node_modules/mongoose/lib/helpers/query/castUpdate.js:134:7)\n    at model.Query._castUpdate (/Users/keshavv/Desktop/dodo/dodo_be_new/node_modules/.pnpm/mongoose@8.9.5/node_modules/mongoose/lib/query.js:4685:10)\n    at model.Query._findOneAndUpdate (/Users/keshavv/Desktop/dodo/dodo_be_new/node_modules/.pnpm/mongoose@8.9.5/node_modules/mongoose/lib/query.js:3420:23)\n    at model.Query.exec (/Users/keshavv/Desktop/dodo/dodo_be_new/node_modules/.pnpm/mongoose@8.9.5/node_modules/mongoose/lib/query.js:4438:80)\n    at processTicksAndRejections (node:internal/process/task_queues:95:5)","stringValue":"\"{\n  text: [ 'Dnd Kit', 'Dnd Kit' ],\n  backgroundColor: '#FFCF58',\n  color: '#000000'\n}\"","timestamp":"2025-02-18T06:32:21.043Z","value":{"backgroundColor":"#FFCF58","color":"#000000","text":["Dnd Kit","Dnd Kit"]},"valueType":"Object"}
{"level":"info","message":"MongoDB Connected Successfully","timestamp":"2025-02-18T06:33:07.499Z"}
{"level":"info","message":"Server running on port 3002","timestamp":"2025-02-18T06:33:07.504Z"}
{"level":"info","message":"MongoDB Connected Successfully","timestamp":"2025-02-18T06:33:14.064Z"}
{"level":"info","message":"Server running on port 3002","timestamp":"2025-02-18T06:33:14.070Z"}
{"level":"info","message":"MongoDB Connected Successfully","timestamp":"2025-02-18T06:33:29.773Z"}
{"level":"info","message":"Server running on port 3002","timestamp":"2025-02-18T06:33:29.781Z"}
{"kind":"ObjectId","level":"error","message":"Error in updateBlock: Cast to ObjectId failed for value \"{\n  text: [ 'Dnd Kit', 'Dnd Kit' ],\n  backgroundColor: '#FFCF58',\n  color: '#000000'\n}\" (type Object) at path \"badge\" because of \"BSONError\"","path":"badge","reason":{},"stack":"CastError: Cast to ObjectId failed for value \"{\n  text: [ 'Dnd Kit', 'Dnd Kit' ],\n  backgroundColor: '#FFCF58',\n  color: '#000000'\n}\" (type Object) at path \"badge\" because of \"BSONError\"\n    at SchemaObjectId.cast (/Users/keshavv/Desktop/dodo/dodo_be_new/node_modules/.pnpm/mongoose@8.9.5/node_modules/mongoose/lib/schema/objectId.js:250:11)\n    at SchemaObjectId.SchemaType.applySetters (/Users/keshavv/Desktop/dodo/dodo_be_new/node_modules/.pnpm/mongoose@8.9.5/node_modules/mongoose/lib/schemaType.js:1255:12)\n    at SchemaObjectId.SchemaType.castForQuery (/Users/keshavv/Desktop/dodo/dodo_be_new/node_modules/.pnpm/mongoose@8.9.5/node_modules/mongoose/lib/schemaType.js:1673:17)\n    at castUpdateVal (/Users/keshavv/Desktop/dodo/dodo_be_new/node_modules/.pnpm/mongoose@8.9.5/node_modules/mongoose/lib/helpers/query/castUpdate.js:618:19)\n    at walkUpdatePath (/Users/keshavv/Desktop/dodo/dodo_be_new/node_modules/.pnpm/mongoose@8.9.5/node_modules/mongoose/lib/helpers/query/castUpdate.js:323:22)\n    at castUpdate (/Users/keshavv/Desktop/dodo/dodo_be_new/node_modules/.pnpm/mongoose@8.9.5/node_modules/mongoose/lib/helpers/query/castUpdate.js:134:7)\n    at model.Query._castUpdate (/Users/keshavv/Desktop/dodo/dodo_be_new/node_modules/.pnpm/mongoose@8.9.5/node_modules/mongoose/lib/query.js:4685:10)\n    at model.Query._findOneAndUpdate (/Users/keshavv/Desktop/dodo/dodo_be_new/node_modules/.pnpm/mongoose@8.9.5/node_modules/mongoose/lib/query.js:3420:23)\n    at model.Query.exec (/Users/keshavv/Desktop/dodo/dodo_be_new/node_modules/.pnpm/mongoose@8.9.5/node_modules/mongoose/lib/query.js:4438:80)\n    at processTicksAndRejections (node:internal/process/task_queues:95:5)","stringValue":"\"{\n  text: [ 'Dnd Kit', 'Dnd Kit' ],\n  backgroundColor: '#FFCF58',\n  color: '#000000'\n}\"","timestamp":"2025-02-18T06:33:38.194Z","value":{"backgroundColor":"#FFCF58","color":"#000000","text":["Dnd Kit","Dnd Kit"]},"valueType":"Object"}
{"level":"info","message":"MongoDB Connected Successfully","timestamp":"2025-02-18T06:37:33.862Z"}
{"level":"info","message":"Server running on port 3002","timestamp":"2025-02-18T06:37:33.871Z"}
{"kind":"ObjectId","level":"error","message":"Error in updateBlock: Cast to ObjectId failed for value \"{\n  text: [ 'Dnd Kit', 'Dnd Kit' ],\n  backgroundColor: '#FFCF58',\n  color: '#000000'\n}\" (type Object) at path \"badge\" because of \"BSONError\"","path":"badge","reason":{},"stack":"CastError: Cast to ObjectId failed for value \"{\n  text: [ 'Dnd Kit', 'Dnd Kit' ],\n  backgroundColor: '#FFCF58',\n  color: '#000000'\n}\" (type Object) at path \"badge\" because of \"BSONError\"\n    at SchemaObjectId.cast (/Users/keshavv/Desktop/dodo/dodo_be_new/node_modules/.pnpm/mongoose@8.9.5/node_modules/mongoose/lib/schema/objectId.js:250:11)\n    at SchemaObjectId.SchemaType.applySetters (/Users/keshavv/Desktop/dodo/dodo_be_new/node_modules/.pnpm/mongoose@8.9.5/node_modules/mongoose/lib/schemaType.js:1255:12)\n    at SchemaObjectId.SchemaType.castForQuery (/Users/keshavv/Desktop/dodo/dodo_be_new/node_modules/.pnpm/mongoose@8.9.5/node_modules/mongoose/lib/schemaType.js:1673:17)\n    at castUpdateVal (/Users/keshavv/Desktop/dodo/dodo_be_new/node_modules/.pnpm/mongoose@8.9.5/node_modules/mongoose/lib/helpers/query/castUpdate.js:618:19)\n    at walkUpdatePath (/Users/keshavv/Desktop/dodo/dodo_be_new/node_modules/.pnpm/mongoose@8.9.5/node_modules/mongoose/lib/helpers/query/castUpdate.js:323:22)\n    at castUpdate (/Users/keshavv/Desktop/dodo/dodo_be_new/node_modules/.pnpm/mongoose@8.9.5/node_modules/mongoose/lib/helpers/query/castUpdate.js:134:7)\n    at model.Query._castUpdate (/Users/keshavv/Desktop/dodo/dodo_be_new/node_modules/.pnpm/mongoose@8.9.5/node_modules/mongoose/lib/query.js:4685:10)\n    at model.Query._findOneAndUpdate (/Users/keshavv/Desktop/dodo/dodo_be_new/node_modules/.pnpm/mongoose@8.9.5/node_modules/mongoose/lib/query.js:3420:23)\n    at model.Query.exec (/Users/keshavv/Desktop/dodo/dodo_be_new/node_modules/.pnpm/mongoose@8.9.5/node_modules/mongoose/lib/query.js:4438:80)\n    at processTicksAndRejections (node:internal/process/task_queues:95:5)","stringValue":"\"{\n  text: [ 'Dnd Kit', 'Dnd Kit' ],\n  backgroundColor: '#FFCF58',\n  color: '#000000'\n}\"","timestamp":"2025-02-18T06:37:41.404Z","value":{"backgroundColor":"#FFCF58","color":"#000000","text":["Dnd Kit","Dnd Kit"]},"valueType":"Object"}
{"_message":"ProductBlock validation failed","errors":{"link":{"kind":"required","message":"Path `link` is required.","name":"ValidatorError","path":"link","properties":{"message":"Path `link` is required.","path":"link","type":"required","value":""},"value":""},"productImage":{"kind":"required","message":"Path `productImage` is required.","name":"ValidatorError","path":"productImage","properties":{"message":"Path `productImage` is required.","path":"productImage","type":"required"}},"title":{"kind":"required","message":"Path `title` is required.","name":"ValidatorError","path":"title","properties":{"message":"Path `title` is required.","path":"title","type":"required","value":""},"value":""}},"level":"error","message":"Error in createBlock: ProductBlock validation failed: productImage: Path `productImage` is required., title: Path `title` is required., link: Path `link` is required.","stack":"ValidationError: ProductBlock validation failed: productImage: Path `productImage` is required., title: Path `title` is required., link: Path `link` is required.\n    at model.Document.invalidate (/Users/keshavv/Desktop/dodo/dodo_be_new/node_modules/.pnpm/mongoose@8.9.5/node_modules/mongoose/lib/document.js:3334:32)\n    at /Users/keshavv/Desktop/dodo/dodo_be_new/node_modules/.pnpm/mongoose@8.9.5/node_modules/mongoose/lib/document.js:3095:17\n    at /Users/keshavv/Desktop/dodo/dodo_be_new/node_modules/.pnpm/mongoose@8.9.5/node_modules/mongoose/lib/schemaType.js:1407:9\n    at processTicksAndRejections (node:internal/process/task_queues:77:11)","timestamp":"2025-02-18T06:41:20.915Z"}
{"code":"ERR_HTTP_HEADERS_SENT","level":"error","message":"Error in getBlockById: Cannot set headers after they are sent to the client","stack":"Error: Cannot set headers after they are sent to the client\n    at ServerResponse.setHeader (node:_http_outgoing:655:11)\n    at ServerResponse.header (/Users/keshavv/Desktop/dodo/dodo_be_new/node_modules/.pnpm/express@4.21.2/node_modules/express/lib/response.js:794:10)\n    at ServerResponse.send (/Users/keshavv/Desktop/dodo/dodo_be_new/node_modules/.pnpm/express@4.21.2/node_modules/express/lib/response.js:174:12)\n    at ServerResponse.json (/Users/keshavv/Desktop/dodo/dodo_be_new/node_modules/.pnpm/express@4.21.2/node_modules/express/lib/response.js:278:15)\n    at getBlockById (/Users/keshavv/Desktop/dodo/dodo_be_new/src/controllers/block/blockController.ts:829:23)\n    at processTicksAndRejections (node:internal/process/task_queues:95:5)","timestamp":"2025-02-18T06:45:37.966Z"}
{"level":"info","message":"MongoDB Connected Successfully","timestamp":"2025-02-18T07:04:28.430Z"}
{"level":"info","message":"Server running on port 3002","timestamp":"2025-02-18T07:04:28.440Z"}
{"level":"info","message":"MongoDB Connected Successfully","timestamp":"2025-02-18T07:08:38.982Z"}
{"level":"info","message":"Server running on port 3002","timestamp":"2025-02-18T07:08:38.993Z"}
{"level":"warn","message":"MongoDB disconnected. Attempting to reconnect...","timestamp":"2025-02-18T07:19:12.534Z"}
{"level":"info","message":"MongoDB Connected Successfully","timestamp":"2025-02-23T12:02:40.881Z"}
{"level":"info","message":"Server running on port 3002","timestamp":"2025-02-23T12:02:40.884Z"}
{"level":"info","message":"MongoDB Connected Successfully","timestamp":"2025-02-23T20:18:08.121Z"}
{"level":"info","message":"Server running on port 3002","timestamp":"2025-02-23T20:18:08.132Z"}
{"level":"warn","message":"MongoDB disconnected. Attempting to reconnect...","timestamp":"2025-02-23T21:40:01.019Z"}
{"level":"warn","message":"MongoDB disconnected. Attempting to reconnect...","timestamp":"2025-02-23T22:39:49.993Z"}
{"level":"warn","message":"MongoDB disconnected. Attempting to reconnect...","timestamp":"2025-02-23T23:24:53.750Z"}
{"level":"warn","message":"MongoDB disconnected. Attempting to reconnect...","timestamp":"2025-02-23T23:59:32.530Z"}
{"level":"warn","message":"MongoDB disconnected. Attempting to reconnect...","timestamp":"2025-02-24T00:25:52.932Z"}
{"level":"warn","message":"MongoDB disconnected. Attempting to reconnect...","timestamp":"2025-02-24T00:59:41.722Z"}
{"level":"warn","message":"MongoDB disconnected. Attempting to reconnect...","timestamp":"2025-02-24T01:26:52.431Z"}
{"level":"warn","message":"MongoDB disconnected. Attempting to reconnect...","timestamp":"2025-02-24T01:40:06.320Z"}
{"level":"warn","message":"MongoDB disconnected. Attempting to reconnect...","timestamp":"2025-02-24T01:52:07.344Z"}
{"level":"warn","message":"MongoDB disconnected. Attempting to reconnect...","timestamp":"2025-02-24T02:08:31.532Z"}
{"level":"warn","message":"MongoDB disconnected. Attempting to reconnect...","timestamp":"2025-02-24T02:09:22.698Z"}
{"level":"info","message":"MongoDB Connected Successfully","timestamp":"2025-02-24T04:01:09.916Z"}
{"level":"info","message":"Server running on port 3002","timestamp":"2025-02-24T04:01:09.928Z"}
{"level":"info","message":"MongoDB Connected Successfully","timestamp":"2025-02-24T04:10:40.869Z"}
{"level":"info","message":"Server running on port 3002","timestamp":"2025-02-24T04:10:40.882Z"}
{"code":"LIMIT_UNEXPECTED_FILE","field":"dodoPageImage","level":"error","message":"File upload error: Unexpected field","name":"MulterError","stack":"MulterError: Unexpected field\n    at wrappedFileFilter (/Users/keshavv/Desktop/dodo/dodo_be/node_modules/.pnpm/multer@1.4.5-lts.1/node_modules/multer/index.js:40:19)\n    at Multipart.<anonymous> (/Users/keshavv/Desktop/dodo/dodo_be/node_modules/.pnpm/multer@1.4.5-lts.1/node_modules/multer/lib/make-middleware.js:107:7)\n    at Multipart.emit (node:events:518:28)\n    at HeaderParser.cb (/Users/keshavv/Desktop/dodo/dodo_be/node_modules/.pnpm/busboy@1.6.0/node_modules/busboy/lib/types/multipart.js:358:14)\n    at HeaderParser.push (/Users/keshavv/Desktop/dodo/dodo_be/node_modules/.pnpm/busboy@1.6.0/node_modules/busboy/lib/types/multipart.js:162:20)\n    at SBMH.ssCb [as _cb] (/Users/keshavv/Desktop/dodo/dodo_be/node_modules/.pnpm/busboy@1.6.0/node_modules/busboy/lib/types/multipart.js:394:37)\n    at feed (/Users/keshavv/Desktop/dodo/dodo_be/node_modules/.pnpm/streamsearch@1.1.0/node_modules/streamsearch/lib/sbmh.js:248:10)\n    at SBMH.push (/Users/keshavv/Desktop/dodo/dodo_be/node_modules/.pnpm/streamsearch@1.1.0/node_modules/streamsearch/lib/sbmh.js:104:16)\n    at Multipart._write (/Users/keshavv/Desktop/dodo/dodo_be/node_modules/.pnpm/busboy@1.6.0/node_modules/busboy/lib/types/multipart.js:567:19)\n    at writeOrBuffer (node:internal/streams/writable:572:12)","storageErrors":[],"timestamp":"2025-02-24T04:22:19.828Z"}
{"code":"LIMIT_UNEXPECTED_FILE","field":"dodoPageImage","level":"error","message":"File upload error: Unexpected field","name":"MulterError","stack":"MulterError: Unexpected field\n    at wrappedFileFilter (/Users/keshavv/Desktop/dodo/dodo_be/node_modules/.pnpm/multer@1.4.5-lts.1/node_modules/multer/index.js:40:19)\n    at Multipart.<anonymous> (/Users/keshavv/Desktop/dodo/dodo_be/node_modules/.pnpm/multer@1.4.5-lts.1/node_modules/multer/lib/make-middleware.js:107:7)\n    at Multipart.emit (node:events:518:28)\n    at HeaderParser.cb (/Users/keshavv/Desktop/dodo/dodo_be/node_modules/.pnpm/busboy@1.6.0/node_modules/busboy/lib/types/multipart.js:358:14)\n    at HeaderParser.push (/Users/keshavv/Desktop/dodo/dodo_be/node_modules/.pnpm/busboy@1.6.0/node_modules/busboy/lib/types/multipart.js:162:20)\n    at SBMH.ssCb [as _cb] (/Users/keshavv/Desktop/dodo/dodo_be/node_modules/.pnpm/busboy@1.6.0/node_modules/busboy/lib/types/multipart.js:394:37)\n    at feed (/Users/keshavv/Desktop/dodo/dodo_be/node_modules/.pnpm/streamsearch@1.1.0/node_modules/streamsearch/lib/sbmh.js:248:10)\n    at SBMH.push (/Users/keshavv/Desktop/dodo/dodo_be/node_modules/.pnpm/streamsearch@1.1.0/node_modules/streamsearch/lib/sbmh.js:104:16)\n    at Multipart._write (/Users/keshavv/Desktop/dodo/dodo_be/node_modules/.pnpm/busboy@1.6.0/node_modules/busboy/lib/types/multipart.js:567:19)\n    at writeOrBuffer (node:internal/streams/writable:572:12)","storageErrors":[],"timestamp":"2025-02-24T04:30:10.441Z"}
{"code":"LIMIT_UNEXPECTED_FILE","field":"dodoPageImage","level":"error","message":"File upload error: Unexpected field","name":"MulterError","stack":"MulterError: Unexpected field\n    at wrappedFileFilter (/Users/keshavv/Desktop/dodo/dodo_be/node_modules/.pnpm/multer@1.4.5-lts.1/node_modules/multer/index.js:40:19)\n    at Multipart.<anonymous> (/Users/keshavv/Desktop/dodo/dodo_be/node_modules/.pnpm/multer@1.4.5-lts.1/node_modules/multer/lib/make-middleware.js:107:7)\n    at Multipart.emit (node:events:518:28)\n    at HeaderParser.cb (/Users/keshavv/Desktop/dodo/dodo_be/node_modules/.pnpm/busboy@1.6.0/node_modules/busboy/lib/types/multipart.js:358:14)\n    at HeaderParser.push (/Users/keshavv/Desktop/dodo/dodo_be/node_modules/.pnpm/busboy@1.6.0/node_modules/busboy/lib/types/multipart.js:162:20)\n    at SBMH.ssCb [as _cb] (/Users/keshavv/Desktop/dodo/dodo_be/node_modules/.pnpm/busboy@1.6.0/node_modules/busboy/lib/types/multipart.js:394:37)\n    at feed (/Users/keshavv/Desktop/dodo/dodo_be/node_modules/.pnpm/streamsearch@1.1.0/node_modules/streamsearch/lib/sbmh.js:248:10)\n    at SBMH.push (/Users/keshavv/Desktop/dodo/dodo_be/node_modules/.pnpm/streamsearch@1.1.0/node_modules/streamsearch/lib/sbmh.js:104:16)\n    at Multipart._write (/Users/keshavv/Desktop/dodo/dodo_be/node_modules/.pnpm/busboy@1.6.0/node_modules/busboy/lib/types/multipart.js:567:19)\n    at writeOrBuffer (node:internal/streams/writable:572:12)","storageErrors":[],"timestamp":"2025-02-24T04:31:42.119Z"}
{"level":"info","message":"MongoDB Connected Successfully","timestamp":"2025-02-24T04:32:19.364Z"}
{"level":"info","message":"Server running on port 3002","timestamp":"2025-02-24T04:32:19.375Z"}
{"code":"LIMIT_UNEXPECTED_FILE","field":"dodoPageImage","level":"error","message":"File upload error: Unexpected field","name":"MulterError","stack":"MulterError: Unexpected field\n    at wrappedFileFilter (/Users/keshavv/Desktop/dodo/dodo_be/node_modules/.pnpm/multer@1.4.5-lts.1/node_modules/multer/index.js:40:19)\n    at Multipart.<anonymous> (/Users/keshavv/Desktop/dodo/dodo_be/node_modules/.pnpm/multer@1.4.5-lts.1/node_modules/multer/lib/make-middleware.js:107:7)\n    at Multipart.emit (node:events:518:28)\n    at HeaderParser.cb (/Users/keshavv/Desktop/dodo/dodo_be/node_modules/.pnpm/busboy@1.6.0/node_modules/busboy/lib/types/multipart.js:358:14)\n    at HeaderParser.push (/Users/keshavv/Desktop/dodo/dodo_be/node_modules/.pnpm/busboy@1.6.0/node_modules/busboy/lib/types/multipart.js:162:20)\n    at SBMH.ssCb [as _cb] (/Users/keshavv/Desktop/dodo/dodo_be/node_modules/.pnpm/busboy@1.6.0/node_modules/busboy/lib/types/multipart.js:394:37)\n    at feed (/Users/keshavv/Desktop/dodo/dodo_be/node_modules/.pnpm/streamsearch@1.1.0/node_modules/streamsearch/lib/sbmh.js:248:10)\n    at SBMH.push (/Users/keshavv/Desktop/dodo/dodo_be/node_modules/.pnpm/streamsearch@1.1.0/node_modules/streamsearch/lib/sbmh.js:104:16)\n    at Multipart._write (/Users/keshavv/Desktop/dodo/dodo_be/node_modules/.pnpm/busboy@1.6.0/node_modules/busboy/lib/types/multipart.js:567:19)\n    at writeOrBuffer (node:internal/streams/writable:572:12)","storageErrors":[],"timestamp":"2025-02-24T04:32:31.986Z"}
{"level":"info","message":"MongoDB Connected Successfully","timestamp":"2025-02-24T04:33:24.703Z"}
{"level":"info","message":"Server running on port 3002","timestamp":"2025-02-24T04:33:24.711Z"}
{"level":"info","message":"MongoDB Connected Successfully","timestamp":"2025-02-24T04:33:34.342Z"}
{"level":"info","message":"Server running on port 3002","timestamp":"2025-02-24T04:33:34.349Z"}
{"level":"info","message":"MongoDB Connected Successfully","timestamp":"2025-02-24T04:36:08.491Z"}
{"level":"info","message":"Server running on port 3002","timestamp":"2025-02-24T04:36:08.506Z"}
{"kind":"ObjectId","level":"error","message":"Error in getBlockById: Cast to ObjectId failed for value \"9444603b-78be-44ce-9563-c91feccf6aa3\" (type string) at path \"_id\" for model \"Block\"","path":"_id","reason":{},"stack":"CastError: Cast to ObjectId failed for value \"9444603b-78be-44ce-9563-c91feccf6aa3\" (type string) at path \"_id\" for model \"Block\"\n    at SchemaObjectId.cast (/Users/keshavv/Desktop/dodo/dodo_be/node_modules/.pnpm/mongoose@8.9.5/node_modules/mongoose/lib/schema/objectId.js:250:11)\n    at SchemaObjectId.SchemaType.applySetters (/Users/keshavv/Desktop/dodo/dodo_be/node_modules/.pnpm/mongoose@8.9.5/node_modules/mongoose/lib/schemaType.js:1255:12)\n    at SchemaObjectId.SchemaType.castForQuery (/Users/keshavv/Desktop/dodo/dodo_be/node_modules/.pnpm/mongoose@8.9.5/node_modules/mongoose/lib/schemaType.js:1673:17)\n    at cast (/Users/keshavv/Desktop/dodo/dodo_be/node_modules/.pnpm/mongoose@8.9.5/node_modules/mongoose/lib/cast.js:390:32)\n    at model.Query.Query.cast (/Users/keshavv/Desktop/dodo/dodo_be/node_modules/.pnpm/mongoose@8.9.5/node_modules/mongoose/lib/query.js:4889:12)\n    at model.Query.Query._castConditions (/Users/keshavv/Desktop/dodo/dodo_be/node_modules/.pnpm/mongoose@8.9.5/node_modules/mongoose/lib/query.js:2306:10)\n    at model.Query._findOne (/Users/keshavv/Desktop/dodo/dodo_be/node_modules/.pnpm/mongoose@8.9.5/node_modules/mongoose/lib/query.js:2630:8)\n    at model.Query.exec (/Users/keshavv/Desktop/dodo/dodo_be/node_modules/.pnpm/mongoose@8.9.5/node_modules/mongoose/lib/query.js:4438:80)\n    at processTicksAndRejections (node:internal/process/task_queues:95:5)\n    at getBlockById (/Users/keshavv/Desktop/dodo/dodo_be/src/controllers/block/blockController.ts:745:21)","stringValue":"\"9444603b-78be-44ce-9563-c91feccf6aa3\"","timestamp":"2025-02-24T04:45:33.735Z","value":"9444603b-78be-44ce-9563-c91feccf6aa3","valueType":"string"}
{"kind":"ObjectId","level":"error","message":"Error in getBlockById: Cast to ObjectId failed for value \"9444603b-78be-44ce-9563-c91feccf6aa3\" (type string) at path \"_id\" for model \"Block\"","path":"_id","reason":{},"stack":"CastError: Cast to ObjectId failed for value \"9444603b-78be-44ce-9563-c91feccf6aa3\" (type string) at path \"_id\" for model \"Block\"\n    at SchemaObjectId.cast (/Users/keshavv/Desktop/dodo/dodo_be/node_modules/.pnpm/mongoose@8.9.5/node_modules/mongoose/lib/schema/objectId.js:250:11)\n    at SchemaObjectId.SchemaType.applySetters (/Users/keshavv/Desktop/dodo/dodo_be/node_modules/.pnpm/mongoose@8.9.5/node_modules/mongoose/lib/schemaType.js:1255:12)\n    at SchemaObjectId.SchemaType.castForQuery (/Users/keshavv/Desktop/dodo/dodo_be/node_modules/.pnpm/mongoose@8.9.5/node_modules/mongoose/lib/schemaType.js:1673:17)\n    at cast (/Users/keshavv/Desktop/dodo/dodo_be/node_modules/.pnpm/mongoose@8.9.5/node_modules/mongoose/lib/cast.js:390:32)\n    at model.Query.Query.cast (/Users/keshavv/Desktop/dodo/dodo_be/node_modules/.pnpm/mongoose@8.9.5/node_modules/mongoose/lib/query.js:4889:12)\n    at model.Query.Query._castConditions (/Users/keshavv/Desktop/dodo/dodo_be/node_modules/.pnpm/mongoose@8.9.5/node_modules/mongoose/lib/query.js:2306:10)\n    at model.Query._findOne (/Users/keshavv/Desktop/dodo/dodo_be/node_modules/.pnpm/mongoose@8.9.5/node_modules/mongoose/lib/query.js:2630:8)\n    at model.Query.exec (/Users/keshavv/Desktop/dodo/dodo_be/node_modules/.pnpm/mongoose@8.9.5/node_modules/mongoose/lib/query.js:4438:80)\n    at processTicksAndRejections (node:internal/process/task_queues:95:5)\n    at getBlockById (/Users/keshavv/Desktop/dodo/dodo_be/src/controllers/block/blockController.ts:745:21)","stringValue":"\"9444603b-78be-44ce-9563-c91feccf6aa3\"","timestamp":"2025-02-24T04:45:33.742Z","value":"9444603b-78be-44ce-9563-c91feccf6aa3","valueType":"string"}
{"kind":"ObjectId","level":"error","message":"Error in getBlockById: Cast to ObjectId failed for value \"31edfaf3-d9b5-49df-ae21-178000994d2f\" (type string) at path \"_id\" for model \"Block\"","path":"_id","reason":{},"stack":"CastError: Cast to ObjectId failed for value \"31edfaf3-d9b5-49df-ae21-178000994d2f\" (type string) at path \"_id\" for model \"Block\"\n    at SchemaObjectId.cast (/Users/keshavv/Desktop/dodo/dodo_be/node_modules/.pnpm/mongoose@8.9.5/node_modules/mongoose/lib/schema/objectId.js:250:11)\n    at SchemaObjectId.SchemaType.applySetters (/Users/keshavv/Desktop/dodo/dodo_be/node_modules/.pnpm/mongoose@8.9.5/node_modules/mongoose/lib/schemaType.js:1255:12)\n    at SchemaObjectId.SchemaType.castForQuery (/Users/keshavv/Desktop/dodo/dodo_be/node_modules/.pnpm/mongoose@8.9.5/node_modules/mongoose/lib/schemaType.js:1673:17)\n    at cast (/Users/keshavv/Desktop/dodo/dodo_be/node_modules/.pnpm/mongoose@8.9.5/node_modules/mongoose/lib/cast.js:390:32)\n    at model.Query.Query.cast (/Users/keshavv/Desktop/dodo/dodo_be/node_modules/.pnpm/mongoose@8.9.5/node_modules/mongoose/lib/query.js:4889:12)\n    at model.Query.Query._castConditions (/Users/keshavv/Desktop/dodo/dodo_be/node_modules/.pnpm/mongoose@8.9.5/node_modules/mongoose/lib/query.js:2306:10)\n    at model.Query._findOne (/Users/keshavv/Desktop/dodo/dodo_be/node_modules/.pnpm/mongoose@8.9.5/node_modules/mongoose/lib/query.js:2630:8)\n    at model.Query.exec (/Users/keshavv/Desktop/dodo/dodo_be/node_modules/.pnpm/mongoose@8.9.5/node_modules/mongoose/lib/query.js:4438:80)\n    at processTicksAndRejections (node:internal/process/task_queues:95:5)\n    at getBlockById (/Users/keshavv/Desktop/dodo/dodo_be/src/controllers/block/blockController.ts:745:21)","stringValue":"\"31edfaf3-d9b5-49df-ae21-178000994d2f\"","timestamp":"2025-02-24T04:46:16.997Z","value":"31edfaf3-d9b5-49df-ae21-178000994d2f","valueType":"string"}
{"kind":"ObjectId","level":"error","message":"Error in getBlockById: Cast to ObjectId failed for value \"31edfaf3-d9b5-49df-ae21-178000994d2f\" (type string) at path \"_id\" for model \"Block\"","path":"_id","reason":{},"stack":"CastError: Cast to ObjectId failed for value \"31edfaf3-d9b5-49df-ae21-178000994d2f\" (type string) at path \"_id\" for model \"Block\"\n    at SchemaObjectId.cast (/Users/keshavv/Desktop/dodo/dodo_be/node_modules/.pnpm/mongoose@8.9.5/node_modules/mongoose/lib/schema/objectId.js:250:11)\n    at SchemaObjectId.SchemaType.applySetters (/Users/keshavv/Desktop/dodo/dodo_be/node_modules/.pnpm/mongoose@8.9.5/node_modules/mongoose/lib/schemaType.js:1255:12)\n    at SchemaObjectId.SchemaType.castForQuery (/Users/keshavv/Desktop/dodo/dodo_be/node_modules/.pnpm/mongoose@8.9.5/node_modules/mongoose/lib/schemaType.js:1673:17)\n    at cast (/Users/keshavv/Desktop/dodo/dodo_be/node_modules/.pnpm/mongoose@8.9.5/node_modules/mongoose/lib/cast.js:390:32)\n    at model.Query.Query.cast (/Users/keshavv/Desktop/dodo/dodo_be/node_modules/.pnpm/mongoose@8.9.5/node_modules/mongoose/lib/query.js:4889:12)\n    at model.Query.Query._castConditions (/Users/keshavv/Desktop/dodo/dodo_be/node_modules/.pnpm/mongoose@8.9.5/node_modules/mongoose/lib/query.js:2306:10)\n    at model.Query._findOne (/Users/keshavv/Desktop/dodo/dodo_be/node_modules/.pnpm/mongoose@8.9.5/node_modules/mongoose/lib/query.js:2630:8)\n    at model.Query.exec (/Users/keshavv/Desktop/dodo/dodo_be/node_modules/.pnpm/mongoose@8.9.5/node_modules/mongoose/lib/query.js:4438:80)\n    at processTicksAndRejections (node:internal/process/task_queues:95:5)\n    at getBlockById (/Users/keshavv/Desktop/dodo/dodo_be/src/controllers/block/blockController.ts:745:21)","stringValue":"\"31edfaf3-d9b5-49df-ae21-178000994d2f\"","timestamp":"2025-02-24T04:46:17.002Z","value":"31edfaf3-d9b5-49df-ae21-178000994d2f","valueType":"string"}
{"level":"warn","message":"MongoDB disconnected. Attempting to reconnect...","timestamp":"2025-02-24T04:56:57.359Z"}
{"kind":"ObjectId","level":"error","message":"Error in getBlockById: Cast to ObjectId failed for value \"9e7e1ec6-9b2d-4226-903a-c18fdb72153d\" (type string) at path \"_id\" for model \"Block\"","path":"_id","reason":{},"stack":"CastError: Cast to ObjectId failed for value \"9e7e1ec6-9b2d-4226-903a-c18fdb72153d\" (type string) at path \"_id\" for model \"Block\"\n    at SchemaObjectId.cast (/Users/keshavv/Desktop/dodo/dodo_be/node_modules/.pnpm/mongoose@8.9.5/node_modules/mongoose/lib/schema/objectId.js:250:11)\n    at SchemaObjectId.SchemaType.applySetters (/Users/keshavv/Desktop/dodo/dodo_be/node_modules/.pnpm/mongoose@8.9.5/node_modules/mongoose/lib/schemaType.js:1255:12)\n    at SchemaObjectId.SchemaType.castForQuery (/Users/keshavv/Desktop/dodo/dodo_be/node_modules/.pnpm/mongoose@8.9.5/node_modules/mongoose/lib/schemaType.js:1673:17)\n    at cast (/Users/keshavv/Desktop/dodo/dodo_be/node_modules/.pnpm/mongoose@8.9.5/node_modules/mongoose/lib/cast.js:390:32)\n    at model.Query.Query.cast (/Users/keshavv/Desktop/dodo/dodo_be/node_modules/.pnpm/mongoose@8.9.5/node_modules/mongoose/lib/query.js:4889:12)\n    at model.Query.Query._castConditions (/Users/keshavv/Desktop/dodo/dodo_be/node_modules/.pnpm/mongoose@8.9.5/node_modules/mongoose/lib/query.js:2306:10)\n    at model.Query._findOne (/Users/keshavv/Desktop/dodo/dodo_be/node_modules/.pnpm/mongoose@8.9.5/node_modules/mongoose/lib/query.js:2630:8)\n    at model.Query.exec (/Users/keshavv/Desktop/dodo/dodo_be/node_modules/.pnpm/mongoose@8.9.5/node_modules/mongoose/lib/query.js:4438:80)\n    at processTicksAndRejections (node:internal/process/task_queues:95:5)\n    at getBlockById (/Users/keshavv/Desktop/dodo/dodo_be/src/controllers/block/blockController.ts:745:21)","stringValue":"\"9e7e1ec6-9b2d-4226-903a-c18fdb72153d\"","timestamp":"2025-02-24T05:04:40.136Z","value":"9e7e1ec6-9b2d-4226-903a-c18fdb72153d","valueType":"string"}
{"kind":"ObjectId","level":"error","message":"Error in getBlockById: Cast to ObjectId failed for value \"9e7e1ec6-9b2d-4226-903a-c18fdb72153d\" (type string) at path \"_id\" for model \"Block\"","path":"_id","reason":{},"stack":"CastError: Cast to ObjectId failed for value \"9e7e1ec6-9b2d-4226-903a-c18fdb72153d\" (type string) at path \"_id\" for model \"Block\"\n    at SchemaObjectId.cast (/Users/keshavv/Desktop/dodo/dodo_be/node_modules/.pnpm/mongoose@8.9.5/node_modules/mongoose/lib/schema/objectId.js:250:11)\n    at SchemaObjectId.SchemaType.applySetters (/Users/keshavv/Desktop/dodo/dodo_be/node_modules/.pnpm/mongoose@8.9.5/node_modules/mongoose/lib/schemaType.js:1255:12)\n    at SchemaObjectId.SchemaType.castForQuery (/Users/keshavv/Desktop/dodo/dodo_be/node_modules/.pnpm/mongoose@8.9.5/node_modules/mongoose/lib/schemaType.js:1673:17)\n    at cast (/Users/keshavv/Desktop/dodo/dodo_be/node_modules/.pnpm/mongoose@8.9.5/node_modules/mongoose/lib/cast.js:390:32)\n    at model.Query.Query.cast (/Users/keshavv/Desktop/dodo/dodo_be/node_modules/.pnpm/mongoose@8.9.5/node_modules/mongoose/lib/query.js:4889:12)\n    at model.Query.Query._castConditions (/Users/keshavv/Desktop/dodo/dodo_be/node_modules/.pnpm/mongoose@8.9.5/node_modules/mongoose/lib/query.js:2306:10)\n    at model.Query._findOne (/Users/keshavv/Desktop/dodo/dodo_be/node_modules/.pnpm/mongoose@8.9.5/node_modules/mongoose/lib/query.js:2630:8)\n    at model.Query.exec (/Users/keshavv/Desktop/dodo/dodo_be/node_modules/.pnpm/mongoose@8.9.5/node_modules/mongoose/lib/query.js:4438:80)\n    at processTicksAndRejections (node:internal/process/task_queues:95:5)\n    at getBlockById (/Users/keshavv/Desktop/dodo/dodo_be/src/controllers/block/blockController.ts:745:21)","stringValue":"\"9e7e1ec6-9b2d-4226-903a-c18fdb72153d\"","timestamp":"2025-02-24T05:04:40.157Z","value":"9e7e1ec6-9b2d-4226-903a-c18fdb72153d","valueType":"string"}
{"level":"warn","message":"MongoDB disconnected. Attempting to reconnect...","timestamp":"2025-02-24T05:53:14.245Z"}
{"level":"warn","message":"MongoDB disconnected. Attempting to reconnect...","timestamp":"2025-02-24T05:58:18.730Z"}
{"kind":"ObjectId","level":"error","message":"Error in getBlockById: Cast to ObjectId failed for value \"052ec11b-5a9c-4f91-8efb-97ce84a21fa6\" (type string) at path \"_id\" for model \"Block\"","path":"_id","reason":{},"stack":"CastError: Cast to ObjectId failed for value \"052ec11b-5a9c-4f91-8efb-97ce84a21fa6\" (type string) at path \"_id\" for model \"Block\"\n    at SchemaObjectId.cast (/Users/keshavv/Desktop/dodo/dodo_be/node_modules/.pnpm/mongoose@8.9.5/node_modules/mongoose/lib/schema/objectId.js:250:11)\n    at SchemaObjectId.SchemaType.applySetters (/Users/keshavv/Desktop/dodo/dodo_be/node_modules/.pnpm/mongoose@8.9.5/node_modules/mongoose/lib/schemaType.js:1255:12)\n    at SchemaObjectId.SchemaType.castForQuery (/Users/keshavv/Desktop/dodo/dodo_be/node_modules/.pnpm/mongoose@8.9.5/node_modules/mongoose/lib/schemaType.js:1673:17)\n    at cast (/Users/keshavv/Desktop/dodo/dodo_be/node_modules/.pnpm/mongoose@8.9.5/node_modules/mongoose/lib/cast.js:390:32)\n    at model.Query.Query.cast (/Users/keshavv/Desktop/dodo/dodo_be/node_modules/.pnpm/mongoose@8.9.5/node_modules/mongoose/lib/query.js:4889:12)\n    at model.Query.Query._castConditions (/Users/keshavv/Desktop/dodo/dodo_be/node_modules/.pnpm/mongoose@8.9.5/node_modules/mongoose/lib/query.js:2306:10)\n    at model.Query._findOne (/Users/keshavv/Desktop/dodo/dodo_be/node_modules/.pnpm/mongoose@8.9.5/node_modules/mongoose/lib/query.js:2630:8)\n    at model.Query.exec (/Users/keshavv/Desktop/dodo/dodo_be/node_modules/.pnpm/mongoose@8.9.5/node_modules/mongoose/lib/query.js:4438:80)\n    at processTicksAndRejections (node:internal/process/task_queues:95:5)\n    at getBlockById (/Users/keshavv/Desktop/dodo/dodo_be/src/controllers/block/blockController.ts:745:21)","stringValue":"\"052ec11b-5a9c-4f91-8efb-97ce84a21fa6\"","timestamp":"2025-02-24T06:49:02.277Z","value":"052ec11b-5a9c-4f91-8efb-97ce84a21fa6","valueType":"string"}
{"kind":"ObjectId","level":"error","message":"Error in getBlockById: Cast to ObjectId failed for value \"052ec11b-5a9c-4f91-8efb-97ce84a21fa6\" (type string) at path \"_id\" for model \"Block\"","path":"_id","reason":{},"stack":"CastError: Cast to ObjectId failed for value \"052ec11b-5a9c-4f91-8efb-97ce84a21fa6\" (type string) at path \"_id\" for model \"Block\"\n    at SchemaObjectId.cast (/Users/keshavv/Desktop/dodo/dodo_be/node_modules/.pnpm/mongoose@8.9.5/node_modules/mongoose/lib/schema/objectId.js:250:11)\n    at SchemaObjectId.SchemaType.applySetters (/Users/keshavv/Desktop/dodo/dodo_be/node_modules/.pnpm/mongoose@8.9.5/node_modules/mongoose/lib/schemaType.js:1255:12)\n    at SchemaObjectId.SchemaType.castForQuery (/Users/keshavv/Desktop/dodo/dodo_be/node_modules/.pnpm/mongoose@8.9.5/node_modules/mongoose/lib/schemaType.js:1673:17)\n    at cast (/Users/keshavv/Desktop/dodo/dodo_be/node_modules/.pnpm/mongoose@8.9.5/node_modules/mongoose/lib/cast.js:390:32)\n    at model.Query.Query.cast (/Users/keshavv/Desktop/dodo/dodo_be/node_modules/.pnpm/mongoose@8.9.5/node_modules/mongoose/lib/query.js:4889:12)\n    at model.Query.Query._castConditions (/Users/keshavv/Desktop/dodo/dodo_be/node_modules/.pnpm/mongoose@8.9.5/node_modules/mongoose/lib/query.js:2306:10)\n    at model.Query._findOne (/Users/keshavv/Desktop/dodo/dodo_be/node_modules/.pnpm/mongoose@8.9.5/node_modules/mongoose/lib/query.js:2630:8)\n    at model.Query.exec (/Users/keshavv/Desktop/dodo/dodo_be/node_modules/.pnpm/mongoose@8.9.5/node_modules/mongoose/lib/query.js:4438:80)\n    at processTicksAndRejections (node:internal/process/task_queues:95:5)\n    at getBlockById (/Users/keshavv/Desktop/dodo/dodo_be/src/controllers/block/blockController.ts:745:21)","stringValue":"\"052ec11b-5a9c-4f91-8efb-97ce84a21fa6\"","timestamp":"2025-02-24T06:49:02.290Z","value":"052ec11b-5a9c-4f91-8efb-97ce84a21fa6","valueType":"string"}
{"kind":"ObjectId","level":"error","message":"Error in getBlockById: Cast to ObjectId failed for value \"183c5b4d-0042-4d1d-9996-6b5b99f8f144\" (type string) at path \"_id\" for model \"Block\"","path":"_id","reason":{},"stack":"CastError: Cast to ObjectId failed for value \"183c5b4d-0042-4d1d-9996-6b5b99f8f144\" (type string) at path \"_id\" for model \"Block\"\n    at SchemaObjectId.cast (/Users/keshavv/Desktop/dodo/dodo_be/node_modules/.pnpm/mongoose@8.9.5/node_modules/mongoose/lib/schema/objectId.js:250:11)\n    at SchemaObjectId.SchemaType.applySetters (/Users/keshavv/Desktop/dodo/dodo_be/node_modules/.pnpm/mongoose@8.9.5/node_modules/mongoose/lib/schemaType.js:1255:12)\n    at SchemaObjectId.SchemaType.castForQuery (/Users/keshavv/Desktop/dodo/dodo_be/node_modules/.pnpm/mongoose@8.9.5/node_modules/mongoose/lib/schemaType.js:1673:17)\n    at cast (/Users/keshavv/Desktop/dodo/dodo_be/node_modules/.pnpm/mongoose@8.9.5/node_modules/mongoose/lib/cast.js:390:32)\n    at model.Query.Query.cast (/Users/keshavv/Desktop/dodo/dodo_be/node_modules/.pnpm/mongoose@8.9.5/node_modules/mongoose/lib/query.js:4889:12)\n    at model.Query.Query._castConditions (/Users/keshavv/Desktop/dodo/dodo_be/node_modules/.pnpm/mongoose@8.9.5/node_modules/mongoose/lib/query.js:2306:10)\n    at model.Query._findOne (/Users/keshavv/Desktop/dodo/dodo_be/node_modules/.pnpm/mongoose@8.9.5/node_modules/mongoose/lib/query.js:2630:8)\n    at model.Query.exec (/Users/keshavv/Desktop/dodo/dodo_be/node_modules/.pnpm/mongoose@8.9.5/node_modules/mongoose/lib/query.js:4438:80)\n    at processTicksAndRejections (node:internal/process/task_queues:95:5)\n    at getBlockById (/Users/keshavv/Desktop/dodo/dodo_be/src/controllers/block/blockController.ts:745:21)","stringValue":"\"183c5b4d-0042-4d1d-9996-6b5b99f8f144\"","timestamp":"2025-02-24T07:02:31.802Z","value":"183c5b4d-0042-4d1d-9996-6b5b99f8f144","valueType":"string"}
{"kind":"ObjectId","level":"error","message":"Error in getBlockById: Cast to ObjectId failed for value \"183c5b4d-0042-4d1d-9996-6b5b99f8f144\" (type string) at path \"_id\" for model \"Block\"","path":"_id","reason":{},"stack":"CastError: Cast to ObjectId failed for value \"183c5b4d-0042-4d1d-9996-6b5b99f8f144\" (type string) at path \"_id\" for model \"Block\"\n    at SchemaObjectId.cast (/Users/keshavv/Desktop/dodo/dodo_be/node_modules/.pnpm/mongoose@8.9.5/node_modules/mongoose/lib/schema/objectId.js:250:11)\n    at SchemaObjectId.SchemaType.applySetters (/Users/keshavv/Desktop/dodo/dodo_be/node_modules/.pnpm/mongoose@8.9.5/node_modules/mongoose/lib/schemaType.js:1255:12)\n    at SchemaObjectId.SchemaType.castForQuery (/Users/keshavv/Desktop/dodo/dodo_be/node_modules/.pnpm/mongoose@8.9.5/node_modules/mongoose/lib/schemaType.js:1673:17)\n    at cast (/Users/keshavv/Desktop/dodo/dodo_be/node_modules/.pnpm/mongoose@8.9.5/node_modules/mongoose/lib/cast.js:390:32)\n    at model.Query.Query.cast (/Users/keshavv/Desktop/dodo/dodo_be/node_modules/.pnpm/mongoose@8.9.5/node_modules/mongoose/lib/query.js:4889:12)\n    at model.Query.Query._castConditions (/Users/keshavv/Desktop/dodo/dodo_be/node_modules/.pnpm/mongoose@8.9.5/node_modules/mongoose/lib/query.js:2306:10)\n    at model.Query._findOne (/Users/keshavv/Desktop/dodo/dodo_be/node_modules/.pnpm/mongoose@8.9.5/node_modules/mongoose/lib/query.js:2630:8)\n    at model.Query.exec (/Users/keshavv/Desktop/dodo/dodo_be/node_modules/.pnpm/mongoose@8.9.5/node_modules/mongoose/lib/query.js:4438:80)\n    at processTicksAndRejections (node:internal/process/task_queues:95:5)\n    at getBlockById (/Users/keshavv/Desktop/dodo/dodo_be/src/controllers/block/blockController.ts:745:21)","stringValue":"\"183c5b4d-0042-4d1d-9996-6b5b99f8f144\"","timestamp":"2025-02-24T07:02:31.818Z","value":"183c5b4d-0042-4d1d-9996-6b5b99f8f144","valueType":"string"}
{"kind":"ObjectId","level":"error","message":"Error in getBlockById: Cast to ObjectId failed for value \"5d7d5b9a-b5e4-494c-a840-d43ef6915356\" (type string) at path \"_id\" for model \"Block\"","path":"_id","reason":{},"stack":"CastError: Cast to ObjectId failed for value \"5d7d5b9a-b5e4-494c-a840-d43ef6915356\" (type string) at path \"_id\" for model \"Block\"\n    at SchemaObjectId.cast (/Users/keshavv/Desktop/dodo/dodo_be/node_modules/.pnpm/mongoose@8.9.5/node_modules/mongoose/lib/schema/objectId.js:250:11)\n    at SchemaObjectId.SchemaType.applySetters (/Users/keshavv/Desktop/dodo/dodo_be/node_modules/.pnpm/mongoose@8.9.5/node_modules/mongoose/lib/schemaType.js:1255:12)\n    at SchemaObjectId.SchemaType.castForQuery (/Users/keshavv/Desktop/dodo/dodo_be/node_modules/.pnpm/mongoose@8.9.5/node_modules/mongoose/lib/schemaType.js:1673:17)\n    at cast (/Users/keshavv/Desktop/dodo/dodo_be/node_modules/.pnpm/mongoose@8.9.5/node_modules/mongoose/lib/cast.js:390:32)\n    at model.Query.Query.cast (/Users/keshavv/Desktop/dodo/dodo_be/node_modules/.pnpm/mongoose@8.9.5/node_modules/mongoose/lib/query.js:4889:12)\n    at model.Query.Query._castConditions (/Users/keshavv/Desktop/dodo/dodo_be/node_modules/.pnpm/mongoose@8.9.5/node_modules/mongoose/lib/query.js:2306:10)\n    at model.Query._findOne (/Users/keshavv/Desktop/dodo/dodo_be/node_modules/.pnpm/mongoose@8.9.5/node_modules/mongoose/lib/query.js:2630:8)\n    at model.Query.exec (/Users/keshavv/Desktop/dodo/dodo_be/node_modules/.pnpm/mongoose@8.9.5/node_modules/mongoose/lib/query.js:4438:80)\n    at processTicksAndRejections (node:internal/process/task_queues:95:5)\n    at getBlockById (/Users/keshavv/Desktop/dodo/dodo_be/src/controllers/block/blockController.ts:745:21)","stringValue":"\"5d7d5b9a-b5e4-494c-a840-d43ef6915356\"","timestamp":"2025-02-24T07:15:07.231Z","value":"5d7d5b9a-b5e4-494c-a840-d43ef6915356","valueType":"string"}
{"kind":"ObjectId","level":"error","message":"Error in getBlockById: Cast to ObjectId failed for value \"5d7d5b9a-b5e4-494c-a840-d43ef6915356\" (type string) at path \"_id\" for model \"Block\"","path":"_id","reason":{},"stack":"CastError: Cast to ObjectId failed for value \"5d7d5b9a-b5e4-494c-a840-d43ef6915356\" (type string) at path \"_id\" for model \"Block\"\n    at SchemaObjectId.cast (/Users/keshavv/Desktop/dodo/dodo_be/node_modules/.pnpm/mongoose@8.9.5/node_modules/mongoose/lib/schema/objectId.js:250:11)\n    at SchemaObjectId.SchemaType.applySetters (/Users/keshavv/Desktop/dodo/dodo_be/node_modules/.pnpm/mongoose@8.9.5/node_modules/mongoose/lib/schemaType.js:1255:12)\n    at SchemaObjectId.SchemaType.castForQuery (/Users/keshavv/Desktop/dodo/dodo_be/node_modules/.pnpm/mongoose@8.9.5/node_modules/mongoose/lib/schemaType.js:1673:17)\n    at cast (/Users/keshavv/Desktop/dodo/dodo_be/node_modules/.pnpm/mongoose@8.9.5/node_modules/mongoose/lib/cast.js:390:32)\n    at model.Query.Query.cast (/Users/keshavv/Desktop/dodo/dodo_be/node_modules/.pnpm/mongoose@8.9.5/node_modules/mongoose/lib/query.js:4889:12)\n    at model.Query.Query._castConditions (/Users/keshavv/Desktop/dodo/dodo_be/node_modules/.pnpm/mongoose@8.9.5/node_modules/mongoose/lib/query.js:2306:10)\n    at model.Query._findOne (/Users/keshavv/Desktop/dodo/dodo_be/node_modules/.pnpm/mongoose@8.9.5/node_modules/mongoose/lib/query.js:2630:8)\n    at model.Query.exec (/Users/keshavv/Desktop/dodo/dodo_be/node_modules/.pnpm/mongoose@8.9.5/node_modules/mongoose/lib/query.js:4438:80)\n    at processTicksAndRejections (node:internal/process/task_queues:95:5)\n    at getBlockById (/Users/keshavv/Desktop/dodo/dodo_be/src/controllers/block/blockController.ts:745:21)","stringValue":"\"5d7d5b9a-b5e4-494c-a840-d43ef6915356\"","timestamp":"2025-02-24T07:15:07.270Z","value":"5d7d5b9a-b5e4-494c-a840-d43ef6915356","valueType":"string"}
{"kind":"ObjectId","level":"error","message":"Error in getBlockById: Cast to ObjectId failed for value \"38ccf1ef-d5b5-4116-b647-47255baa2646\" (type string) at path \"_id\" for model \"Block\"","path":"_id","reason":{},"stack":"CastError: Cast to ObjectId failed for value \"38ccf1ef-d5b5-4116-b647-47255baa2646\" (type string) at path \"_id\" for model \"Block\"\n    at SchemaObjectId.cast (/Users/keshavv/Desktop/dodo/dodo_be/node_modules/.pnpm/mongoose@8.9.5/node_modules/mongoose/lib/schema/objectId.js:250:11)\n    at SchemaObjectId.SchemaType.applySetters (/Users/keshavv/Desktop/dodo/dodo_be/node_modules/.pnpm/mongoose@8.9.5/node_modules/mongoose/lib/schemaType.js:1255:12)\n    at SchemaObjectId.SchemaType.castForQuery (/Users/keshavv/Desktop/dodo/dodo_be/node_modules/.pnpm/mongoose@8.9.5/node_modules/mongoose/lib/schemaType.js:1673:17)\n    at cast (/Users/keshavv/Desktop/dodo/dodo_be/node_modules/.pnpm/mongoose@8.9.5/node_modules/mongoose/lib/cast.js:390:32)\n    at model.Query.Query.cast (/Users/keshavv/Desktop/dodo/dodo_be/node_modules/.pnpm/mongoose@8.9.5/node_modules/mongoose/lib/query.js:4889:12)\n    at model.Query.Query._castConditions (/Users/keshavv/Desktop/dodo/dodo_be/node_modules/.pnpm/mongoose@8.9.5/node_modules/mongoose/lib/query.js:2306:10)\n    at model.Query._findOne (/Users/keshavv/Desktop/dodo/dodo_be/node_modules/.pnpm/mongoose@8.9.5/node_modules/mongoose/lib/query.js:2630:8)\n    at model.Query.exec (/Users/keshavv/Desktop/dodo/dodo_be/node_modules/.pnpm/mongoose@8.9.5/node_modules/mongoose/lib/query.js:4438:80)\n    at processTicksAndRejections (node:internal/process/task_queues:95:5)\n    at getBlockById (/Users/keshavv/Desktop/dodo/dodo_be/src/controllers/block/blockController.ts:745:21)","stringValue":"\"38ccf1ef-d5b5-4116-b647-47255baa2646\"","timestamp":"2025-02-24T07:26:22.157Z","value":"38ccf1ef-d5b5-4116-b647-47255baa2646","valueType":"string"}
{"kind":"ObjectId","level":"error","message":"Error in getBlockById: Cast to ObjectId failed for value \"38ccf1ef-d5b5-4116-b647-47255baa2646\" (type string) at path \"_id\" for model \"Block\"","path":"_id","reason":{},"stack":"CastError: Cast to ObjectId failed for value \"38ccf1ef-d5b5-4116-b647-47255baa2646\" (type string) at path \"_id\" for model \"Block\"\n    at SchemaObjectId.cast (/Users/keshavv/Desktop/dodo/dodo_be/node_modules/.pnpm/mongoose@8.9.5/node_modules/mongoose/lib/schema/objectId.js:250:11)\n    at SchemaObjectId.SchemaType.applySetters (/Users/keshavv/Desktop/dodo/dodo_be/node_modules/.pnpm/mongoose@8.9.5/node_modules/mongoose/lib/schemaType.js:1255:12)\n    at SchemaObjectId.SchemaType.castForQuery (/Users/keshavv/Desktop/dodo/dodo_be/node_modules/.pnpm/mongoose@8.9.5/node_modules/mongoose/lib/schemaType.js:1673:17)\n    at cast (/Users/keshavv/Desktop/dodo/dodo_be/node_modules/.pnpm/mongoose@8.9.5/node_modules/mongoose/lib/cast.js:390:32)\n    at model.Query.Query.cast (/Users/keshavv/Desktop/dodo/dodo_be/node_modules/.pnpm/mongoose@8.9.5/node_modules/mongoose/lib/query.js:4889:12)\n    at model.Query.Query._castConditions (/Users/keshavv/Desktop/dodo/dodo_be/node_modules/.pnpm/mongoose@8.9.5/node_modules/mongoose/lib/query.js:2306:10)\n    at model.Query._findOne (/Users/keshavv/Desktop/dodo/dodo_be/node_modules/.pnpm/mongoose@8.9.5/node_modules/mongoose/lib/query.js:2630:8)\n    at model.Query.exec (/Users/keshavv/Desktop/dodo/dodo_be/node_modules/.pnpm/mongoose@8.9.5/node_modules/mongoose/lib/query.js:4438:80)\n    at processTicksAndRejections (node:internal/process/task_queues:95:5)\n    at getBlockById (/Users/keshavv/Desktop/dodo/dodo_be/src/controllers/block/blockController.ts:745:21)","stringValue":"\"38ccf1ef-d5b5-4116-b647-47255baa2646\"","timestamp":"2025-02-24T07:26:22.211Z","value":"38ccf1ef-d5b5-4116-b647-47255baa2646","valueType":"string"}
{"level":"info","message":"MongoDB Connected Successfully","timestamp":"2025-02-24T07:43:07.546Z"}
{"level":"info","message":"Server running on port 3002","timestamp":"2025-02-24T07:43:07.557Z"}
{"level":"warn","message":"MongoDB disconnected. Attempting to reconnect...","timestamp":"2025-02-24T08:13:10.944Z"}
{"code":"ENOENT","errno":-2,"level":"error","message":"Error deleting file https://dodo-profile-audio.s3.ap-south-1.amazonaws.com/block-images/1740378731971-Suppliers.png: ENOENT: no such file or directory, unlink 'https://dodo-profile-audio.s3.ap-south-1.amazonaws.com/block-images/1740378731971-Suppliers.png'","path":"https://dodo-profile-audio.s3.ap-south-1.amazonaws.com/block-images/1740378731971-Suppliers.png","stack":"Error: ENOENT: no such file or directory, unlink 'https://dodo-profile-audio.s3.ap-south-1.amazonaws.com/block-images/1740378731971-Suppliers.png'\n    at Object.unlink (node:internal/fs/promises:1066:10)\n    at Function.deleteFile (/Users/keshavv/Desktop/dodo/dodo_be/src/utils/fileManager.ts:9:13)\n    at /Users/keshavv/Desktop/dodo/dodo_be/src/controllers/block/blockController.ts:502:15\n    at ClientSession.withTransaction (/Users/keshavv/Desktop/dodo/dodo_be/node_modules/.pnpm/mongodb@6.12.0/node_modules/mongodb/src/sessions.ts:782:20)\n    at deleteBlock (/Users/keshavv/Desktop/dodo/dodo_be/src/controllers/block/blockController.ts:471:7)","syscall":"unlink","timestamp":"2025-02-24T08:14:14.928Z"}
{"code":"ENOENT","errno":-2,"level":"error","message":"Error deleting file https://dodo-profile-audio.s3.ap-south-1.amazonaws.com/block-images/1740386209719-DashboardDemo.png: ENOENT: no such file or directory, unlink 'https://dodo-profile-audio.s3.ap-south-1.amazonaws.com/block-images/1740386209719-DashboardDemo.png'","path":"https://dodo-profile-audio.s3.ap-south-1.amazonaws.com/block-images/1740386209719-DashboardDemo.png","stack":"Error: ENOENT: no such file or directory, unlink 'https://dodo-profile-audio.s3.ap-south-1.amazonaws.com/block-images/1740386209719-DashboardDemo.png'\n    at Object.unlink (node:internal/fs/promises:1066:10)\n    at Function.deleteFile (/Users/keshavv/Desktop/dodo/dodo_be/src/utils/fileManager.ts:9:13)\n    at /Users/keshavv/Desktop/dodo/dodo_be/src/controllers/block/blockController.ts:515:15\n    at ClientSession.withTransaction (/Users/keshavv/Desktop/dodo/dodo_be/node_modules/.pnpm/mongodb@6.12.0/node_modules/mongodb/src/sessions.ts:782:20)\n    at deleteBlock (/Users/keshavv/Desktop/dodo/dodo_be/src/controllers/block/blockController.ts:471:7)","syscall":"unlink","timestamp":"2025-02-24T08:58:22.183Z"}
{"code":"ENOENT","errno":-2,"level":"error","message":"Error deleting file https://dodo-profile-audio.s3.ap-south-1.amazonaws.com/block-images/1740385592453-onboardingImg.png: ENOENT: no such file or directory, unlink 'https://dodo-profile-audio.s3.ap-south-1.amazonaws.com/block-images/1740385592453-onboardingImg.png'","path":"https://dodo-profile-audio.s3.ap-south-1.amazonaws.com/block-images/1740385592453-onboardingImg.png","stack":"Error: ENOENT: no such file or directory, unlink 'https://dodo-profile-audio.s3.ap-south-1.amazonaws.com/block-images/1740385592453-onboardingImg.png'\n    at Object.unlink (node:internal/fs/promises:1066:10)\n    at Function.deleteFile (/Users/keshavv/Desktop/dodo/dodo_be/src/utils/fileManager.ts:9:13)\n    at /Users/keshavv/Desktop/dodo/dodo_be/src/controllers/block/blockController.ts:515:15\n    at ClientSession.withTransaction (/Users/keshavv/Desktop/dodo/dodo_be/node_modules/.pnpm/mongodb@6.12.0/node_modules/mongodb/src/sessions.ts:782:20)\n    at deleteBlock (/Users/keshavv/Desktop/dodo/dodo_be/src/controllers/block/blockController.ts:471:7)","syscall":"unlink","timestamp":"2025-02-24T08:58:39.636Z"}
{"code":"ENOENT","errno":-2,"level":"error","message":"Error deleting file https://dodo-profile-audio.s3.ap-south-1.amazonaws.com/block-images/1740386211784-Benefits.png: ENOENT: no such file or directory, unlink 'https://dodo-profile-audio.s3.ap-south-1.amazonaws.com/block-images/1740386211784-Benefits.png'","path":"https://dodo-profile-audio.s3.ap-south-1.amazonaws.com/block-images/1740386211784-Benefits.png","stack":"Error: ENOENT: no such file or directory, unlink 'https://dodo-profile-audio.s3.ap-south-1.amazonaws.com/block-images/1740386211784-Benefits.png'\n    at Object.unlink (node:internal/fs/promises:1066:10)\n    at Function.deleteFile (/Users/keshavv/Desktop/dodo/dodo_be/src/utils/fileManager.ts:9:13)\n    at /Users/keshavv/Desktop/dodo/dodo_be/src/controllers/block/blockController.ts:515:15\n    at ClientSession.withTransaction (/Users/keshavv/Desktop/dodo/dodo_be/node_modules/.pnpm/mongodb@6.12.0/node_modules/mongodb/src/sessions.ts:782:20)\n    at deleteBlock (/Users/keshavv/Desktop/dodo/dodo_be/src/controllers/block/blockController.ts:471:7)","syscall":"unlink","timestamp":"2025-02-24T08:58:40.149Z"}
{"code":"ENOENT","errno":-2,"level":"error","message":"Error deleting file https://dodo-profile-audio.s3.ap-south-1.amazonaws.com/block-images/1740387967598-Suppliers.png: ENOENT: no such file or directory, unlink 'https://dodo-profile-audio.s3.ap-south-1.amazonaws.com/block-images/1740387967598-Suppliers.png'","path":"https://dodo-profile-audio.s3.ap-south-1.amazonaws.com/block-images/1740387967598-Suppliers.png","stack":"Error: ENOENT: no such file or directory, unlink 'https://dodo-profile-audio.s3.ap-south-1.amazonaws.com/block-images/1740387967598-Suppliers.png'\n    at Object.unlink (node:internal/fs/promises:1066:10)\n    at Function.deleteFile (/Users/keshavv/Desktop/dodo/dodo_be/src/utils/fileManager.ts:9:13)\n    at /Users/keshavv/Desktop/dodo/dodo_be/src/controllers/block/blockController.ts:515:15\n    at ClientSession.withTransaction (/Users/keshavv/Desktop/dodo/dodo_be/node_modules/.pnpm/mongodb@6.12.0/node_modules/mongodb/src/sessions.ts:782:20)\n    at deleteBlock (/Users/keshavv/Desktop/dodo/dodo_be/src/controllers/block/blockController.ts:471:7)","syscall":"unlink","timestamp":"2025-02-24T09:16:18.052Z"}
{"code":"ENOENT","errno":-2,"level":"error","message":"Error deleting file https://dodo-profile-audio.s3.ap-south-1.amazonaws.com/block-images/1740388543091-Suppliers.png: ENOENT: no such file or directory, unlink 'https://dodo-profile-audio.s3.ap-south-1.amazonaws.com/block-images/1740388543091-Suppliers.png'","path":"https://dodo-profile-audio.s3.ap-south-1.amazonaws.com/block-images/1740388543091-Suppliers.png","stack":"Error: ENOENT: no such file or directory, unlink 'https://dodo-profile-audio.s3.ap-south-1.amazonaws.com/block-images/1740388543091-Suppliers.png'\n    at Object.unlink (node:internal/fs/promises:1066:10)\n    at Function.deleteFile (/Users/keshavv/Desktop/dodo/dodo_be/src/utils/fileManager.ts:9:13)\n    at /Users/keshavv/Desktop/dodo/dodo_be/src/controllers/block/blockController.ts:515:15\n    at ClientSession.withTransaction (/Users/keshavv/Desktop/dodo/dodo_be/node_modules/.pnpm/mongodb@6.12.0/node_modules/mongodb/src/sessions.ts:782:20)\n    at deleteBlock (/Users/keshavv/Desktop/dodo/dodo_be/src/controllers/block/blockController.ts:471:7)","syscall":"unlink","timestamp":"2025-02-24T09:16:18.784Z"}
{"code":"ENOENT","errno":-2,"level":"error","message":"Error deleting file https://dodo-profile-audio.s3.ap-south-1.amazonaws.com/block-images/1740388679842-Suppliers.png: ENOENT: no such file or directory, unlink 'https://dodo-profile-audio.s3.ap-south-1.amazonaws.com/block-images/1740388679842-Suppliers.png'","path":"https://dodo-profile-audio.s3.ap-south-1.amazonaws.com/block-images/1740388679842-Suppliers.png","stack":"Error: ENOENT: no such file or directory, unlink 'https://dodo-profile-audio.s3.ap-south-1.amazonaws.com/block-images/1740388679842-Suppliers.png'\n    at Object.unlink (node:internal/fs/promises:1066:10)\n    at Function.deleteFile (/Users/keshavv/Desktop/dodo/dodo_be/src/utils/fileManager.ts:9:13)\n    at /Users/keshavv/Desktop/dodo/dodo_be/src/controllers/block/blockController.ts:515:15\n    at ClientSession.withTransaction (/Users/keshavv/Desktop/dodo/dodo_be/node_modules/.pnpm/mongodb@6.12.0/node_modules/mongodb/src/sessions.ts:782:20)\n    at deleteBlock (/Users/keshavv/Desktop/dodo/dodo_be/src/controllers/block/blockController.ts:471:7)","syscall":"unlink","timestamp":"2025-02-24T09:19:22.416Z"}
{"kind":"ObjectId","level":"error","message":"Error in reorderBlocks: Cast to ObjectId failed for value \"b44b9a12-d583-4670-aa92-4d48ed57c713\" (type string) at path \"_id\" for model \"Block\"","path":"_id","reason":{},"stack":"CastError: Cast to ObjectId failed for value \"b44b9a12-d583-4670-aa92-4d48ed57c713\" (type string) at path \"_id\" for model \"Block\"\n    at SchemaObjectId.cast (/Users/keshavv/Desktop/dodo/dodo_be/node_modules/.pnpm/mongoose@8.9.5/node_modules/mongoose/lib/schema/objectId.js:250:11)\n    at SchemaObjectId.SchemaType.applySetters (/Users/keshavv/Desktop/dodo/dodo_be/node_modules/.pnpm/mongoose@8.9.5/node_modules/mongoose/lib/schemaType.js:1255:12)\n    at SchemaObjectId.SchemaType.castForQuery (/Users/keshavv/Desktop/dodo/dodo_be/node_modules/.pnpm/mongoose@8.9.5/node_modules/mongoose/lib/schemaType.js:1673:17)\n    at /Users/keshavv/Desktop/dodo/dodo_be/node_modules/.pnpm/mongoose@8.9.5/node_modules/mongoose/lib/schemaType.js:1634:18\n    at Array.map (<anonymous>)\n    at SchemaObjectId.handle$in (/Users/keshavv/Desktop/dodo/dodo_be/node_modules/.pnpm/mongoose@8.9.5/node_modules/mongoose/lib/schemaType.js:1630:14)\n    at SchemaObjectId.SchemaType.castForQuery (/Users/keshavv/Desktop/dodo/dodo_be/node_modules/.pnpm/mongoose@8.9.5/node_modules/mongoose/lib/schemaType.js:1669:20)\n    at cast (/Users/keshavv/Desktop/dodo/dodo_be/node_modules/.pnpm/mongoose@8.9.5/node_modules/mongoose/lib/cast.js:367:39)\n    at model.Query.Query.cast (/Users/keshavv/Desktop/dodo/dodo_be/node_modules/.pnpm/mongoose@8.9.5/node_modules/mongoose/lib/query.js:4889:12)\n    at model.Query.Query._castConditions (/Users/keshavv/Desktop/dodo/dodo_be/node_modules/.pnpm/mongoose@8.9.5/node_modules/mongoose/lib/query.js:2306:10)","stringValue":"\"b44b9a12-d583-4670-aa92-4d48ed57c713\"","timestamp":"2025-02-24T09:21:43.374Z","value":"b44b9a12-d583-4670-aa92-4d48ed57c713","valueType":"string"}
{"level":"warn","message":"MongoDB disconnected. Attempting to reconnect...","timestamp":"2025-02-24T10:03:30.539Z"}
{"level":"warn","message":"MongoDB disconnected. Attempting to reconnect...","timestamp":"2025-02-24T10:54:09.665Z"}
{"level":"warn","message":"MongoDB disconnected. Attempting to reconnect...","timestamp":"2025-02-24T10:54:53.822Z"}
{"level":"warn","message":"MongoDB disconnected. Attempting to reconnect...","timestamp":"2025-02-24T11:07:37.085Z"}
{"level":"info","message":"MongoDB Connected Successfully","timestamp":"2025-02-24T11:25:15.429Z"}
{"level":"info","message":"Server running on port 3002","timestamp":"2025-02-24T11:25:15.437Z"}
{"level":"info","message":"MongoDB Connected Successfully","timestamp":"2025-02-24T11:44:53.075Z"}
{"level":"info","message":"Server running on port 3002","timestamp":"2025-02-24T11:44:53.085Z"}
{"level":"warn","message":"MongoDB disconnected. Attempting to reconnect...","timestamp":"2025-02-24T12:39:14.427Z"}
{"level":"warn","message":"MongoDB disconnected. Attempting to reconnect...","timestamp":"2025-02-24T13:01:57.802Z"}
{"level":"warn","message":"MongoDB disconnected. Attempting to reconnect...","timestamp":"2025-02-24T13:33:19.328Z"}
{"_message":"Badge validation failed","errors":{"backgroundColor":{"kind":"required","message":"Path `backgroundColor` is required.","name":"ValidatorError","path":"backgroundColor","properties":{"message":"Path `backgroundColor` is required.","path":"backgroundColor","type":"required","value":""},"value":""},"color":{"kind":"required","message":"Path `color` is required.","name":"ValidatorError","path":"color","properties":{"message":"Path `color` is required.","path":"color","type":"required","value":""},"value":""}},"level":"error","message":"Error in updateBlock: Badge validation failed: color: Path `color` is required., backgroundColor: Path `backgroundColor` is required.","stack":"ValidationError: Badge validation failed: color: Path `color` is required., backgroundColor: Path `backgroundColor` is required.\n    at model.Document.invalidate (/Users/keshavv/Desktop/dodo/dodo_be/node_modules/.pnpm/mongoose@8.9.5/node_modules/mongoose/lib/document.js:3334:32)\n    at /Users/keshavv/Desktop/dodo/dodo_be/node_modules/.pnpm/mongoose@8.9.5/node_modules/mongoose/lib/document.js:3095:17\n    at /Users/keshavv/Desktop/dodo/dodo_be/node_modules/.pnpm/mongoose@8.9.5/node_modules/mongoose/lib/schemaType.js:1407:9\n    at processTicksAndRejections (node:internal/process/task_queues:77:11)","timestamp":"2025-02-24T13:36:12.294Z"}
{"level":"info","message":"MongoDB Connected Successfully","timestamp":"2025-02-24T18:54:19.315Z"}
{"level":"info","message":"Server running on port 3002","timestamp":"2025-02-24T18:54:19.326Z"}
{"cause":{},"level":"error","message":"Error in getDodoPageByUrl: Socket 'secureConnect' timed out after 30001ms (connectTimeoutMS: 30000)","reason":{"commonWireVersion":0,"compatible":true,"heartbeatFrequencyMS":10000,"localThresholdMS":15,"logicalSessionTimeoutMinutes":null,"maxElectionId":{"$oid":"7fffffff000000000000026e"},"maxSetVersion":177,"servers":{"dodo-cluster-shard-00-00.lkk05.mongodb.net:27017":{"$clusterTime":null,"address":"dodo-cluster-shard-00-00.lkk05.mongodb.net:27017","arbiters":[],"electionId":null,"error":{},"hosts":[],"iscryptd":false,"lastUpdateTime":28171759,"lastWriteDate":0,"logicalSessionTimeoutMinutes":null,"maxBsonObjectSize":null,"maxMessageSizeBytes":null,"maxWireVersion":0,"maxWriteBatchSize":null,"me":null,"minRoundTripTime":0,"minWireVersion":0,"passives":[],"primary":null,"roundTripTime":-1,"setName":null,"setVersion":null,"tags":{},"topologyVersion":null,"type":"Unknown"},"dodo-cluster-shard-00-01.lkk05.mongodb.net:27017":{"$clusterTime":null,"address":"dodo-cluster-shard-00-01.lkk05.mongodb.net:27017","arbiters":[],"electionId":null,"error":{},"hosts":[],"iscryptd":false,"lastUpdateTime":28171702,"lastWriteDate":0,"logicalSessionTimeoutMinutes":null,"maxBsonObjectSize":null,"maxMessageSizeBytes":null,"maxWireVersion":0,"maxWriteBatchSize":null,"me":null,"minRoundTripTime":0,"minWireVersion":0,"passives":[],"primary":null,"roundTripTime":-1,"setName":null,"setVersion":null,"tags":{},"topologyVersion":null,"type":"Unknown"},"dodo-cluster-shard-00-02.lkk05.mongodb.net:27017":{"$clusterTime":null,"address":"dodo-cluster-shard-00-02.lkk05.mongodb.net:27017","arbiters":[],"electionId":null,"error":{},"hosts":[],"iscryptd":false,"lastUpdateTime":28171658,"lastWriteDate":0,"logicalSessionTimeoutMinutes":null,"maxBsonObjectSize":null,"maxMessageSizeBytes":null,"maxWireVersion":0,"maxWriteBatchSize":null,"me":null,"minRoundTripTime":0,"minWireVersion":0,"passives":[],"primary":null,"roundTripTime":-1,"setName":null,"setVersion":null,"tags":{},"topologyVersion":null,"type":"Unknown"}},"setName":"atlas-dr29jl-shard-0","stale":false,"type":"ReplicaSetNoPrimary"},"stack":"MongoServerSelectionError: Socket 'secureConnect' timed out after 30001ms (connectTimeoutMS: 30000)\n    at Topology.selectServer (/Users/keshavv/Desktop/dodo/dodo_be/node_modules/.pnpm/mongodb@6.12.0/node_modules/mongodb/src/sdam/topology.ts:624:30)\n    at tryOperation (/Users/keshavv/Desktop/dodo/dodo_be/node_modules/.pnpm/mongodb@6.12.0/node_modules/mongodb/src/operations/execute_operation.ts:198:16)\n    at executeOperation (/Users/keshavv/Desktop/dodo/dodo_be/node_modules/.pnpm/mongodb@6.12.0/node_modules/mongodb/src/operations/execute_operation.ts:112:12)\n    at FindCursor._initialize (/Users/keshavv/Desktop/dodo/dodo_be/node_modules/.pnpm/mongodb@6.12.0/node_modules/mongodb/src/cursor/find_cursor.ts:90:22)\n    at FindCursor.cursorInit (/Users/keshavv/Desktop/dodo/dodo_be/node_modules/.pnpm/mongodb@6.12.0/node_modules/mongodb/src/cursor/abstract_cursor.ts:896:21)\n    at FindCursor.fetchBatch (/Users/keshavv/Desktop/dodo/dodo_be/node_modules/.pnpm/mongodb@6.12.0/node_modules/mongodb/src/cursor/abstract_cursor.ts:934:7)\n    at FindCursor.next (/Users/keshavv/Desktop/dodo/dodo_be/node_modules/.pnpm/mongodb@6.12.0/node_modules/mongodb/src/cursor/abstract_cursor.ts:569:9)\n    at Collection.findOne (/Users/keshavv/Desktop/dodo/dodo_be/node_modules/.pnpm/mongodb@6.12.0/node_modules/mongodb/src/collection.ts:524:17)\n    at model.Query._findOne (/Users/keshavv/Desktop/dodo/dodo_be/node_modules/.pnpm/mongoose@8.9.5/node_modules/mongoose/lib/query.js:2643:15)\n    at model.Query.exec (/Users/keshavv/Desktop/dodo/dodo_be/node_modules/.pnpm/mongoose@8.9.5/node_modules/mongoose/lib/query.js:4438:63)","timestamp":"2025-02-24T19:00:03.345Z"}
{"cause":{},"level":"error","message":"Error in getDodoPageByUrl: Socket 'secureConnect' timed out after 30001ms (connectTimeoutMS: 30000)","reason":{"commonWireVersion":0,"compatible":true,"heartbeatFrequencyMS":10000,"localThresholdMS":15,"logicalSessionTimeoutMinutes":null,"maxElectionId":{"$oid":"7fffffff000000000000026e"},"maxSetVersion":177,"servers":{"dodo-cluster-shard-00-00.lkk05.mongodb.net:27017":{"$clusterTime":null,"address":"dodo-cluster-shard-00-00.lkk05.mongodb.net:27017","arbiters":[],"electionId":null,"error":{},"hosts":[],"iscryptd":false,"lastUpdateTime":28171759,"lastWriteDate":0,"logicalSessionTimeoutMinutes":null,"maxBsonObjectSize":null,"maxMessageSizeBytes":null,"maxWireVersion":0,"maxWriteBatchSize":null,"me":null,"minRoundTripTime":0,"minWireVersion":0,"passives":[],"primary":null,"roundTripTime":-1,"setName":null,"setVersion":null,"tags":{},"topologyVersion":null,"type":"Unknown"},"dodo-cluster-shard-00-01.lkk05.mongodb.net:27017":{"$clusterTime":null,"address":"dodo-cluster-shard-00-01.lkk05.mongodb.net:27017","arbiters":[],"electionId":null,"error":{},"hosts":[],"iscryptd":false,"lastUpdateTime":28171702,"lastWriteDate":0,"logicalSessionTimeoutMinutes":null,"maxBsonObjectSize":null,"maxMessageSizeBytes":null,"maxWireVersion":0,"maxWriteBatchSize":null,"me":null,"minRoundTripTime":0,"minWireVersion":0,"passives":[],"primary":null,"roundTripTime":-1,"setName":null,"setVersion":null,"tags":{},"topologyVersion":null,"type":"Unknown"},"dodo-cluster-shard-00-02.lkk05.mongodb.net:27017":{"$clusterTime":null,"address":"dodo-cluster-shard-00-02.lkk05.mongodb.net:27017","arbiters":[],"electionId":null,"error":{},"hosts":[],"iscryptd":false,"lastUpdateTime":28171658,"lastWriteDate":0,"logicalSessionTimeoutMinutes":null,"maxBsonObjectSize":null,"maxMessageSizeBytes":null,"maxWireVersion":0,"maxWriteBatchSize":null,"me":null,"minRoundTripTime":0,"minWireVersion":0,"passives":[],"primary":null,"roundTripTime":-1,"setName":null,"setVersion":null,"tags":{},"topologyVersion":null,"type":"Unknown"}},"setName":"atlas-dr29jl-shard-0","stale":false,"type":"ReplicaSetNoPrimary"},"stack":"MongoServerSelectionError: Socket 'secureConnect' timed out after 30001ms (connectTimeoutMS: 30000)\n    at Topology.selectServer (/Users/keshavv/Desktop/dodo/dodo_be/node_modules/.pnpm/mongodb@6.12.0/node_modules/mongodb/src/sdam/topology.ts:624:30)\n    at tryOperation (/Users/keshavv/Desktop/dodo/dodo_be/node_modules/.pnpm/mongodb@6.12.0/node_modules/mongodb/src/operations/execute_operation.ts:198:16)\n    at executeOperation (/Users/keshavv/Desktop/dodo/dodo_be/node_modules/.pnpm/mongodb@6.12.0/node_modules/mongodb/src/operations/execute_operation.ts:112:12)\n    at FindCursor._initialize (/Users/keshavv/Desktop/dodo/dodo_be/node_modules/.pnpm/mongodb@6.12.0/node_modules/mongodb/src/cursor/find_cursor.ts:90:22)\n    at FindCursor.cursorInit (/Users/keshavv/Desktop/dodo/dodo_be/node_modules/.pnpm/mongodb@6.12.0/node_modules/mongodb/src/cursor/abstract_cursor.ts:896:21)\n    at FindCursor.fetchBatch (/Users/keshavv/Desktop/dodo/dodo_be/node_modules/.pnpm/mongodb@6.12.0/node_modules/mongodb/src/cursor/abstract_cursor.ts:934:7)\n    at FindCursor.next (/Users/keshavv/Desktop/dodo/dodo_be/node_modules/.pnpm/mongodb@6.12.0/node_modules/mongodb/src/cursor/abstract_cursor.ts:569:9)\n    at Collection.findOne (/Users/keshavv/Desktop/dodo/dodo_be/node_modules/.pnpm/mongodb@6.12.0/node_modules/mongodb/src/collection.ts:524:17)\n    at model.Query._findOne (/Users/keshavv/Desktop/dodo/dodo_be/node_modules/.pnpm/mongoose@8.9.5/node_modules/mongoose/lib/query.js:2643:15)\n    at model.Query.exec (/Users/keshavv/Desktop/dodo/dodo_be/node_modules/.pnpm/mongoose@8.9.5/node_modules/mongoose/lib/query.js:4438:63)","timestamp":"2025-02-24T19:00:08.361Z"}
{"cause":{},"level":"error","message":"Error in getDodoPageByUrl: Socket 'secureConnect' timed out after 30001ms (connectTimeoutMS: 30000)","reason":{"commonWireVersion":0,"compatible":true,"heartbeatFrequencyMS":10000,"localThresholdMS":15,"logicalSessionTimeoutMinutes":null,"maxElectionId":{"$oid":"7fffffff000000000000026e"},"maxSetVersion":177,"servers":{"dodo-cluster-shard-00-00.lkk05.mongodb.net:27017":{"$clusterTime":null,"address":"dodo-cluster-shard-00-00.lkk05.mongodb.net:27017","arbiters":[],"electionId":null,"error":{},"hosts":[],"iscryptd":false,"lastUpdateTime":28171759,"lastWriteDate":0,"logicalSessionTimeoutMinutes":null,"maxBsonObjectSize":null,"maxMessageSizeBytes":null,"maxWireVersion":0,"maxWriteBatchSize":null,"me":null,"minRoundTripTime":0,"minWireVersion":0,"passives":[],"primary":null,"roundTripTime":-1,"setName":null,"setVersion":null,"tags":{},"topologyVersion":null,"type":"Unknown"},"dodo-cluster-shard-00-01.lkk05.mongodb.net:27017":{"$clusterTime":null,"address":"dodo-cluster-shard-00-01.lkk05.mongodb.net:27017","arbiters":[],"electionId":null,"error":{},"hosts":[],"iscryptd":false,"lastUpdateTime":28171702,"lastWriteDate":0,"logicalSessionTimeoutMinutes":null,"maxBsonObjectSize":null,"maxMessageSizeBytes":null,"maxWireVersion":0,"maxWriteBatchSize":null,"me":null,"minRoundTripTime":0,"minWireVersion":0,"passives":[],"primary":null,"roundTripTime":-1,"setName":null,"setVersion":null,"tags":{},"topologyVersion":null,"type":"Unknown"},"dodo-cluster-shard-00-02.lkk05.mongodb.net:27017":{"$clusterTime":null,"address":"dodo-cluster-shard-00-02.lkk05.mongodb.net:27017","arbiters":[],"electionId":null,"error":{},"hosts":[],"iscryptd":false,"lastUpdateTime":28171658,"lastWriteDate":0,"logicalSessionTimeoutMinutes":null,"maxBsonObjectSize":null,"maxMessageSizeBytes":null,"maxWireVersion":0,"maxWriteBatchSize":null,"me":null,"minRoundTripTime":0,"minWireVersion":0,"passives":[],"primary":null,"roundTripTime":-1,"setName":null,"setVersion":null,"tags":{},"topologyVersion":null,"type":"Unknown"}},"setName":"atlas-dr29jl-shard-0","stale":false,"type":"ReplicaSetNoPrimary"},"stack":"MongoServerSelectionError: Socket 'secureConnect' timed out after 30001ms (connectTimeoutMS: 30000)\n    at Topology.selectServer (/Users/keshavv/Desktop/dodo/dodo_be/node_modules/.pnpm/mongodb@6.12.0/node_modules/mongodb/src/sdam/topology.ts:624:30)\n    at tryOperation (/Users/keshavv/Desktop/dodo/dodo_be/node_modules/.pnpm/mongodb@6.12.0/node_modules/mongodb/src/operations/execute_operation.ts:198:16)\n    at executeOperation (/Users/keshavv/Desktop/dodo/dodo_be/node_modules/.pnpm/mongodb@6.12.0/node_modules/mongodb/src/operations/execute_operation.ts:112:12)\n    at FindCursor._initialize (/Users/keshavv/Desktop/dodo/dodo_be/node_modules/.pnpm/mongodb@6.12.0/node_modules/mongodb/src/cursor/find_cursor.ts:90:22)\n    at FindCursor.cursorInit (/Users/keshavv/Desktop/dodo/dodo_be/node_modules/.pnpm/mongodb@6.12.0/node_modules/mongodb/src/cursor/abstract_cursor.ts:896:21)\n    at FindCursor.fetchBatch (/Users/keshavv/Desktop/dodo/dodo_be/node_modules/.pnpm/mongodb@6.12.0/node_modules/mongodb/src/cursor/abstract_cursor.ts:934:7)\n    at FindCursor.next (/Users/keshavv/Desktop/dodo/dodo_be/node_modules/.pnpm/mongodb@6.12.0/node_modules/mongodb/src/cursor/abstract_cursor.ts:569:9)\n    at Collection.findOne (/Users/keshavv/Desktop/dodo/dodo_be/node_modules/.pnpm/mongodb@6.12.0/node_modules/mongodb/src/collection.ts:524:17)\n    at model.Query._findOne (/Users/keshavv/Desktop/dodo/dodo_be/node_modules/.pnpm/mongoose@8.9.5/node_modules/mongoose/lib/query.js:2643:15)\n    at model.Query.exec (/Users/keshavv/Desktop/dodo/dodo_be/node_modules/.pnpm/mongoose@8.9.5/node_modules/mongoose/lib/query.js:4438:63)","timestamp":"2025-02-24T19:00:10.740Z"}
{"code":"ETIMEOUT","hostname":"_mongodb._tcp.dodo-cluster.lkk05.mongodb.net","level":"error","message":"MongoDB connection error: querySrv ETIMEOUT _mongodb._tcp.dodo-cluster.lkk05.mongodb.net","stack":"Error: querySrv ETIMEOUT _mongodb._tcp.dodo-cluster.lkk05.mongodb.net\n    at QueryReqWrap.onresolve [as oncomplete] (node:internal/dns/promises:291:17)","syscall":"querySrv","timestamp":"2025-02-24T19:00:57.010Z"}
{"level":"info","message":"MongoDB Connected Successfully","timestamp":"2025-02-24T19:30:06.758Z"}
{"level":"info","message":"Server running on port 3002","timestamp":"2025-02-24T19:30:06.768Z"}
{"level":"warn","message":"MongoDB disconnected. Attempting to reconnect...","timestamp":"2025-02-24T19:35:47.126Z"}
{"level":"warn","message":"MongoDB disconnected. Attempting to reconnect...","timestamp":"2025-02-24T19:41:48.698Z"}
{"code":"ECONNRESET","errno":-54,"level":"error","message":"Error in reorderBlocks: read ECONNRESET","stack":"Error: read ECONNRESET\n    at TLSWrap.onStreamRead (node:internal/stream_base_commons:218:20)","syscall":"read","timestamp":"2025-02-24T19:51:32.472Z"}
{"code":"ECONNRESET","errno":-54,"level":"error","message":"Error in reorderBlocks: read ECONNRESET","stack":"Error: read ECONNRESET\n    at TLSWrap.onStreamRead (node:internal/stream_base_commons:218:20)","syscall":"read","timestamp":"2025-02-24T19:51:38.393Z"}
{"code":"LIMIT_UNEXPECTED_FILE","field":"blockData[productImage]","level":"error","message":"File upload error: Unexpected field","name":"MulterError","stack":"MulterError: Unexpected field\n    at wrappedFileFilter (/Users/keshavv/Desktop/dodo/dodo_be/node_modules/.pnpm/multer@1.4.5-lts.1/node_modules/multer/index.js:40:19)\n    at Multipart.<anonymous> (/Users/keshavv/Desktop/dodo/dodo_be/node_modules/.pnpm/multer@1.4.5-lts.1/node_modules/multer/lib/make-middleware.js:107:7)\n    at Multipart.emit (node:events:518:28)\n    at HeaderParser.cb (/Users/keshavv/Desktop/dodo/dodo_be/node_modules/.pnpm/busboy@1.6.0/node_modules/busboy/lib/types/multipart.js:358:14)\n    at HeaderParser.push (/Users/keshavv/Desktop/dodo/dodo_be/node_modules/.pnpm/busboy@1.6.0/node_modules/busboy/lib/types/multipart.js:162:20)\n    at SBMH.ssCb [as _cb] (/Users/keshavv/Desktop/dodo/dodo_be/node_modules/.pnpm/busboy@1.6.0/node_modules/busboy/lib/types/multipart.js:394:37)\n    at feed (/Users/keshavv/Desktop/dodo/dodo_be/node_modules/.pnpm/streamsearch@1.1.0/node_modules/streamsearch/lib/sbmh.js:248:10)\n    at SBMH.push (/Users/keshavv/Desktop/dodo/dodo_be/node_modules/.pnpm/streamsearch@1.1.0/node_modules/streamsearch/lib/sbmh.js:104:16)\n    at Multipart._write (/Users/keshavv/Desktop/dodo/dodo_be/node_modules/.pnpm/busboy@1.6.0/node_modules/busboy/lib/types/multipart.js:567:19)\n    at writeOrBuffer (node:internal/streams/writable:572:12)","storageErrors":[],"timestamp":"2025-02-24T19:52:01.051Z"}
{"level":"info","message":"MongoDB Connected Successfully","timestamp":"2025-02-24T19:54:50.669Z"}
{"level":"info","message":"Server running on port 3002","timestamp":"2025-02-24T19:54:50.681Z"}
{"level":"info","message":"MongoDB Connected Successfully","timestamp":"2025-02-24T19:56:30.573Z"}
{"level":"info","message":"Server running on port 3002","timestamp":"2025-02-24T19:56:30.586Z"}
{"level":"info","message":"MongoDB Connected Successfully","timestamp":"2025-02-24T19:56:42.009Z"}
{"level":"info","message":"Server running on port 3002","timestamp":"2025-02-24T19:56:42.015Z"}
{"level":"info","message":"MongoDB Connected Successfully","timestamp":"2025-02-24T19:57:06.252Z"}
{"level":"info","message":"Server running on port 3002","timestamp":"2025-02-24T19:57:06.260Z"}
{"level":"info","message":"MongoDB Connected Successfully","timestamp":"2025-02-24T19:57:46.192Z"}
{"level":"info","message":"Server running on port 3002","timestamp":"2025-02-24T19:57:46.197Z"}
{"level":"info","message":"MongoDB Connected Successfully","timestamp":"2025-02-24T19:58:21.973Z"}
{"level":"info","message":"Server running on port 3002","timestamp":"2025-02-24T19:58:21.980Z"}
{"level":"info","message":"MongoDB Connected Successfully","timestamp":"2025-02-24T19:58:39.724Z"}
{"level":"info","message":"Server running on port 3002","timestamp":"2025-02-24T19:58:39.729Z"}
{"level":"info","message":"MongoDB Connected Successfully","timestamp":"2025-02-24T19:59:21.623Z"}
{"level":"info","message":"Server running on port 3002","timestamp":"2025-02-24T19:59:21.629Z"}
{"level":"info","message":"MongoDB Connected Successfully","timestamp":"2025-02-24T19:59:29.786Z"}
{"level":"info","message":"Server running on port 3002","timestamp":"2025-02-24T19:59:29.789Z"}
{"level":"info","message":"MongoDB Connected Successfully","timestamp":"2025-02-24T19:59:44.109Z"}
{"level":"info","message":"Server running on port 3002","timestamp":"2025-02-24T19:59:44.118Z"}
{"level":"info","message":"MongoDB Connected Successfully","timestamp":"2025-02-24T20:00:08.524Z"}
{"level":"info","message":"Server running on port 3002","timestamp":"2025-02-24T20:00:08.529Z"}
{"level":"info","message":"MongoDB Connected Successfully","timestamp":"2025-02-24T20:00:22.093Z"}
{"level":"info","message":"Server running on port 3002","timestamp":"2025-02-24T20:00:22.096Z"}
{"level":"warn","message":"MongoDB disconnected. Attempting to reconnect...","timestamp":"2025-02-24T20:06:09.490Z"}
{"level":"warn","message":"MongoDB disconnected. Attempting to reconnect...","timestamp":"2025-02-24T20:11:50.357Z"}
{"code":"ECONNRESET","errno":-54,"level":"error","message":"Error in getDodoPageByUrl: read ECONNRESET","stack":"Error: read ECONNRESET\n    at TLSWrap.onStreamRead (node:internal/stream_base_commons:218:20)","syscall":"read","timestamp":"2025-02-24T20:19:02.122Z"}
{"code":"ECONNRESET","errno":-54,"level":"error","message":"Error in getDodoPageByUrl: read ECONNRESET","stack":"Error: read ECONNRESET\n    at TLSWrap.onStreamRead (node:internal/stream_base_commons:218:20)","syscall":"read","timestamp":"2025-02-24T20:57:54.492Z"}
{"code":"ENOENT","errno":-2,"level":"error","message":"Error deleting file https://dodo-profile-audio.s3.ap-south-1.amazonaws.com/block-images/1740378086857-onboardingImg.png: ENOENT: no such file or directory, unlink 'https://dodo-profile-audio.s3.ap-south-1.amazonaws.com/block-images/1740378086857-onboardingImg.png'","path":"https://dodo-profile-audio.s3.ap-south-1.amazonaws.com/block-images/1740378086857-onboardingImg.png","stack":"Error: ENOENT: no such file or directory, unlink 'https://dodo-profile-audio.s3.ap-south-1.amazonaws.com/block-images/1740378086857-onboardingImg.png'\n    at Object.unlink (node:internal/fs/promises:1066:10)\n    at Function.deleteFile (/Users/keshavv/Desktop/dodo/dodo_be/src/utils/fileManager.ts:9:13)\n    at /Users/keshavv/Desktop/dodo/dodo_be/src/controllers/block/blockController.ts:501:15\n    at ClientSession.withTransaction (/Users/keshavv/Desktop/dodo/dodo_be/node_modules/.pnpm/mongodb@6.12.0/node_modules/mongodb/src/sessions.ts:782:20)\n    at deleteBlock (/Users/keshavv/Desktop/dodo/dodo_be/src/controllers/block/blockController.ts:470:7)","syscall":"unlink","timestamp":"2025-02-24T21:24:18.432Z"}
{"level":"warn","message":"MongoDB disconnected. Attempting to reconnect...","timestamp":"2025-02-24T22:02:11.247Z"}
{"level":"warn","message":"MongoDB disconnected. Attempting to reconnect...","timestamp":"2025-02-24T22:17:42.748Z"}
{"level":"warn","message":"MongoDB disconnected. Attempting to reconnect...","timestamp":"2025-02-24T22:34:01.632Z"}
{"level":"warn","message":"MongoDB disconnected. Attempting to reconnect...","timestamp":"2025-02-24T22:49:32.874Z"}
{"level":"warn","message":"MongoDB disconnected. Attempting to reconnect...","timestamp":"2025-02-24T23:20:09.466Z"}
{"level":"warn","message":"MongoDB disconnected. Attempting to reconnect...","timestamp":"2025-02-24T23:48:06.944Z"}
{"level":"warn","message":"MongoDB disconnected. Attempting to reconnect...","timestamp":"2025-02-24T23:58:04.250Z"}
{"level":"warn","message":"MongoDB disconnected. Attempting to reconnect...","timestamp":"2025-02-25T00:13:34.319Z"}
{"level":"warn","message":"MongoDB disconnected. Attempting to reconnect...","timestamp":"2025-02-25T00:28:55.839Z"}
{"level":"warn","message":"MongoDB disconnected. Attempting to reconnect...","timestamp":"2025-02-25T01:04:46.988Z"}
{"level":"warn","message":"MongoDB disconnected. Attempting to reconnect...","timestamp":"2025-02-25T01:20:08.645Z"}
{"level":"warn","message":"MongoDB disconnected. Attempting to reconnect...","timestamp":"2025-02-25T03:36:29.518Z"}
{"level":"warn","message":"MongoDB disconnected. Attempting to reconnect...","timestamp":"2025-02-25T05:03:06.651Z"}
{"level":"warn","message":"MongoDB disconnected. Attempting to reconnect...","timestamp":"2025-02-25T05:28:28.739Z"}
{"level":"info","message":"MongoDB Connected Successfully","timestamp":"2025-02-25T05:28:35.702Z"}
{"level":"info","message":"Server running on port 3002","timestamp":"2025-02-25T05:28:35.711Z"}
{"kind":"ObjectId","level":"error","message":"Error in reorderBlocks: Cast to ObjectId failed for value \"d6a6f5a7-7a23-424d-9b2e-c4af1be6b429\" (type string) at path \"_id\" for model \"Block\"","path":"_id","reason":{},"stack":"CastError: Cast to ObjectId failed for value \"d6a6f5a7-7a23-424d-9b2e-c4af1be6b429\" (type string) at path \"_id\" for model \"Block\"\n    at SchemaObjectId.cast (/Users/keshavv/Desktop/dodo/dodo_be/node_modules/.pnpm/mongoose@8.9.5/node_modules/mongoose/lib/schema/objectId.js:250:11)\n    at SchemaObjectId.SchemaType.applySetters (/Users/keshavv/Desktop/dodo/dodo_be/node_modules/.pnpm/mongoose@8.9.5/node_modules/mongoose/lib/schemaType.js:1255:12)\n    at SchemaObjectId.SchemaType.castForQuery (/Users/keshavv/Desktop/dodo/dodo_be/node_modules/.pnpm/mongoose@8.9.5/node_modules/mongoose/lib/schemaType.js:1673:17)\n    at /Users/keshavv/Desktop/dodo/dodo_be/node_modules/.pnpm/mongoose@8.9.5/node_modules/mongoose/lib/schemaType.js:1634:18\n    at Array.map (<anonymous>)\n    at SchemaObjectId.handle$in (/Users/keshavv/Desktop/dodo/dodo_be/node_modules/.pnpm/mongoose@8.9.5/node_modules/mongoose/lib/schemaType.js:1630:14)\n    at SchemaObjectId.SchemaType.castForQuery (/Users/keshavv/Desktop/dodo/dodo_be/node_modules/.pnpm/mongoose@8.9.5/node_modules/mongoose/lib/schemaType.js:1669:20)\n    at cast (/Users/keshavv/Desktop/dodo/dodo_be/node_modules/.pnpm/mongoose@8.9.5/node_modules/mongoose/lib/cast.js:367:39)\n    at model.Query.Query.cast (/Users/keshavv/Desktop/dodo/dodo_be/node_modules/.pnpm/mongoose@8.9.5/node_modules/mongoose/lib/query.js:4889:12)\n    at model.Query.Query._castConditions (/Users/keshavv/Desktop/dodo/dodo_be/node_modules/.pnpm/mongoose@8.9.5/node_modules/mongoose/lib/query.js:2306:10)","stringValue":"\"d6a6f5a7-7a23-424d-9b2e-c4af1be6b429\"","timestamp":"2025-02-25T06:37:30.150Z","value":"d6a6f5a7-7a23-424d-9b2e-c4af1be6b429","valueType":"string"}
{"kind":"ObjectId","level":"error","message":"Error in reorderBlocks: Cast to ObjectId failed for value \"0b0a3966-a815-404b-a547-0e74014c1753\" (type string) at path \"_id\" for model \"Block\"","path":"_id","reason":{},"stack":"CastError: Cast to ObjectId failed for value \"0b0a3966-a815-404b-a547-0e74014c1753\" (type string) at path \"_id\" for model \"Block\"\n    at SchemaObjectId.cast (/Users/keshavv/Desktop/dodo/dodo_be/node_modules/.pnpm/mongoose@8.9.5/node_modules/mongoose/lib/schema/objectId.js:250:11)\n    at SchemaObjectId.SchemaType.applySetters (/Users/keshavv/Desktop/dodo/dodo_be/node_modules/.pnpm/mongoose@8.9.5/node_modules/mongoose/lib/schemaType.js:1255:12)\n    at SchemaObjectId.SchemaType.castForQuery (/Users/keshavv/Desktop/dodo/dodo_be/node_modules/.pnpm/mongoose@8.9.5/node_modules/mongoose/lib/schemaType.js:1673:17)\n    at /Users/keshavv/Desktop/dodo/dodo_be/node_modules/.pnpm/mongoose@8.9.5/node_modules/mongoose/lib/schemaType.js:1634:18\n    at Array.map (<anonymous>)\n    at SchemaObjectId.handle$in (/Users/keshavv/Desktop/dodo/dodo_be/node_modules/.pnpm/mongoose@8.9.5/node_modules/mongoose/lib/schemaType.js:1630:14)\n    at SchemaObjectId.SchemaType.castForQuery (/Users/keshavv/Desktop/dodo/dodo_be/node_modules/.pnpm/mongoose@8.9.5/node_modules/mongoose/lib/schemaType.js:1669:20)\n    at cast (/Users/keshavv/Desktop/dodo/dodo_be/node_modules/.pnpm/mongoose@8.9.5/node_modules/mongoose/lib/cast.js:367:39)\n    at model.Query.Query.cast (/Users/keshavv/Desktop/dodo/dodo_be/node_modules/.pnpm/mongoose@8.9.5/node_modules/mongoose/lib/query.js:4889:12)\n    at model.Query.Query._castConditions (/Users/keshavv/Desktop/dodo/dodo_be/node_modules/.pnpm/mongoose@8.9.5/node_modules/mongoose/lib/query.js:2306:10)","stringValue":"\"0b0a3966-a815-404b-a547-0e74014c1753\"","timestamp":"2025-02-25T06:42:21.934Z","value":"0b0a3966-a815-404b-a547-0e74014c1753","valueType":"string"}
{"code":"ENOENT","errno":-2,"level":"error","message":"Error deleting file https://dodo-profile-audio.s3.ap-south-1.amazonaws.com/block-images/1740239569701-Suppliers.png: ENOENT: no such file or directory, unlink 'https://dodo-profile-audio.s3.ap-south-1.amazonaws.com/block-images/1740239569701-Suppliers.png'","path":"https://dodo-profile-audio.s3.ap-south-1.amazonaws.com/block-images/1740239569701-Suppliers.png","stack":"Error: ENOENT: no such file or directory, unlink 'https://dodo-profile-audio.s3.ap-south-1.amazonaws.com/block-images/1740239569701-Suppliers.png'\n    at Object.unlink (node:internal/fs/promises:1066:10)\n    at Function.deleteFile (/Users/keshavv/Desktop/dodo/dodo_be/src/utils/fileManager.ts:9:13)\n    at /Users/keshavv/Desktop/dodo/dodo_be/src/controllers/block/blockController.ts:501:15\n    at ClientSession.withTransaction (/Users/keshavv/Desktop/dodo/dodo_be/node_modules/.pnpm/mongodb@6.12.0/node_modules/mongodb/src/sessions.ts:782:20)\n    at deleteBlock (/Users/keshavv/Desktop/dodo/dodo_be/src/controllers/block/blockController.ts:470:7)","syscall":"unlink","timestamp":"2025-02-25T06:44:18.865Z"}
{"code":"ENOENT","errno":-2,"level":"error","message":"Error deleting file https://dodo-profile-audio.s3.ap-south-1.amazonaws.com/block-images/1740428436001-Keyboard.png: ENOENT: no such file or directory, unlink 'https://dodo-profile-audio.s3.ap-south-1.amazonaws.com/block-images/1740428436001-Keyboard.png'","path":"https://dodo-profile-audio.s3.ap-south-1.amazonaws.com/block-images/1740428436001-Keyboard.png","stack":"Error: ENOENT: no such file or directory, unlink 'https://dodo-profile-audio.s3.ap-south-1.amazonaws.com/block-images/1740428436001-Keyboard.png'\n    at Object.unlink (node:internal/fs/promises:1066:10)\n    at Function.deleteFile (/Users/keshavv/Desktop/dodo/dodo_be/src/utils/fileManager.ts:9:13)\n    at /Users/keshavv/Desktop/dodo/dodo_be/src/controllers/block/blockController.ts:514:15\n    at ClientSession.withTransaction (/Users/keshavv/Desktop/dodo/dodo_be/node_modules/.pnpm/mongodb@6.12.0/node_modules/mongodb/src/sessions.ts:782:20)\n    at deleteBlock (/Users/keshavv/Desktop/dodo/dodo_be/src/controllers/block/blockController.ts:470:7)","syscall":"unlink","timestamp":"2025-02-25T06:44:21.355Z"}
{"kind":"ObjectId","level":"error","message":"Error in reorderBlocks: Cast to ObjectId failed for value \"87f75dea-7a5f-456d-bb17-d24c65ad6e2f\" (type string) at path \"_id\" for model \"Block\"","path":"_id","reason":{},"stack":"CastError: Cast to ObjectId failed for value \"87f75dea-7a5f-456d-bb17-d24c65ad6e2f\" (type string) at path \"_id\" for model \"Block\"\n    at SchemaObjectId.cast (/Users/keshavv/Desktop/dodo/dodo_be/node_modules/.pnpm/mongoose@8.9.5/node_modules/mongoose/lib/schema/objectId.js:250:11)\n    at SchemaObjectId.SchemaType.applySetters (/Users/keshavv/Desktop/dodo/dodo_be/node_modules/.pnpm/mongoose@8.9.5/node_modules/mongoose/lib/schemaType.js:1255:12)\n    at SchemaObjectId.SchemaType.castForQuery (/Users/keshavv/Desktop/dodo/dodo_be/node_modules/.pnpm/mongoose@8.9.5/node_modules/mongoose/lib/schemaType.js:1673:17)\n    at /Users/keshavv/Desktop/dodo/dodo_be/node_modules/.pnpm/mongoose@8.9.5/node_modules/mongoose/lib/schemaType.js:1634:18\n    at Array.map (<anonymous>)\n    at SchemaObjectId.handle$in (/Users/keshavv/Desktop/dodo/dodo_be/node_modules/.pnpm/mongoose@8.9.5/node_modules/mongoose/lib/schemaType.js:1630:14)\n    at SchemaObjectId.SchemaType.castForQuery (/Users/keshavv/Desktop/dodo/dodo_be/node_modules/.pnpm/mongoose@8.9.5/node_modules/mongoose/lib/schemaType.js:1669:20)\n    at cast (/Users/keshavv/Desktop/dodo/dodo_be/node_modules/.pnpm/mongoose@8.9.5/node_modules/mongoose/lib/cast.js:367:39)\n    at model.Query.Query.cast (/Users/keshavv/Desktop/dodo/dodo_be/node_modules/.pnpm/mongoose@8.9.5/node_modules/mongoose/lib/query.js:4889:12)\n    at model.Query.Query._castConditions (/Users/keshavv/Desktop/dodo/dodo_be/node_modules/.pnpm/mongoose@8.9.5/node_modules/mongoose/lib/query.js:2306:10)","stringValue":"\"87f75dea-7a5f-456d-bb17-d24c65ad6e2f\"","timestamp":"2025-02-25T06:45:53.351Z","value":"87f75dea-7a5f-456d-bb17-d24c65ad6e2f","valueType":"string"}
{"level":"info","message":"MongoDB Connected Successfully","timestamp":"2025-02-25T06:51:27.498Z"}
{"level":"info","message":"Server running on port 3002","timestamp":"2025-02-25T06:51:27.504Z"}
{"kind":"string","level":"error","message":"Error in updateBlock: Cast to string failed for value \"{}\" (type Object) at path \"productImage\"","path":"productImage","reason":null,"stack":"CastError: Cast to string failed for value \"{}\" (type Object) at path \"productImage\"\n    at SchemaString.cast (/Users/keshavv/Desktop/dodo/dodo_be/node_modules/.pnpm/mongoose@8.9.5/node_modules/mongoose/lib/schema/string.js:606:11)\n    at SchemaString.SchemaType.applySetters (/Users/keshavv/Desktop/dodo/dodo_be/node_modules/.pnpm/mongoose@8.9.5/node_modules/mongoose/lib/schemaType.js:1255:12)\n    at SchemaString.castForQuery (/Users/keshavv/Desktop/dodo/dodo_be/node_modules/.pnpm/mongoose@8.9.5/node_modules/mongoose/lib/schema/string.js:692:17)\n    at castUpdateVal (/Users/keshavv/Desktop/dodo/dodo_be/node_modules/.pnpm/mongoose@8.9.5/node_modules/mongoose/lib/helpers/query/castUpdate.js:618:19)\n    at walkUpdatePath (/Users/keshavv/Desktop/dodo/dodo_be/node_modules/.pnpm/mongoose@8.9.5/node_modules/mongoose/lib/helpers/query/castUpdate.js:323:22)\n    at castUpdate (/Users/keshavv/Desktop/dodo/dodo_be/node_modules/.pnpm/mongoose@8.9.5/node_modules/mongoose/lib/helpers/query/castUpdate.js:134:7)\n    at model.Query._castUpdate (/Users/keshavv/Desktop/dodo/dodo_be/node_modules/.pnpm/mongoose@8.9.5/node_modules/mongoose/lib/query.js:4685:10)\n    at model.Query._findOneAndUpdate (/Users/keshavv/Desktop/dodo/dodo_be/node_modules/.pnpm/mongoose@8.9.5/node_modules/mongoose/lib/query.js:3420:23)\n    at model.Query.exec (/Users/keshavv/Desktop/dodo/dodo_be/node_modules/.pnpm/mongoose@8.9.5/node_modules/mongoose/lib/query.js:4438:80)\n    at processTicksAndRejections (node:internal/process/task_queues:95:5)","stringValue":"\"{}\"","timestamp":"2025-02-25T07:11:27.747Z","value":{},"valueType":"Object"}
{"level":"info","message":"MongoDB Connected Successfully","timestamp":"2025-02-25T07:18:20.751Z"}
{"level":"info","message":"Server running on port 3002","timestamp":"2025-02-25T07:18:20.760Z"}
{"code":"LIMIT_UNEXPECTED_FILE","field":"blockData[linkDisplayPicture]","level":"error","message":"File upload error: Unexpected field","name":"MulterError","stack":"MulterError: Unexpected field\n    at wrappedFileFilter (/Users/keshavv/Desktop/dodo/dodo_be/node_modules/.pnpm/multer@1.4.5-lts.1/node_modules/multer/index.js:40:19)\n    at Multipart.<anonymous> (/Users/keshavv/Desktop/dodo/dodo_be/node_modules/.pnpm/multer@1.4.5-lts.1/node_modules/multer/lib/make-middleware.js:107:7)\n    at Multipart.emit (node:events:518:28)\n    at HeaderParser.cb (/Users/keshavv/Desktop/dodo/dodo_be/node_modules/.pnpm/busboy@1.6.0/node_modules/busboy/lib/types/multipart.js:358:14)\n    at HeaderParser.push (/Users/keshavv/Desktop/dodo/dodo_be/node_modules/.pnpm/busboy@1.6.0/node_modules/busboy/lib/types/multipart.js:162:20)\n    at SBMH.ssCb [as _cb] (/Users/keshavv/Desktop/dodo/dodo_be/node_modules/.pnpm/busboy@1.6.0/node_modules/busboy/lib/types/multipart.js:394:37)\n    at feed (/Users/keshavv/Desktop/dodo/dodo_be/node_modules/.pnpm/streamsearch@1.1.0/node_modules/streamsearch/lib/sbmh.js:248:10)\n    at SBMH.push (/Users/keshavv/Desktop/dodo/dodo_be/node_modules/.pnpm/streamsearch@1.1.0/node_modules/streamsearch/lib/sbmh.js:104:16)\n    at Multipart._write (/Users/keshavv/Desktop/dodo/dodo_be/node_modules/.pnpm/busboy@1.6.0/node_modules/busboy/lib/types/multipart.js:567:19)\n    at writeOrBuffer (node:internal/streams/writable:572:12)","storageErrors":[],"timestamp":"2025-02-25T07:44:04.521Z"}
{"code":"LIMIT_UNEXPECTED_FILE","field":"blockData[linkDisplayPicture]","level":"error","message":"File upload error: Unexpected field","name":"MulterError","stack":"MulterError: Unexpected field\n    at wrappedFileFilter (/Users/keshavv/Desktop/dodo/dodo_be/node_modules/.pnpm/multer@1.4.5-lts.1/node_modules/multer/index.js:40:19)\n    at Multipart.<anonymous> (/Users/keshavv/Desktop/dodo/dodo_be/node_modules/.pnpm/multer@1.4.5-lts.1/node_modules/multer/lib/make-middleware.js:107:7)\n    at Multipart.emit (node:events:518:28)\n    at HeaderParser.cb (/Users/keshavv/Desktop/dodo/dodo_be/node_modules/.pnpm/busboy@1.6.0/node_modules/busboy/lib/types/multipart.js:358:14)\n    at HeaderParser.push (/Users/keshavv/Desktop/dodo/dodo_be/node_modules/.pnpm/busboy@1.6.0/node_modules/busboy/lib/types/multipart.js:162:20)\n    at SBMH.ssCb [as _cb] (/Users/keshavv/Desktop/dodo/dodo_be/node_modules/.pnpm/busboy@1.6.0/node_modules/busboy/lib/types/multipart.js:394:37)\n    at feed (/Users/keshavv/Desktop/dodo/dodo_be/node_modules/.pnpm/streamsearch@1.1.0/node_modules/streamsearch/lib/sbmh.js:248:10)\n    at SBMH.push (/Users/keshavv/Desktop/dodo/dodo_be/node_modules/.pnpm/streamsearch@1.1.0/node_modules/streamsearch/lib/sbmh.js:104:16)\n    at Multipart._write (/Users/keshavv/Desktop/dodo/dodo_be/node_modules/.pnpm/busboy@1.6.0/node_modules/busboy/lib/types/multipart.js:567:19)\n    at writeOrBuffer (node:internal/streams/writable:572:12)","storageErrors":[],"timestamp":"2025-02-25T07:45:59.513Z"}
{"kind":"ObjectId","level":"error","message":"Error in updateBlock: Cast to ObjectId failed for value \"\" (type string) at path \"userId\" for model \"DodoPage\"","path":"userId","reason":{},"stack":"CastError: Cast to ObjectId failed for value \"\" (type string) at path \"userId\" for model \"DodoPage\"\n    at SchemaObjectId.cast (/Users/keshavv/Desktop/dodo/dodo_be/node_modules/.pnpm/mongoose@8.9.5/node_modules/mongoose/lib/schema/objectId.js:250:11)\n    at SchemaObjectId.SchemaType.applySetters (/Users/keshavv/Desktop/dodo/dodo_be/node_modules/.pnpm/mongoose@8.9.5/node_modules/mongoose/lib/schemaType.js:1255:12)\n    at SchemaObjectId.SchemaType.castForQuery (/Users/keshavv/Desktop/dodo/dodo_be/node_modules/.pnpm/mongoose@8.9.5/node_modules/mongoose/lib/schemaType.js:1673:17)\n    at cast (/Users/keshavv/Desktop/dodo/dodo_be/node_modules/.pnpm/mongoose@8.9.5/node_modules/mongoose/lib/cast.js:390:32)\n    at model.Query.Query.cast (/Users/keshavv/Desktop/dodo/dodo_be/node_modules/.pnpm/mongoose@8.9.5/node_modules/mongoose/lib/query.js:4889:12)\n    at model.Query.Query._castConditions (/Users/keshavv/Desktop/dodo/dodo_be/node_modules/.pnpm/mongoose@8.9.5/node_modules/mongoose/lib/query.js:2306:10)\n    at model.Query._findOne (/Users/keshavv/Desktop/dodo/dodo_be/node_modules/.pnpm/mongoose@8.9.5/node_modules/mongoose/lib/query.js:2630:8)\n    at model.Query.exec (/Users/keshavv/Desktop/dodo/dodo_be/node_modules/.pnpm/mongoose@8.9.5/node_modules/mongoose/lib/query.js:4438:80)\n    at processTicksAndRejections (node:internal/process/task_queues:95:5)\n    at updateBlock (/Users/keshavv/Desktop/dodo/dodo_be/src/controllers/block/blockController.ts:202:24)","stringValue":"\"\"","timestamp":"2025-02-25T07:46:45.863Z","value":"","valueType":"string"}
{"level":"warn","message":"MongoDB disconnected. Attempting to reconnect...","timestamp":"2025-02-25T08:02:44.693Z"}
{"level":"warn","message":"MongoDB disconnected. Attempting to reconnect...","timestamp":"2025-02-25T08:07:42.411Z"}
{"level":"warn","message":"MongoDB disconnected. Attempting to reconnect...","timestamp":"2025-02-25T08:09:58.828Z"}
{"level":"warn","message":"MongoDB disconnected. Attempting to reconnect...","timestamp":"2025-02-25T08:55:34.518Z"}
{"level":"warn","message":"MongoDB disconnected. Attempting to reconnect...","timestamp":"2025-02-25T09:34:18.715Z"}
{"level":"warn","message":"MongoDB disconnected. Attempting to reconnect...","timestamp":"2025-02-25T09:47:57.793Z"}
{"cause":{},"level":"error","message":"Error in getUserDetails: connection <monitor> to 13.235.14.85:27017 timed out","reason":{"commonWireVersion":0,"compatible":true,"heartbeatFrequencyMS":10000,"localThresholdMS":15,"logicalSessionTimeoutMinutes":null,"maxElectionId":{"$oid":"7fffffff0000000000000270"},"maxSetVersion":180,"servers":{"dodo-cluster-shard-00-00.lkk05.mongodb.net:27017":{"$clusterTime":null,"address":"dodo-cluster-shard-00-00.lkk05.mongodb.net:27017","arbiters":[],"electionId":null,"error":{},"hosts":[],"iscryptd":false,"lastUpdateTime":83161535,"lastWriteDate":0,"logicalSessionTimeoutMinutes":null,"maxBsonObjectSize":null,"maxMessageSizeBytes":null,"maxWireVersion":0,"maxWriteBatchSize":null,"me":null,"minRoundTripTime":0,"minWireVersion":0,"passives":[],"primary":null,"roundTripTime":-1,"setName":null,"setVersion":null,"tags":{},"topologyVersion":null,"type":"Unknown"},"dodo-cluster-shard-00-01.lkk05.mongodb.net:27017":{"$clusterTime":null,"address":"dodo-cluster-shard-00-01.lkk05.mongodb.net:27017","arbiters":[],"electionId":null,"error":{},"hosts":[],"iscryptd":false,"lastUpdateTime":83157231,"lastWriteDate":0,"logicalSessionTimeoutMinutes":null,"maxBsonObjectSize":null,"maxMessageSizeBytes":null,"maxWireVersion":0,"maxWriteBatchSize":null,"me":null,"minRoundTripTime":0,"minWireVersion":0,"passives":[],"primary":null,"roundTripTime":-1,"setName":null,"setVersion":null,"tags":{},"topologyVersion":null,"type":"Unknown"},"dodo-cluster-shard-00-02.lkk05.mongodb.net:27017":{"$clusterTime":null,"address":"dodo-cluster-shard-00-02.lkk05.mongodb.net:27017","arbiters":[],"electionId":null,"error":{},"hosts":[],"iscryptd":false,"lastUpdateTime":83161536,"lastWriteDate":0,"logicalSessionTimeoutMinutes":null,"maxBsonObjectSize":null,"maxMessageSizeBytes":null,"maxWireVersion":0,"maxWriteBatchSize":null,"me":null,"minRoundTripTime":0,"minWireVersion":0,"passives":[],"primary":null,"roundTripTime":-1,"setName":null,"setVersion":null,"tags":{},"topologyVersion":null,"type":"Unknown"}},"setName":"atlas-dr29jl-shard-0","stale":false,"type":"ReplicaSetNoPrimary"},"stack":"MongoServerSelectionError: connection <monitor> to 13.235.14.85:27017 timed out\n    at Topology.selectServer (/Users/keshavv/Desktop/dodo/dodo_be/node_modules/.pnpm/mongodb@6.12.0/node_modules/mongodb/src/sdam/topology.ts:624:30)\n    at tryOperation (/Users/keshavv/Desktop/dodo/dodo_be/node_modules/.pnpm/mongodb@6.12.0/node_modules/mongodb/src/operations/execute_operation.ts:260:16)\n    at executeOperation (/Users/keshavv/Desktop/dodo/dodo_be/node_modules/.pnpm/mongodb@6.12.0/node_modules/mongodb/src/operations/execute_operation.ts:112:12)\n    at FindCursor._initialize (/Users/keshavv/Desktop/dodo/dodo_be/node_modules/.pnpm/mongodb@6.12.0/node_modules/mongodb/src/cursor/find_cursor.ts:90:22)\n    at FindCursor.cursorInit (/Users/keshavv/Desktop/dodo/dodo_be/node_modules/.pnpm/mongodb@6.12.0/node_modules/mongodb/src/cursor/abstract_cursor.ts:896:21)\n    at FindCursor.fetchBatch (/Users/keshavv/Desktop/dodo/dodo_be/node_modules/.pnpm/mongodb@6.12.0/node_modules/mongodb/src/cursor/abstract_cursor.ts:934:7)\n    at FindCursor.next (/Users/keshavv/Desktop/dodo/dodo_be/node_modules/.pnpm/mongodb@6.12.0/node_modules/mongodb/src/cursor/abstract_cursor.ts:569:9)\n    at Collection.findOne (/Users/keshavv/Desktop/dodo/dodo_be/node_modules/.pnpm/mongodb@6.12.0/node_modules/mongodb/src/collection.ts:524:17)\n    at model.Query._findOne (/Users/keshavv/Desktop/dodo/dodo_be/node_modules/.pnpm/mongoose@8.9.5/node_modules/mongoose/lib/query.js:2643:15)\n    at model.Query.exec (/Users/keshavv/Desktop/dodo/dodo_be/node_modules/.pnpm/mongoose@8.9.5/node_modules/mongoose/lib/query.js:4438:63)","timestamp":"2025-02-25T10:16:23.251Z"}
{"level":"warn","message":"MongoDB disconnected. Attempting to reconnect...","timestamp":"2025-02-25T10:16:39.543Z"}
{"code":"ENOENT","errno":-2,"level":"error","message":"Error deleting file https://dodo-profile-audio.s3.ap-south-1.amazonaws.com/block-images/1740467972393-VoiceAIDashboard.png: ENOENT: no such file or directory, unlink 'https://dodo-profile-audio.s3.ap-south-1.amazonaws.com/block-images/1740467972393-VoiceAIDashboard.png'","path":"https://dodo-profile-audio.s3.ap-south-1.amazonaws.com/block-images/1740467972393-VoiceAIDashboard.png","stack":"Error: ENOENT: no such file or directory, unlink 'https://dodo-profile-audio.s3.ap-south-1.amazonaws.com/block-images/1740467972393-VoiceAIDashboard.png'\n    at Object.unlink (node:internal/fs/promises:1066:10)\n    at Function.deleteFile (/Users/keshavv/Desktop/dodo/dodo_be/src/utils/fileManager.ts:9:13)\n    at /Users/keshavv/Desktop/dodo/dodo_be/src/controllers/block/blockController.ts:520:15\n    at ClientSession.withTransaction (/Users/keshavv/Desktop/dodo/dodo_be/node_modules/.pnpm/mongodb@6.12.0/node_modules/mongodb/src/sessions.ts:782:20)\n    at deleteBlock (/Users/keshavv/Desktop/dodo/dodo_be/src/controllers/block/blockController.ts:476:7)","syscall":"unlink","timestamp":"2025-02-25T10:17:47.815Z"}
{"code":"ENOENT","errno":-2,"level":"error","message":"Error deleting file https://dodo-profile-audio.s3.ap-south-1.amazonaws.com/block-images/1740472269497-Suppliers.png: ENOENT: no such file or directory, unlink 'https://dodo-profile-audio.s3.ap-south-1.amazonaws.com/block-images/1740472269497-Suppliers.png'","path":"https://dodo-profile-audio.s3.ap-south-1.amazonaws.com/block-images/1740472269497-Suppliers.png","stack":"Error: ENOENT: no such file or directory, unlink 'https://dodo-profile-audio.s3.ap-south-1.amazonaws.com/block-images/1740472269497-Suppliers.png'\n    at Object.unlink (node:internal/fs/promises:1066:10)\n    at Function.deleteFile (/Users/keshavv/Desktop/dodo/dodo_be/src/utils/fileManager.ts:9:13)\n    at /Users/keshavv/Desktop/dodo/dodo_be/src/controllers/block/blockController.ts:507:15\n    at ClientSession.withTransaction (/Users/keshavv/Desktop/dodo/dodo_be/node_modules/.pnpm/mongodb@6.12.0/node_modules/mongodb/src/sessions.ts:782:20)\n    at deleteBlock (/Users/keshavv/Desktop/dodo/dodo_be/src/controllers/block/blockController.ts:476:7)","syscall":"unlink","timestamp":"2025-02-25T10:17:48.209Z"}
{"kind":"ObjectId","level":"error","message":"Error in updateBlock: Cast to ObjectId failed for value \"157ef6f7-3fc8-4734-a9d1-69e62230967a\" (type string) at path \"_id\" for model \"Block\"","path":"_id","reason":{},"stack":"CastError: Cast to ObjectId failed for value \"157ef6f7-3fc8-4734-a9d1-69e62230967a\" (type string) at path \"_id\" for model \"Block\"\n    at SchemaObjectId.cast (/Users/keshavv/Desktop/dodo/dodo_be/node_modules/.pnpm/mongoose@8.9.5/node_modules/mongoose/lib/schema/objectId.js:250:11)\n    at SchemaObjectId.SchemaType.applySetters (/Users/keshavv/Desktop/dodo/dodo_be/node_modules/.pnpm/mongoose@8.9.5/node_modules/mongoose/lib/schemaType.js:1255:12)\n    at SchemaObjectId.SchemaType.castForQuery (/Users/keshavv/Desktop/dodo/dodo_be/node_modules/.pnpm/mongoose@8.9.5/node_modules/mongoose/lib/schemaType.js:1673:17)\n    at cast (/Users/keshavv/Desktop/dodo/dodo_be/node_modules/.pnpm/mongoose@8.9.5/node_modules/mongoose/lib/cast.js:390:32)\n    at model.Query.Query.cast (/Users/keshavv/Desktop/dodo/dodo_be/node_modules/.pnpm/mongoose@8.9.5/node_modules/mongoose/lib/query.js:4889:12)\n    at model.Query.Query._castConditions (/Users/keshavv/Desktop/dodo/dodo_be/node_modules/.pnpm/mongoose@8.9.5/node_modules/mongoose/lib/query.js:2306:10)\n    at model.Query._findOne (/Users/keshavv/Desktop/dodo/dodo_be/node_modules/.pnpm/mongoose@8.9.5/node_modules/mongoose/lib/query.js:2630:8)\n    at model.Query.exec (/Users/keshavv/Desktop/dodo/dodo_be/node_modules/.pnpm/mongoose@8.9.5/node_modules/mongoose/lib/query.js:4438:80)\n    at processTicksAndRejections (node:internal/process/task_queues:95:5)\n    at updateBlock (/Users/keshavv/Desktop/dodo/dodo_be/src/controllers/block/blockController.ts:215:21)","stringValue":"\"157ef6f7-3fc8-4734-a9d1-69e62230967a\"","timestamp":"2025-02-25T10:20:34.260Z","value":"157ef6f7-3fc8-4734-a9d1-69e62230967a","valueType":"string"}
{"kind":"ObjectId","level":"error","message":"Error in updateBlock: Cast to ObjectId failed for value \"157ef6f7-3fc8-4734-a9d1-69e62230967a\" (type string) at path \"_id\" for model \"Block\"","path":"_id","reason":{},"stack":"CastError: Cast to ObjectId failed for value \"157ef6f7-3fc8-4734-a9d1-69e62230967a\" (type string) at path \"_id\" for model \"Block\"\n    at SchemaObjectId.cast (/Users/keshavv/Desktop/dodo/dodo_be/node_modules/.pnpm/mongoose@8.9.5/node_modules/mongoose/lib/schema/objectId.js:250:11)\n    at SchemaObjectId.SchemaType.applySetters (/Users/keshavv/Desktop/dodo/dodo_be/node_modules/.pnpm/mongoose@8.9.5/node_modules/mongoose/lib/schemaType.js:1255:12)\n    at SchemaObjectId.SchemaType.castForQuery (/Users/keshavv/Desktop/dodo/dodo_be/node_modules/.pnpm/mongoose@8.9.5/node_modules/mongoose/lib/schemaType.js:1673:17)\n    at cast (/Users/keshavv/Desktop/dodo/dodo_be/node_modules/.pnpm/mongoose@8.9.5/node_modules/mongoose/lib/cast.js:390:32)\n    at model.Query.Query.cast (/Users/keshavv/Desktop/dodo/dodo_be/node_modules/.pnpm/mongoose@8.9.5/node_modules/mongoose/lib/query.js:4889:12)\n    at model.Query.Query._castConditions (/Users/keshavv/Desktop/dodo/dodo_be/node_modules/.pnpm/mongoose@8.9.5/node_modules/mongoose/lib/query.js:2306:10)\n    at model.Query._findOne (/Users/keshavv/Desktop/dodo/dodo_be/node_modules/.pnpm/mongoose@8.9.5/node_modules/mongoose/lib/query.js:2630:8)\n    at model.Query.exec (/Users/keshavv/Desktop/dodo/dodo_be/node_modules/.pnpm/mongoose@8.9.5/node_modules/mongoose/lib/query.js:4438:80)\n    at processTicksAndRejections (node:internal/process/task_queues:95:5)\n    at updateBlock (/Users/keshavv/Desktop/dodo/dodo_be/src/controllers/block/blockController.ts:215:21)","stringValue":"\"157ef6f7-3fc8-4734-a9d1-69e62230967a\"","timestamp":"2025-02-25T10:20:41.015Z","value":"157ef6f7-3fc8-4734-a9d1-69e62230967a","valueType":"string"}
{"level":"info","message":"MongoDB Connected Successfully","timestamp":"2025-02-25T10:23:15.128Z"}
{"level":"info","message":"Server running on port 3002","timestamp":"2025-02-25T10:23:15.139Z"}
{"level":"info","message":"MongoDB Connected Successfully","timestamp":"2025-02-25T10:30:47.033Z"}
{"level":"info","message":"Server running on port 3002","timestamp":"2025-02-25T10:30:47.041Z"}
{"code":"ENOENT","errno":-2,"level":"error","message":"Error deleting file https://dodo-profile-audio.s3.ap-south-1.amazonaws.com/block-images/1740479984348-Benefits.png: ENOENT: no such file or directory, unlink 'https://dodo-profile-audio.s3.ap-south-1.amazonaws.com/block-images/1740479984348-Benefits.png'","path":"https://dodo-profile-audio.s3.ap-south-1.amazonaws.com/block-images/1740479984348-Benefits.png","stack":"Error: ENOENT: no such file or directory, unlink 'https://dodo-profile-audio.s3.ap-south-1.amazonaws.com/block-images/1740479984348-Benefits.png'\n    at Object.unlink (node:internal/fs/promises:1066:10)\n    at Function.deleteFile (/Users/keshavv/Desktop/dodo/dodo_be/src/utils/fileManager.ts:9:13)\n    at /Users/keshavv/Desktop/dodo/dodo_be/src/controllers/block/blockController.ts:520:15\n    at ClientSession.withTransaction (/Users/keshavv/Desktop/dodo/dodo_be/node_modules/.pnpm/mongodb@6.12.0/node_modules/mongodb/src/sessions.ts:782:20)\n    at deleteBlock (/Users/keshavv/Desktop/dodo/dodo_be/src/controllers/block/blockController.ts:476:7)","syscall":"unlink","timestamp":"2025-02-25T10:43:18.542Z"}
{"code":"ENOENT","errno":-2,"level":"error","message":"Error deleting file https://dodo-profile-audio.s3.ap-south-1.amazonaws.com/block-images/1740481268095-VoiceAIDashboard.png: ENOENT: no such file or directory, unlink 'https://dodo-profile-audio.s3.ap-south-1.amazonaws.com/block-images/1740481268095-VoiceAIDashboard.png'","path":"https://dodo-profile-audio.s3.ap-south-1.amazonaws.com/block-images/1740481268095-VoiceAIDashboard.png","stack":"Error: ENOENT: no such file or directory, unlink 'https://dodo-profile-audio.s3.ap-south-1.amazonaws.com/block-images/1740481268095-VoiceAIDashboard.png'\n    at Object.unlink (node:internal/fs/promises:1066:10)\n    at Function.deleteFile (/Users/keshavv/Desktop/dodo/dodo_be/src/utils/fileManager.ts:9:13)\n    at /Users/keshavv/Desktop/dodo/dodo_be/src/controllers/block/blockController.ts:520:15\n    at ClientSession.withTransaction (/Users/keshavv/Desktop/dodo/dodo_be/node_modules/.pnpm/mongodb@6.12.0/node_modules/mongodb/src/sessions.ts:782:20)\n    at deleteBlock (/Users/keshavv/Desktop/dodo/dodo_be/src/controllers/block/blockController.ts:476:7)","syscall":"unlink","timestamp":"2025-02-25T11:02:01.645Z"}
{"kind":"ObjectId","level":"error","message":"Error in reorderBlocks: Cast to ObjectId failed for value \"d01f0dc7-0584-4372-88a9-e549b76dcbde\" (type string) at path \"_id\" for model \"Block\"","path":"_id","reason":{},"stack":"CastError: Cast to ObjectId failed for value \"d01f0dc7-0584-4372-88a9-e549b76dcbde\" (type string) at path \"_id\" for model \"Block\"\n    at SchemaObjectId.cast (/Users/keshavv/Desktop/dodo/dodo_be/node_modules/.pnpm/mongoose@8.9.5/node_modules/mongoose/lib/schema/objectId.js:250:11)\n    at SchemaObjectId.SchemaType.applySetters (/Users/keshavv/Desktop/dodo/dodo_be/node_modules/.pnpm/mongoose@8.9.5/node_modules/mongoose/lib/schemaType.js:1255:12)\n    at SchemaObjectId.SchemaType.castForQuery (/Users/keshavv/Desktop/dodo/dodo_be/node_modules/.pnpm/mongoose@8.9.5/node_modules/mongoose/lib/schemaType.js:1673:17)\n    at /Users/keshavv/Desktop/dodo/dodo_be/node_modules/.pnpm/mongoose@8.9.5/node_modules/mongoose/lib/schemaType.js:1634:18\n    at Array.map (<anonymous>)\n    at SchemaObjectId.handle$in (/Users/keshavv/Desktop/dodo/dodo_be/node_modules/.pnpm/mongoose@8.9.5/node_modules/mongoose/lib/schemaType.js:1630:14)\n    at SchemaObjectId.SchemaType.castForQuery (/Users/keshavv/Desktop/dodo/dodo_be/node_modules/.pnpm/mongoose@8.9.5/node_modules/mongoose/lib/schemaType.js:1669:20)\n    at cast (/Users/keshavv/Desktop/dodo/dodo_be/node_modules/.pnpm/mongoose@8.9.5/node_modules/mongoose/lib/cast.js:367:39)\n    at model.Query.Query.cast (/Users/keshavv/Desktop/dodo/dodo_be/node_modules/.pnpm/mongoose@8.9.5/node_modules/mongoose/lib/query.js:4889:12)\n    at model.Query.Query._castConditions (/Users/keshavv/Desktop/dodo/dodo_be/node_modules/.pnpm/mongoose@8.9.5/node_modules/mongoose/lib/query.js:2306:10)","stringValue":"\"d01f0dc7-0584-4372-88a9-e549b76dcbde\"","timestamp":"2025-02-25T11:04:33.820Z","value":"d01f0dc7-0584-4372-88a9-e549b76dcbde","valueType":"string"}
{"code":"ENOENT","errno":-2,"level":"error","message":"Error deleting file https://dodo-profile-audio.s3.ap-south-1.amazonaws.com/block-images/1740481123583-onboardingImg.png: ENOENT: no such file or directory, unlink 'https://dodo-profile-audio.s3.ap-south-1.amazonaws.com/block-images/1740481123583-onboardingImg.png'","path":"https://dodo-profile-audio.s3.ap-south-1.amazonaws.com/block-images/1740481123583-onboardingImg.png","stack":"Error: ENOENT: no such file or directory, unlink 'https://dodo-profile-audio.s3.ap-south-1.amazonaws.com/block-images/1740481123583-onboardingImg.png'\n    at Object.unlink (node:internal/fs/promises:1066:10)\n    at Function.deleteFile (/Users/keshavv/Desktop/dodo/dodo_be/src/utils/fileManager.ts:9:13)\n    at /Users/keshavv/Desktop/dodo/dodo_be/src/controllers/block/blockController.ts:520:15\n    at ClientSession.withTransaction (/Users/keshavv/Desktop/dodo/dodo_be/node_modules/.pnpm/mongodb@6.12.0/node_modules/mongodb/src/sessions.ts:782:20)\n    at deleteBlock (/Users/keshavv/Desktop/dodo/dodo_be/src/controllers/block/blockController.ts:476:7)","syscall":"unlink","timestamp":"2025-02-25T11:05:26.043Z"}
{"code":"ENOENT","errno":-2,"level":"error","message":"Error deleting file https://dodo-profile-audio.s3.ap-south-1.amazonaws.com/block-images/1740481510822-onboardingImg.png: ENOENT: no such file or directory, unlink 'https://dodo-profile-audio.s3.ap-south-1.amazonaws.com/block-images/1740481510822-onboardingImg.png'","path":"https://dodo-profile-audio.s3.ap-south-1.amazonaws.com/block-images/1740481510822-onboardingImg.png","stack":"Error: ENOENT: no such file or directory, unlink 'https://dodo-profile-audio.s3.ap-south-1.amazonaws.com/block-images/1740481510822-onboardingImg.png'\n    at Object.unlink (node:internal/fs/promises:1066:10)\n    at Function.deleteFile (/Users/keshavv/Desktop/dodo/dodo_be/src/utils/fileManager.ts:9:13)\n    at /Users/keshavv/Desktop/dodo/dodo_be/src/controllers/block/blockController.ts:520:15\n    at ClientSession.withTransaction (/Users/keshavv/Desktop/dodo/dodo_be/node_modules/.pnpm/mongodb@6.12.0/node_modules/mongodb/src/sessions.ts:782:20)\n    at deleteBlock (/Users/keshavv/Desktop/dodo/dodo_be/src/controllers/block/blockController.ts:476:7)","syscall":"unlink","timestamp":"2025-02-25T11:05:26.462Z"}
{"kind":"ObjectId","level":"error","message":"Error in reorderBlocks: Cast to ObjectId failed for value \"4ced45e8-1f99-4edf-8bf4-bcc90e3cabf5\" (type string) at path \"_id\" for model \"Block\"","path":"_id","reason":{},"stack":"CastError: Cast to ObjectId failed for value \"4ced45e8-1f99-4edf-8bf4-bcc90e3cabf5\" (type string) at path \"_id\" for model \"Block\"\n    at SchemaObjectId.cast (/Users/keshavv/Desktop/dodo/dodo_be/node_modules/.pnpm/mongoose@8.9.5/node_modules/mongoose/lib/schema/objectId.js:250:11)\n    at SchemaObjectId.SchemaType.applySetters (/Users/keshavv/Desktop/dodo/dodo_be/node_modules/.pnpm/mongoose@8.9.5/node_modules/mongoose/lib/schemaType.js:1255:12)\n    at SchemaObjectId.SchemaType.castForQuery (/Users/keshavv/Desktop/dodo/dodo_be/node_modules/.pnpm/mongoose@8.9.5/node_modules/mongoose/lib/schemaType.js:1673:17)\n    at /Users/keshavv/Desktop/dodo/dodo_be/node_modules/.pnpm/mongoose@8.9.5/node_modules/mongoose/lib/schemaType.js:1634:18\n    at Array.map (<anonymous>)\n    at SchemaObjectId.handle$in (/Users/keshavv/Desktop/dodo/dodo_be/node_modules/.pnpm/mongoose@8.9.5/node_modules/mongoose/lib/schemaType.js:1630:14)\n    at SchemaObjectId.SchemaType.castForQuery (/Users/keshavv/Desktop/dodo/dodo_be/node_modules/.pnpm/mongoose@8.9.5/node_modules/mongoose/lib/schemaType.js:1669:20)\n    at cast (/Users/keshavv/Desktop/dodo/dodo_be/node_modules/.pnpm/mongoose@8.9.5/node_modules/mongoose/lib/cast.js:367:39)\n    at model.Query.Query.cast (/Users/keshavv/Desktop/dodo/dodo_be/node_modules/.pnpm/mongoose@8.9.5/node_modules/mongoose/lib/query.js:4889:12)\n    at model.Query.Query._castConditions (/Users/keshavv/Desktop/dodo/dodo_be/node_modules/.pnpm/mongoose@8.9.5/node_modules/mongoose/lib/query.js:2306:10)","stringValue":"\"4ced45e8-1f99-4edf-8bf4-bcc90e3cabf5\"","timestamp":"2025-02-25T11:06:08.748Z","value":"4ced45e8-1f99-4edf-8bf4-bcc90e3cabf5","valueType":"string"}
{"_message":"Badge validation failed","errors":{"backgroundColor":{"kind":"required","message":"Path `backgroundColor` is required.","name":"ValidatorError","path":"backgroundColor","properties":{"message":"Path `backgroundColor` is required.","path":"backgroundColor","type":"required","value":""},"value":""},"color":{"kind":"required","message":"Path `color` is required.","name":"ValidatorError","path":"color","properties":{"message":"Path `color` is required.","path":"color","type":"required","value":""},"value":""},"text":{"kind":"required","message":"Path `text` is required.","name":"ValidatorError","path":"text","properties":{"message":"Path `text` is required.","path":"text","type":"required","value":""},"value":""}},"level":"error","message":"Error in createBlock: Badge validation failed: text: Path `text` is required., color: Path `color` is required., backgroundColor: Path `backgroundColor` is required.","stack":"ValidationError: Badge validation failed: text: Path `text` is required., color: Path `color` is required., backgroundColor: Path `backgroundColor` is required.\n    at model.Document.invalidate (/Users/keshavv/Desktop/dodo/dodo_be/node_modules/.pnpm/mongoose@8.9.5/node_modules/mongoose/lib/document.js:3334:32)\n    at /Users/keshavv/Desktop/dodo/dodo_be/node_modules/.pnpm/mongoose@8.9.5/node_modules/mongoose/lib/document.js:3095:17\n    at /Users/keshavv/Desktop/dodo/dodo_be/node_modules/.pnpm/mongoose@8.9.5/node_modules/mongoose/lib/schemaType.js:1407:9\n    at processTicksAndRejections (node:internal/process/task_queues:77:11)","timestamp":"2025-02-25T11:11:00.280Z"}
{"_message":"Badge validation failed","errors":{"backgroundColor":{"kind":"required","message":"Path `backgroundColor` is required.","name":"ValidatorError","path":"backgroundColor","properties":{"message":"Path `backgroundColor` is required.","path":"backgroundColor","type":"required","value":""},"value":""},"color":{"kind":"required","message":"Path `color` is required.","name":"ValidatorError","path":"color","properties":{"message":"Path `color` is required.","path":"color","type":"required","value":""},"value":""},"text":{"kind":"required","message":"Path `text` is required.","name":"ValidatorError","path":"text","properties":{"message":"Path `text` is required.","path":"text","type":"required","value":""},"value":""}},"level":"error","message":"Error in createBlock: Badge validation failed: text: Path `text` is required., color: Path `color` is required., backgroundColor: Path `backgroundColor` is required.","stack":"ValidationError: Badge validation failed: text: Path `text` is required., color: Path `color` is required., backgroundColor: Path `backgroundColor` is required.\n    at model.Document.invalidate (/Users/keshavv/Desktop/dodo/dodo_be/node_modules/.pnpm/mongoose@8.9.5/node_modules/mongoose/lib/document.js:3334:32)\n    at /Users/keshavv/Desktop/dodo/dodo_be/node_modules/.pnpm/mongoose@8.9.5/node_modules/mongoose/lib/document.js:3095:17\n    at /Users/keshavv/Desktop/dodo/dodo_be/node_modules/.pnpm/mongoose@8.9.5/node_modules/mongoose/lib/schemaType.js:1407:9\n    at processTicksAndRejections (node:internal/process/task_queues:77:11)","timestamp":"2025-02-25T11:13:08.078Z"}
{"code":"ENOENT","errno":-2,"level":"error","message":"Error deleting file https://dodo-profile-audio.s3.ap-south-1.amazonaws.com/block-images/1740482243110-Suppliers.png: ENOENT: no such file or directory, unlink 'https://dodo-profile-audio.s3.ap-south-1.amazonaws.com/block-images/1740482243110-Suppliers.png'","path":"https://dodo-profile-audio.s3.ap-south-1.amazonaws.com/block-images/1740482243110-Suppliers.png","stack":"Error: ENOENT: no such file or directory, unlink 'https://dodo-profile-audio.s3.ap-south-1.amazonaws.com/block-images/1740482243110-Suppliers.png'\n    at Object.unlink (node:internal/fs/promises:1066:10)\n    at Function.deleteFile (/Users/keshavv/Desktop/dodo/dodo_be/src/utils/fileManager.ts:9:13)\n    at /Users/keshavv/Desktop/dodo/dodo_be/src/controllers/block/blockController.ts:507:15\n    at ClientSession.withTransaction (/Users/keshavv/Desktop/dodo/dodo_be/node_modules/.pnpm/mongodb@6.12.0/node_modules/mongodb/src/sessions.ts:782:20)\n    at deleteBlock (/Users/keshavv/Desktop/dodo/dodo_be/src/controllers/block/blockController.ts:476:7)","syscall":"unlink","timestamp":"2025-02-25T11:20:44.154Z"}
{"code":"ENOENT","errno":-2,"level":"error","message":"Error deleting file https://dodo-profile-audio.s3.ap-south-1.amazonaws.com/block-images/1740482525392-Suppliers.png: ENOENT: no such file or directory, unlink 'https://dodo-profile-audio.s3.ap-south-1.amazonaws.com/block-images/1740482525392-Suppliers.png'","path":"https://dodo-profile-audio.s3.ap-south-1.amazonaws.com/block-images/1740482525392-Suppliers.png","stack":"Error: ENOENT: no such file or directory, unlink 'https://dodo-profile-audio.s3.ap-south-1.amazonaws.com/block-images/1740482525392-Suppliers.png'\n    at Object.unlink (node:internal/fs/promises:1066:10)\n    at Function.deleteFile (/Users/keshavv/Desktop/dodo/dodo_be/src/utils/fileManager.ts:9:13)\n    at /Users/keshavv/Desktop/dodo/dodo_be/src/controllers/block/blockController.ts:507:15\n    at ClientSession.withTransaction (/Users/keshavv/Desktop/dodo/dodo_be/node_modules/.pnpm/mongodb@6.12.0/node_modules/mongodb/src/sessions.ts:782:20)\n    at deleteBlock (/Users/keshavv/Desktop/dodo/dodo_be/src/controllers/block/blockController.ts:476:7)","syscall":"unlink","timestamp":"2025-02-25T11:25:15.863Z"}
{"level":"info","message":"MongoDB Connected Successfully","timestamp":"2025-02-25T11:28:00.225Z"}
{"level":"info","message":"Server running on port 3002","timestamp":"2025-02-25T11:28:00.237Z"}
{"level":"info","message":"MongoDB Connected Successfully","timestamp":"2025-02-25T11:28:48.046Z"}
{"level":"info","message":"Server running on port 3002","timestamp":"2025-02-25T11:28:48.054Z"}
{"level":"info","message":"MongoDB Connected Successfully","timestamp":"2025-02-25T11:30:36.431Z"}
{"level":"info","message":"Server running on port 3002","timestamp":"2025-02-25T11:30:36.438Z"}
{"level":"info","message":"MongoDB Connected Successfully","timestamp":"2025-02-25T11:31:44.723Z"}
{"level":"info","message":"Server running on port 3002","timestamp":"2025-02-25T11:31:44.728Z"}
{"level":"info","message":"MongoDB Connected Successfully","timestamp":"2025-02-25T11:32:09.313Z"}
{"level":"info","message":"Server running on port 3002","timestamp":"2025-02-25T11:32:09.325Z"}
{"level":"info","message":"MongoDB Connected Successfully","timestamp":"2025-02-25T11:32:43.842Z"}
{"level":"info","message":"Server running on port 3002","timestamp":"2025-02-25T11:32:43.848Z"}
{"level":"info","message":"MongoDB Connected Successfully","timestamp":"2025-02-25T11:35:20.709Z"}
{"level":"info","message":"Server running on port 3002","timestamp":"2025-02-25T11:35:20.720Z"}
{"level":"info","message":"MongoDB Connected Successfully","timestamp":"2025-02-25T11:35:26.033Z"}
{"level":"info","message":"Server running on port 3002","timestamp":"2025-02-25T11:35:26.041Z"}
{"level":"info","message":"MongoDB Connected Successfully","timestamp":"2025-02-25T11:35:56.057Z"}
{"level":"info","message":"Server running on port 3002","timestamp":"2025-02-25T11:35:56.063Z"}
{"level":"info","message":"MongoDB Connected Successfully","timestamp":"2025-02-25T11:36:27.880Z"}
{"level":"info","message":"Server running on port 3002","timestamp":"2025-02-25T11:36:27.885Z"}
{"level":"info","message":"MongoDB Connected Successfully","timestamp":"2025-02-25T11:36:37.000Z"}
{"level":"info","message":"Server running on port 3002","timestamp":"2025-02-25T11:36:37.005Z"}
{"level":"info","message":"MongoDB Connected Successfully","timestamp":"2025-02-25T11:37:21.333Z"}
{"level":"info","message":"Server running on port 3002","timestamp":"2025-02-25T11:37:21.341Z"}
{"level":"info","message":"MongoDB Connected Successfully","timestamp":"2025-02-25T11:37:24.282Z"}
{"level":"info","message":"Server running on port 3002","timestamp":"2025-02-25T11:37:24.306Z"}
{"level":"info","message":"MongoDB Connected Successfully","timestamp":"2025-02-25T11:37:29.012Z"}
{"level":"info","message":"Server running on port 3002","timestamp":"2025-02-25T11:37:29.063Z"}
{"level":"info","message":"MongoDB Connected Successfully","timestamp":"2025-02-25T11:38:51.109Z"}
{"level":"info","message":"Server running on port 3002","timestamp":"2025-02-25T11:38:51.125Z"}
{"level":"info","message":"MongoDB Connected Successfully","timestamp":"2025-02-25T11:41:09.088Z"}
{"level":"info","message":"Server running on port 3002","timestamp":"2025-02-25T11:41:09.097Z"}
{"level":"info","message":"MongoDB Connected Successfully","timestamp":"2025-02-25T11:48:00.283Z"}
{"level":"info","message":"Server running on port 3002","timestamp":"2025-02-25T11:48:00.297Z"}
{"level":"info","message":"MongoDB Connected Successfully","timestamp":"2025-02-25T11:48:35.491Z"}
{"level":"info","message":"Server running on port 3002","timestamp":"2025-02-25T11:48:35.497Z"}
{"level":"info","message":"MongoDB Connected Successfully","timestamp":"2025-02-25T11:49:08.651Z"}
{"level":"info","message":"Server running on port 3002","timestamp":"2025-02-25T11:49:08.656Z"}
{"level":"info","message":"MongoDB Connected Successfully","timestamp":"2025-02-25T11:50:19.830Z"}
{"level":"info","message":"Server running on port 3002","timestamp":"2025-02-25T11:50:19.834Z"}
{"level":"info","message":"MongoDB Connected Successfully","timestamp":"2025-02-25T11:50:29.278Z"}
{"level":"info","message":"Server running on port 3002","timestamp":"2025-02-25T11:50:29.285Z"}
{"level":"info","message":"MongoDB Connected Successfully","timestamp":"2025-02-25T11:50:40.399Z"}
{"level":"info","message":"Server running on port 3002","timestamp":"2025-02-25T11:50:40.402Z"}
{"level":"info","message":"MongoDB Connected Successfully","timestamp":"2025-02-25T11:50:48.603Z"}
{"level":"info","message":"Server running on port 3002","timestamp":"2025-02-25T11:50:48.610Z"}
{"code":"ENOENT","errno":-2,"level":"error","message":"Error deleting file https://dodo-profile-audio.s3.ap-south-1.amazonaws.com/block-images/1740483544890-VoiceAIDashboard.png: ENOENT: no such file or directory, unlink 'https://dodo-profile-audio.s3.ap-south-1.amazonaws.com/block-images/1740483544890-VoiceAIDashboard.png'","path":"https://dodo-profile-audio.s3.ap-south-1.amazonaws.com/block-images/1740483544890-VoiceAIDashboard.png","stack":"Error: ENOENT: no such file or directory, unlink 'https://dodo-profile-audio.s3.ap-south-1.amazonaws.com/block-images/1740483544890-VoiceAIDashboard.png'\n    at Object.unlink (node:internal/fs/promises:1066:10)\n    at Function.deleteFile (/Users/keshavv/Desktop/dodo/dodo_be/src/utils/fileManager.ts:9:13)\n    at /Users/keshavv/Desktop/dodo/dodo_be/src/controllers/block/blockController.ts:509:15\n    at ClientSession.withTransaction (/Users/keshavv/Desktop/dodo/dodo_be/node_modules/.pnpm/mongodb@6.12.0/node_modules/mongodb/src/sessions.ts:782:20)\n    at deleteBlock (/Users/keshavv/Desktop/dodo/dodo_be/src/controllers/block/blockController.ts:478:7)","syscall":"unlink","timestamp":"2025-02-25T11:50:55.079Z"}
{"level":"info","message":"MongoDB Connected Successfully","timestamp":"2025-02-25T11:51:31.239Z"}
{"level":"info","message":"Server running on port 3002","timestamp":"2025-02-25T11:51:31.253Z"}
{"code":"ENOENT","errno":-2,"level":"error","message":"Error deleting file https://dodo-profile-audio.s3.ap-south-1.amazonaws.com/block-images/1740484323479-Suppliers.png: ENOENT: no such file or directory, unlink 'https://dodo-profile-audio.s3.ap-south-1.amazonaws.com/block-images/1740484323479-Suppliers.png'","path":"https://dodo-profile-audio.s3.ap-south-1.amazonaws.com/block-images/1740484323479-Suppliers.png","stack":"Error: ENOENT: no such file or directory, unlink 'https://dodo-profile-audio.s3.ap-south-1.amazonaws.com/block-images/1740484323479-Suppliers.png'\n    at Object.unlink (node:internal/fs/promises:1066:10)\n    at Function.deleteFile (/Users/keshavv/Desktop/dodo/dodo_be/src/utils/fileManager.ts:9:13)\n    at /Users/keshavv/Desktop/dodo/dodo_be/src/controllers/block/blockController.ts:509:15\n    at ClientSession.withTransaction (/Users/keshavv/Desktop/dodo/dodo_be/node_modules/.pnpm/mongodb@6.12.0/node_modules/mongodb/src/sessions.ts:782:20)\n    at deleteBlock (/Users/keshavv/Desktop/dodo/dodo_be/src/controllers/block/blockController.ts:478:7)","syscall":"unlink","timestamp":"2025-02-25T11:53:12.577Z"}
{"level":"error","message":"MongoDB connection error: Could not connect to any servers in your MongoDB Atlas cluster. One common reason is that you're trying to access the database from an IP that isn't whitelisted. Make sure your current IP address is on your Atlas cluster's IP whitelist: https://www.mongodb.com/docs/atlas/security-whitelist/","reason":{"commonWireVersion":0,"compatible":true,"heartbeatFrequencyMS":10000,"localThresholdMS":15,"logicalSessionTimeoutMinutes":null,"maxElectionId":null,"maxSetVersion":null,"servers":{"dodo-cluster-shard-00-00.lkk05.mongodb.net:27017":{"$clusterTime":null,"address":"dodo-cluster-shard-00-00.lkk05.mongodb.net:27017","arbiters":[],"electionId":null,"error":null,"hosts":[],"iscryptd":false,"lastUpdateTime":89047095,"lastWriteDate":0,"logicalSessionTimeoutMinutes":null,"maxBsonObjectSize":null,"maxMessageSizeBytes":null,"maxWireVersion":0,"maxWriteBatchSize":null,"me":null,"minRoundTripTime":0,"minWireVersion":0,"passives":[],"primary":null,"roundTripTime":-1,"setName":null,"setVersion":null,"tags":{},"topologyVersion":null,"type":"Unknown"},"dodo-cluster-shard-00-01.lkk05.mongodb.net:27017":{"$clusterTime":null,"address":"dodo-cluster-shard-00-01.lkk05.mongodb.net:27017","arbiters":[],"electionId":null,"error":null,"hosts":[],"iscryptd":false,"lastUpdateTime":89047095,"lastWriteDate":0,"logicalSessionTimeoutMinutes":null,"maxBsonObjectSize":null,"maxMessageSizeBytes":null,"maxWireVersion":0,"maxWriteBatchSize":null,"me":null,"minRoundTripTime":0,"minWireVersion":0,"passives":[],"primary":null,"roundTripTime":-1,"setName":null,"setVersion":null,"tags":{},"topologyVersion":null,"type":"Unknown"},"dodo-cluster-shard-00-02.lkk05.mongodb.net:27017":{"$clusterTime":null,"address":"dodo-cluster-shard-00-02.lkk05.mongodb.net:27017","arbiters":[],"electionId":null,"error":null,"hosts":[],"iscryptd":false,"lastUpdateTime":89047095,"lastWriteDate":0,"logicalSessionTimeoutMinutes":null,"maxBsonObjectSize":null,"maxMessageSizeBytes":null,"maxWireVersion":0,"maxWriteBatchSize":null,"me":null,"minRoundTripTime":0,"minWireVersion":0,"passives":[],"primary":null,"roundTripTime":-1,"setName":null,"setVersion":null,"tags":{},"topologyVersion":null,"type":"Unknown"}},"setName":"atlas-dr29jl-shard-0","stale":false,"type":"ReplicaSetNoPrimary"},"stack":"MongooseServerSelectionError: Could not connect to any servers in your MongoDB Atlas cluster. One common reason is that you're trying to access the database from an IP that isn't whitelisted. Make sure your current IP address is on your Atlas cluster's IP whitelist: https://www.mongodb.com/docs/atlas/security-whitelist/\n    at _handleConnectionErrors (/Users/keshavv/Desktop/dodo/dodo_be/node_modules/.pnpm/mongoose@8.9.5/node_modules/mongoose/lib/connection.js:1110:11)\n    at NativeConnection.openUri (/Users/keshavv/Desktop/dodo/dodo_be/node_modules/.pnpm/mongoose@8.9.5/node_modules/mongoose/lib/connection.js:1041:11)\n    at connectDB (/Users/keshavv/Desktop/dodo/dodo_be/src/config/database.ts:11:9)","timestamp":"2025-02-25T11:54:28.744Z"}
{"level":"info","message":"MongoDB Connected Successfully","timestamp":"2025-02-25T11:54:45.595Z"}
{"level":"info","message":"Server running on port 3002","timestamp":"2025-02-25T11:54:45.601Z"}
{"level":"info","message":"MongoDB Connected Successfully","timestamp":"2025-02-25T11:55:38.023Z"}
{"level":"info","message":"Server running on port 3002","timestamp":"2025-02-25T11:55:38.029Z"}
{"level":"info","message":"MongoDB Connected Successfully","timestamp":"2025-02-25T11:58:25.715Z"}
{"level":"info","message":"Server running on port 3002","timestamp":"2025-02-25T11:58:25.727Z"}
{"level":"info","message":"MongoDB Connected Successfully","timestamp":"2025-02-25T11:59:43.518Z"}
{"level":"info","message":"Server running on port 3002","timestamp":"2025-02-25T11:59:43.533Z"}
{"level":"info","message":"MongoDB Connected Successfully","timestamp":"2025-02-25T12:03:48.729Z"}
{"level":"info","message":"Server running on port 3002","timestamp":"2025-02-25T12:03:48.743Z"}
{"level":"warn","message":"MongoDB disconnected. Attempting to reconnect...","timestamp":"2025-02-25T12:04:59.231Z"}
{"level":"warn","message":"MongoDB disconnected. Attempting to reconnect...","timestamp":"2025-02-25T12:40:43.107Z"}
{"level":"info","message":"MongoDB Connected Successfully","timestamp":"2025-02-25T12:42:24.312Z"}
{"level":"info","message":"Server running on port 3002","timestamp":"2025-02-25T12:42:24.324Z"}
{"level":"info","message":"MongoDB Connected Successfully","timestamp":"2025-02-25T12:42:31.430Z"}
{"level":"info","message":"Server running on port 3002","timestamp":"2025-02-25T12:42:31.436Z"}
{"level":"info","message":"MongoDB Connected Successfully","timestamp":"2025-02-25T12:43:47.851Z"}
{"level":"info","message":"Server running on port 3002","timestamp":"2025-02-25T12:43:47.859Z"}
{"level":"info","message":"MongoDB Connected Successfully","timestamp":"2025-02-25T12:43:56.021Z"}
{"level":"info","message":"Server running on port 3002","timestamp":"2025-02-25T12:43:56.029Z"}
{"level":"info","message":"MongoDB Connected Successfully","timestamp":"2025-02-25T12:43:59.014Z"}
{"level":"info","message":"Server running on port 3002","timestamp":"2025-02-25T12:43:59.021Z"}
{"level":"info","message":"MongoDB Connected Successfully","timestamp":"2025-02-25T12:44:56.316Z"}
{"level":"info","message":"Server running on port 3002","timestamp":"2025-02-25T12:44:56.321Z"}
{"level":"info","message":"MongoDB Connected Successfully","timestamp":"2025-02-25T12:44:58.153Z"}
{"level":"info","message":"Server running on port 3002","timestamp":"2025-02-25T12:44:58.161Z"}
{"level":"info","message":"MongoDB Connected Successfully","timestamp":"2025-02-25T12:46:10.978Z"}
{"level":"info","message":"Server running on port 3002","timestamp":"2025-02-25T12:46:10.980Z"}
{"level":"info","message":"MongoDB Connected Successfully","timestamp":"2025-02-25T12:46:15.040Z"}
{"level":"info","message":"Server running on port 3002","timestamp":"2025-02-25T12:46:15.044Z"}
{"level":"info","message":"MongoDB Connected Successfully","timestamp":"2025-02-25T12:46:25.447Z"}
{"level":"info","message":"Server running on port 3002","timestamp":"2025-02-25T12:46:25.452Z"}
{"level":"info","message":"MongoDB Connected Successfully","timestamp":"2025-02-25T12:46:49.451Z"}
{"level":"info","message":"Server running on port 3002","timestamp":"2025-02-25T12:46:49.455Z"}
{"level":"info","message":"MongoDB Connected Successfully","timestamp":"2025-02-25T12:47:54.229Z"}
{"level":"info","message":"Server running on port 3002","timestamp":"2025-02-25T12:47:54.232Z"}
{"level":"info","message":"MongoDB Connected Successfully","timestamp":"2025-02-25T12:47:58.237Z"}
{"level":"info","message":"Server running on port 3002","timestamp":"2025-02-25T12:47:58.246Z"}
{"level":"info","message":"MongoDB Connected Successfully","timestamp":"2025-02-25T12:49:44.903Z"}
{"level":"info","message":"Server running on port 3002","timestamp":"2025-02-25T12:49:44.911Z"}
{"level":"info","message":"MongoDB Connected Successfully","timestamp":"2025-02-25T13:01:41.187Z"}
{"level":"info","message":"Server running on port 3002","timestamp":"2025-02-25T13:01:41.200Z"}
{"level":"info","message":"MongoDB Connected Successfully","timestamp":"2025-02-25T13:02:11.575Z"}
{"level":"info","message":"Server running on port 3002","timestamp":"2025-02-25T13:02:11.581Z"}
{"level":"info","message":"MongoDB Connected Successfully","timestamp":"2025-02-25T13:04:55.498Z"}
{"level":"info","message":"Server running on port 3002","timestamp":"2025-02-25T13:04:55.500Z"}
{"level":"info","message":"MongoDB Connected Successfully","timestamp":"2025-02-25T13:07:54.207Z"}
{"level":"info","message":"Server running on port 3002","timestamp":"2025-02-25T13:07:54.219Z"}
